Household_ID;era;n_days;Weather_ID;hdd_raw_day;hdd_p6_day;hdd_normal_day;def_p6;def_normal;env_p6;env_normal;bin;raw_over_normal;p6_over_normal;def_ratio;rank_p6;rank_normal
120701;1976_1990;576;Hg;3.52981418578905;3.692274252917416;3.7172538605042673;1811.1505840212312;1823.4036908520143;1811.1505840212312;1823.4036908520143;548-730;0.9495757670180238;0.9932800910230375;1.0067653716587044;20.0;22.5
706646;2001_2010;939;8jB;3.790436125387785;3.4086655803846986;3.723456018059466;2452.5054593402874;2501.4278003539785;529.748937601157;578.671278614848;730-1095;1.0179886930323476;0.9154574577629024;1.0199479030015497;3.0;3.0
1078861;pre1975;393;8jB;0.5341745952723385;0.42665702497790614;3.723456018059466;317.22313877751776;2768.421322044391;285.83483017677764;2494.494069675382;365-548;0.14346203975056793;0.11458629373048557;8.727047253592696;37.0;33.0
190821;post2010;1292;Hg;3.9551401545744156;3.6723678315454187;3.7172538605042673;-70.47891725272848;-71.3403556668277;-70.4789172527288;-71.3403556668277;1095+;1.0639951703588728;0.9879249492654345;1.0122226397294132;5.0;2.0
105898;1976_1990;789;Hg;3.7449600944141364;3.3677698690774602;3.7172538605042673;1137.8167550970188;1255.8915513397126;1137.8167550970188;1255.8915513397126;730-1095;1.0074534145230831;0.9059832864416213;1.1037731213868667;49.0;55.0
1178890;2001_2010;180;Hg;3.9353222222222226;3.1432286119985804;3.7172538605042673;432.84521111821095;511.89262081923334;432.845211118211;511.89262081923334;<365;1.0586638335452216;0.8455781418092826;1.1826228121984106;25.0;24.0
731201;1976_1990;539;MqO;5.612336116264688;4.4826965784861725;5.348647862061662;2510.892816973287;2995.938106055238;2145.5022437874295;2559.962689501834;365-548;1.049299984033981;0.838099028781135;1.193176421471722;9.0;5.0
1228011;2001_2010;678;8jB;3.1753181993074255;3.321462551576805;3.723456018059466;1722.2868207015717;1756.2015128138478;280.2194293972238;314.1341215095002;548-730;0.852787889505484;0.8920375413237281;1.0196916632610944;13.0;13.0
114117;1991_2000;340;8jB;3.053833546462063;2.439164174490466;3.723456018059466;1774.511577892436;2202.6502401884377;813.133317022871;1241.2719793188726;<365;0.8201610363195894;0.6550806999357742;1.2412712701511344;8.0;7.0
8627071;2001_2010;270;z6I;3.314391975308642;2.6472779355500333;3.628140633646451;2015.7422940976749;2228.2988622719763;395.07985510841866;541.4638397445726;<365;0.9135235675739292;0.7296514118002628;1.1054482851288538;8.0;8.0
867211;1991_2000;718;8jB;3.190704069274555;3.3375565578185724;3.723456018059466;2412.948738052656;2580.784175128423;1212.7802560991702;1353.0059685663095;548-730;0.8569200371372824;0.896359871482513;1.0695561552671926;5.0;4.0
1114677;post2010;500;MqO;6.703276086956522;5.354054382553133;5.348647862061662;1261.139233965353;1261.321935096168;-180.92815733899457;-180.74545620817958;365-548;1.253265546700753;1.0010108200485248;1.0001448699127697;1.0;1.0
611797;1976_1990;1130;z6I;3.7071054828780303;3.4420663722172984;3.628140633646451;2249.493121558602;2319.1271714053028;1288.1148606890376;1357.7489105357374;1095+;1.0217645502766015;0.9487136028566403;1.030955440218663;12.0;14.0
1137376;1976_1990;1678;8jB;3.471233024131558;3.2230575897228952;3.723456018059466;3897.056670035411;4128.948463798964;1493.6110178614977;1725.502811625052;1095+;0.9322610519086089;0.8656091475474549;1.0595043422248838;2.0;2.0
700831;1976_1990;836;ceOxS;3.998555786699951;3.595823549190603;3.7265776660533123;5045.256834210977;5193.757985317792;3661.8996713845195;3795.0564993049284;730-1095;1.0729833496089942;0.9649130841807501;1.0294338139735237;1.0;1.0
1191127;2001_2010;296;z6I;3.053555743243243;2.438942286935498;3.628140633646451;247.89602902064917;368.76709245117263;247.89602902064917;368.76709245117263;<365;0.8416310313126636;0.6722292582369518;1.487587735503642;34.0;30.0
121798;1976_1990;424;Hg;4.00597084358764;3.1996572233128115;3.7172538605042673;2298.5570235149207;2514.8674538404775;1182.757172069444;1374.0873965749865;365-548;1.0776694285399724;0.8607583295047703;1.09410705417035;11.0;11.0
114671;pre1975;571;z6I;2.5519838066956013;2.6694391283426793;3.628140633646451;2859.8534194090025;3886.9402516297314;2522.077365820452;3427.8554153861687;548-730;0.7033861320118504;0.7357595523136511;1.3591396766177546;24.0;17.0
1121037;2001_2010;683;8jB;3.165213380864473;3.310892657808026;3.723456018059466;267.8043028266002;301.1748329171421;267.80430282660035;301.1748329171421;548-730;0.8500740617084207;0.8891988093184318;1.1246078936683437;31.0;35.0
9880798;1991_2000;587;Hg;3.402035849196356;3.558614905017109;3.7172538605042673;2549.5473293818213;2577.488941971933;626.79080764269;654.7324202328026;548-730;0.9152013763017116;0.9573236153783595;1.0109594406301476;4.0;5.0
680861;1991_2000;543;Hg;3.917535871566979;3.1290222616349674;3.7172538605042673;1007.0610209769288;1196.3805799303625;1007.0610209769286;1196.3805799303625;365-548;1.0538790242955165;0.8417564091817225;1.1879921424918012;12.0;11.0
468185;1976_1990;1555;Hg;3.939773027634093;3.658099375704822;3.7172538605042673;2852.6410541307223;2883.2243337700756;1632.4200574388028;1658.8176364973178;1095+;1.0598611704984926;0.9840865092836515;1.010721040277769;5.0;8.0
781007;1976_1990;1552;Hg;3.981930020170327;3.697242358561121;3.7172538605042673;1481.0465288311093;1489.0627643426837;1481.0465288311095;1489.0627643426837;1095+;1.0712020673320801;0.994616589909081;1.0054125480567455;33.0;43.0
761079;1976_1990;1377;Hg;3.765477061033753;3.496264680625583;3.7172538605042673;2716.7314938580525;2888.448546089596;2267.2653707418503;2410.572917685902;1095+;1.0129728025954472;0.9405504202371839;1.0632072225833724;6.0;7.0
461089;1976_1990;1426;Hg;3.6829631075065556;3.419650053395131;3.7172538605042673;1677.4217642313783;1823.4036908520143;1677.4217642313781;1823.4036908520143;1095+;0.9907752458442373;0.9199398754356893;1.087027562020174;25.0;22.5
114109;1976_1990;1442;Hg;3.640544423003478;3.3802640882112143;3.7172538605042673;2034.0466025472651;2236.82747514725;1692.5886609736679;1861.3284554283548;1095+;0.9793639497383202;0.9093444287263882;1.0996933267635263;16.0;15.0
107114;1976_1990;1415;Hg;3.646595580478312;3.3858826188285165;3.7172538605042673;1132.2593581267865;1243.0718793036954;1132.2593581267868;1243.0718793036954;1095+;0.9809918066730127;0.9108559022033544;1.0978684966315821;51.0;56.0
671048;2001_2010;712;Hg;3.208740891141508;3.3564235262986486;3.7172538605042673;1412.3508481959852;1460.8323905661791;450.9725873264196;499.4541296966138;548-730;0.8632019796211129;0.9029309410262688;1.0343268405524875;16.0;16.0
109711;1991_2000;712;8jB;3.184779524914509;3.331359335684633;3.723456018059466;1300.1446030743787;1340.0169631215022;338.76634220481327;378.63870225193705;548-730;0.8553288959149042;0.8946954978189375;1.0306676349329449;10.0;10.0
7610179;1991_2000;1135;MqO;5.440884313349933;5.0518888703342;5.348647862061662;3220.6449187561648;3296.885719367455;870.6764920663825;921.8219318292588;1095+;1.0172448165717753;0.9445170070304321;1.0236725260109503;2.0;2.0
6569121;2001_2010;719;MqO;4.701064884803773;4.917431887870055;5.348647862061662;1950.2334840847197;1994.7952272356445;508.1660927803724;552.7278359312968;548-730;0.8789258530457313;0.9193785073700118;1.0228494400873434;10.0;10.0
5011111;pre1975;1150;MqO;5.584448865784499;5.185189290422005;5.348647862061662;7849.879750036855;8097.340365188216;7405.603584854087;7639.058781243118;1095+;1.0440860961132608;0.9694392721571595;1.031524128143517;2.0;2.0
5661171;2001_2010;561;HbsbG;3.6620680849414864;3.8306151516124336;3.836171410969115;718.4654354646154;719.5075605908046;718.4654354646163;719.5075605908046;548-730;0.9546153423880385;0.9985516133766094;1.00145048749007;20.0;21.0
110119;2001_2010;719;z6I;3.147466741246901;3.2923292272457125;3.628140633646451;1254.6106633535705;1284.519818448245;293.2324024840054;323.1415575786797;548-730;0.8675150880476068;0.9074425607192541;1.023839391747817;17.0;17.0
102766;2001_2010;719;MqO;4.701064884803773;4.917431887870055;5.348647862061662;1678.3773183076464;1741.2518947324445;716.9990574380811;779.8736338628793;548-730;0.8789258530457313;0.9193785073700118;1.0374615265226512;14.0;14.0
105900;2001_2010;537;MqO;5.580197082557418;4.457026423767906;5.348647862061662;3012.2653036837164;3134.0587600666304;608.8196515098027;730.6131078927172;365-548;1.0432911693697675;0.8332996560461402;1.0404325131103067;1.0;1.0
826780;pre1975;842;Hg;4.069792376673895;3.659885230821848;3.7172538605042673;2354.8775980422415;2391.7902585081465;2064.8856722989344;2097.2527149791363;730-1095;1.0948384289583613;0.9845669325165118;1.0156749805155871;33.0;36.0
698310;pre1975;503;Hg;3.574444694153917;2.8549877748833206;3.7172538605042673;2608.3493320613443;3396.1254438453834;2416.7407888282755;3146.6471086648294;365-548;0.9615820786770325;0.7680368040551379;1.3020209379552201;30.0;26.0
24611;pre1975;707;sV3mR;3.20565853883525;3.353199308405073;3.840567680106237;3070.93757257037;3517.280812767276;2730.3797369545605;3127.2248404322704;548-730;0.8346835170853116;0.8730999132691544;1.1453442896995518;22.0;23.0
6683113;pre1975;322;ceOxS;2.9318234989648033;2.341712059876041;3.7265776660533123;2144.594128595047;3412.8861183703434;1906.7650234929865;3034.40720689491;<365;0.7867335023423233;0.6283813916472231;1.5913902182536384;34.0;24.0
896968;1976_1990;344;Hg;3.077478113414223;2.4580496113532133;3.7172538605042673;1038.2050088458777;1570.054387552653;1038.2050088458777;1570.054387552653;<365;0.8278902192051917;0.6612541686942426;1.512277800795824;57.0;36.0
9981041;2001_2010;1168;z6I;3.859581931209053;3.583641533156038;3.628140633646451;574.8502017906872;581.9882809372059;574.8502017906876;581.9882809372059;1095+;1.0637906081744115;0.9877350122325084;1.0124172856237734;22.0;22.0
111710;1991_2000;1134;MqO;5.445682271298214;5.056343798791285;5.348647862061662;1812.553210466007;1917.335774586675;1812.5532104660085;1917.335774586675;1095+;1.0181418578562302;0.9453499144440392;1.0578093727211066;7.0;8.0
1027273;2001_2010;682;MqO;4.498153714565005;4.7051817097960305;5.348647862061662;2480.438310491727;2556.705153502302;557.6817887525957;633.9486317631716;548-730;0.8409889434805996;0.879695547573849;1.0307473250546013;2.0;2.0
6981151;pre1975;1059;z6I;3.45481657565929;3.1068494385425267;3.628140633646451;2722.105347677858;3178.8412075769634;2722.105347677858;3178.8412075769634;730-1095;0.9522278556735652;0.8563200140949326;1.1677877236781935;27.0;28.0
876511;1991_2000;412;MqO;3.7272330097087383;2.9770231706938803;5.348647862061662;5345.738542444475;6540.882695500746;1500.2254989662158;2695.3696520224853;365-548;0.6968551876720593;0.5565936003770442;1.2235695112222533;1.0;1.0
7412010;2001_2010;783;MqO;5.349812454883669;4.810982423456537;5.348647862061662;698.1438455288453;776.1669567931041;698.1438455288467;776.1669567931041;730-1095;1.0002177359310318;0.8994763812329423;1.1117579303519551;21.0;20.0
6810910;1976_1990;1238;MqO;5.8000396033808626;5.385366391254283;5.348647862061662;2142.528188237068;2127.9199929704373;1847.2384957144661;1834.643645948854;1095+;1.0843936174076731;1.006865011520588;0.9931817955316373;14.0;16.0
9889190;pre1975;1158;Hg;4.267574046957523;3.962464296153689;3.7172538605042673;3869.5598832392607;3630.0986808603093;3418.708225897023;3207.1472197210937;1095+;1.1480448220931032;1.0659654801235872;0.9381166826190851;14.0;21.0
6808461;post2010;1177;Hg;4.04060881878517;3.7517259227346056;3.7172538605042673;-83.5655875630282;-82.79776011664396;-83.56558756302836;-82.79776011664396;1095+;1.0869875909516273;1.0092735292029966;0.9908116789604917;7.0;7.0
6773102;pre1975;1438;8jB;3.6075248130454938;3.3496052117414057;3.723456018059466;2647.3255328656824;2942.7946172756892;2308.9646028205175;2566.6690855752304;1095+;0.96886462349718;0.8995957506937605;1.1116104085960925;28.0;31.0
4710670;pre1975;1154;Hg;4.089511767513124;3.797132560365018;3.7172538605042673;5230.315141599188;5120.287175303278;4911.154660600751;4807.840740723764;1095+;1.100143256548628;1.0214886318928766;0.9789634155271438;5.0;6.0
716869;1976_1990;1166;sV3mR;4.018784491759266;3.731461923639059;3.840567680106237;1513.8055742772694;1558.0683607415826;1513.805574277269;1558.0683607415826;1095+;1.0464037680096552;0.9715912423487977;1.0292394130504146;32.0;38.0
115508;pre1975;1217;HbsbG;4.068528187631738;3.777649199286665;3.836171410969115;2620.476559236784;2661.072198434175;2446.6308336610746;2484.5333068667283;1095+;1.0605699672330138;0.984744630671322;1.0154917009481719;29.0;34.0
781099;1976_1990;1454;wDD;3.983574447301796;3.698769217550414;4.052917477628678;1520.439381320908;1666.0177966744018;1369.1759448302587;1500.2712498041058;1095+;0.9828905891349523;0.912618931415926;1.0957475958212948;31.0;29.0
105768;pre1975;1158;Hg;3.819199262846987;3.546146019356534;3.7172538605042673;4009.4498885681055;4202.912963940112;3490.4468065103665;3658.867061751678;1095+;1.027424923389249;0.9539692881980029;1.0482517753678915;13.0;13.0
8010411;post2010;1126;z6I;3.732819001467295;3.465941505540664;3.628140633646451;-156.42930509556118;-163.74988360392186;-156.42930509556174;-163.74988360392186;1095+;1.02885179445639;0.9552941452705571;1.0467979992872092;18.0;18.0
7086681;2001_2010;1396;Hg;3.690164932934679;3.4263369850832675;3.7172538605042673;381.86382496500755;414.28638914324495;381.86382496500727;414.28638914324495;1095+;0.9927126506323909;0.9217387656753862;1.0849060897067389;26.0;27.0
868122;1976_1990;1537;Hg;4.067797912364572;3.7769711349717476;3.7172538605042673;2957.9766642520676;2911.2084211241354;2638.577905702543;2596.8596411546073;1095+;1.094301886557931;1.0160648900259341;0.9841891101802327;4.0;6.0
881223;1976_1990;1206;sV3mR;4.162011650683779;3.864449072129786;3.840567680106237;3339.7250567163915;3325.0274294118435;1862.6915575505507;1851.18055909397;1095+;1.083696994129954;1.0062181932497252;0.9955991505124082;3.0;3.0
118708;1991_2000;1395;Hg;3.6916632590514777;3.427728188534334;3.7172538605042673;457.8307089629293;496.5017284750222;457.830708962929;496.5017284750222;1095+;0.993115724022863;0.9221130213768458;1.0844657615905449;20.0;20.0
1037610;post2010;1240;8jB;4.067521353436185;3.7767143485944157;3.723456018059466;-88.30077789762981;-87.05558125798521;-88.30077789762923;-87.05558125798521;1095+;1.0924048340326669;1.0143034670684001;0.9858982370337869;9.0;8.0
6885841;post2010;1288;8jB;3.5361586270141325;3.2833413435600116;3.723456018059466;-93.67949813088171;-106.23674317883116;-93.67949813088208;-106.23674317883116;1095+;0.9496979714177083;0.8817994163581321;1.1340447515037435;10.0;11.0
2794690;1976_1990;1214;8jB;4.143672963971062;3.847421507865424;3.723456018059466;1185.8276205014113;1147.61977103642;1185.827620501411;1147.61977103642;1095+;1.1128566965403819;1.0332931258499367;0.9677795922405352;46.0;58.0
111119;1976_1990;1550;Hg;3.991898639551192;3.706498272563781;3.7172538605042673;1703.8163821141761;1708.760549245703;1703.8163821141763;1708.760549245703;1095+;1.0738837833931707;0.9971065769667323;1.0029018192238486;23.0;25.0
105807;1976_1990;1243;8jB;4.085178180419042;3.7931088026174953;3.723456018059466;1590.196590225079;1560.9958405847244;1392.4358060347827;1366.8665339006168;1095+;1.0971468873554986;1.0187064877952634;0.9816370190831427;29.0;37.0
7374981;post2010;1159;MqO;5.667892173412862;5.262666827681395;5.348647862061662;-139.80445840312223;-142.08857258668604;-139.80445840312305;-142.08857258668604;1095+;1.059686918934339;0.9839247158164708;1.0163379209050518;17.0;17.0
861116;1976_1990;1365;ceOxS;3.6950818920210224;3.430902406704756;3.7265776660533123;1327.6201590785058;1442.0344991905374;1327.6201590785051;1442.0344991905374;1095+;0.9915483382194886;0.9206576956541214;1.0861800262143098;42.0;45.0
108511;2001_2010;804;Hg;3.8221840976278028;3.437215915132916;3.7172538605042673;467.5602493680317;505.65346632128774;467.5602493680323;505.65346632128774;730-1095;1.0282278910887461;0.924665369684124;1.0814723172141858;24.0;25.0
86109;1976_1990;1434;Hg;4.173408803791967;3.8750313869934705;3.7172538605042673;1425.2920445156228;1367.259210494401;1425.2920445156221;1367.259210494401;1095+;1.1227128844048924;1.042444646615499;0.9592835487684603;38.0;51.0
1037311;1976_1990;1163;Hg;4.0756992660161755;3.7843075821877212;3.7172538605042673;946.8188737652681;930.0422963155585;946.8188737652686;930.0422963155585;1095+;1.0964274754867787;1.0180385102012801;0.9822811121381714;58.0;59.0
116121;pre1975;1241;wDD;4.43484774433895;4.117778778401997;4.052917477628678;10241.849133099233;10095.667551971334;8367.477535950098;8235.676993380916;1095+;1.0942358853390066;1.0160036075571093;0.9857270323719693;1.0;1.0
120741;1976_1990;1208;Hg;4.159824017420098;3.8624178434727;3.7172538605042673;1634.1554926989866;1572.7378704417727;1634.1554926989859;1572.7378704417727;1095+;1.1190583623082964;1.0390514041859762;0.962416292371434;27.0;35.0
114721;1976_1990;1520;Hg;3.913876902173913;3.6340546909692786;3.7172538605042673;1565.2476906059537;1601.082954257486;1386.2058496005352;1417.9420740932235;1095+;1.0528947037378213;0.9776181093201683;1.0228943085919262;30.0;33.0
815461;1976_1990;1142;8jB;4.031672339399477;3.7434283559883723;3.723456018059466;1385.4730037833533;1378.0810805537626;1385.473003783353;1378.0810805537626;1095+;1.0827769469667705;1.0053639247602326;0.9946646934228199;39.0;49.0
1678757;1976_1990;1437;wDD;3.9172788770889433;3.6372134420510154;4.052917477628678;1436.0289815648198;1600.1554625519648;1436.0289815648193;1600.1554625519648;1095+;0.9665330959022893;0.8974309154153105;1.114291900159493;37.0;34.0
971071;1976_1990;1566;Hg;3.9749183001092048;3.6907319406770704;3.7172538605042673;1685.7205499675651;1697.8342840441446;1685.7205499675656;1697.8342840441446;1095+;1.0693158038902362;0.9928651846706;1.0071860867311682;24.0;26.0
121728;post2010;1561;Hg;4.040116629065352;3.751268922066251;3.7172538605042673;-136.11515619563306;-134.88091639206243;-136.11515619563355;-134.88091639206243;1095+;1.0868551841431908;1.009150588805191;0.9909323852092069;16.0;16.0
114798;pre1975;1075;8jB;3.842205251095382;3.4552205495462065;3.723456018059466;4199.355851562996;4525.359985928845;3698.4402552623988;3985.557340963021;730-1095;1.0318922077929644;0.9279606185188527;1.0776319382994206;11.0;11.0
1081057;post2010;1199;8jB;4.140636484510039;3.844602121179238;3.723456018059466;-94.17391060237105;-91.2064247805802;-94.17391060237122;-91.2064247805802;1095+;1.1120411962507866;1.0325359296664685;0.9684893002445187;12.0;9.0
9776611;post2010;1246;8jB;4.107521919417498;3.813855078382078;3.723456018059466;-94.09560366830874;-91.86527399471484;-94.0956036683092;-91.86527399471484;1095+;1.1031476938347706;1.0242782672560544;0.9762971957600068;11.0;10.0
7411010;post2010;1553;Hg;3.947331224278395;3.6651171998870895;3.7172538605042673;-131.31038943439034;-133.17829292453274;-131.3103894343903;-133.17829292453274;1095+;1.0618944447724419;0.985974414830494;1.014225100528513;15.0;14.0
512280;post2010;1427;wDD;3.974448549201223;3.6902957745600955;4.052917477628678;-122.57445969880064;-134.61906588866313;-122.57445969880052;-134.61906588866313;1095+;0.9806389029975102;0.9105282293384496;1.0982635878588363;14.0;15.0
7710511;pre1975;1237;z6I;3.9634322519419354;3.6800670862970617;3.628140633646451;4209.28919034353;4149.89531226751;3742.31251258947;3689.5077650313765;1095+;1.0924141735813864;1.0143121388870813;0.985889808138563;10.0;14.0
823761;1991_2000;1546;Hg;3.976523539006693;3.692222413190987;3.7172538605042673;886.2994071437988;892.3080800868072;886.2994071437984;892.3080800868072;1095+;1.0697476385073292;0.9932661453178544;1.006779506896402;16.0;17.0
1101758;1976_1990;1518;Hg;3.897645734280422;3.6189839686911998;3.7172538605042673;828.5265452624253;851.0243553305471;828.526545262425;851.0243553305471;1095+;1.048528263214093;0.973563846995444;1.0271540003114756;60.0;61.0
1061168;post2010;962;HbsbG;3.67569336225858;3.3054796423188666;3.836171410969115;-63.04656117427476;-73.16862958109166;-63.046561174274835;-73.16862958109166;730-1095;0.9581671329253783;0.8616610907602322;1.1605490960694471;2.0;3.0
808112;1976_1990;1451;z6I;3.572368836085059;3.316962707599869;3.628140633646451;2220.9115000752845;2339.073498178174;1259.5332392057196;1377.6952373086085;1095+;0.9846279945589268;0.9142321212246303;1.0532042803591606;13.0;13.0
1019970;post2010;1361;Hg;3.7735851675558254;3.5037930989376282;3.7172538605042673;-69.30204354146599;-73.52411561443468;-69.30204354146579;-73.52411561443468;1095+;1.0151540113119732;0.9425756836694275;1.060922764426744;4.0;4.0
1148611;1991_2000;1358;Hg;3.4680180839256365;3.220072501323711;3.7172538605042673;2296.806041232276;2428.7782634541754;854.7386499279279;986.7108721498275;1095+;0.9329516395889033;0.8662503617352862;1.0574590191129478;6.0;6.0
7048688;1976_1990;981;Hg;4.43922752589047;3.9921110844338754;3.7172538605042673;834.4063934135479;776.9574346866673;834.4063934135479;776.9574346866673;730-1095;1.1942223190773047;1.0739409344220365;0.9311499058727756;59.0;62.0
109104;pre1975;1173;Hg;4.030666308363295;3.7424942510337003;3.7172538605042673;4553.042679683557;4528.819526219395;3132.605304975238;3111.4781699768855;1095+;1.0843128986128785;1.006790063707408;0.994679787744523;7.0;10.0
468646;1976_1990;666;z6I;3.180803031292162;3.327199823527366;3.628140633646451;1322.7737093052797;1442.4168364982029;1322.7737093052792;1442.4168364982029;548-730;0.8767033454530967;0.9170537086329464;1.090448673383265;44.0;44.0
1114639;1976_1990;646;z6I;3.2776545183290704;3.428508910386057;3.628140633646451;1346.068376615337;1424.445874435456;1346.0683766153372;1424.445874435456;548-730;0.9033978694025635;0.9449768508395016;1.0582269810224632;40.0;46.0
671781;pre1975;464;Hg;4.407009635807096;3.5199757474497573;3.7172538605042673;4111.849443335543;4234.537822988841;2189.0929215964106;2311.781301249711;365-548;1.1855551977849743;0.9469290717132383;1.0298377606826414;12.0;12.0
768113;1976_1990;908;wDD;4.278681374896252;3.847735049367133;4.052917477628678;1924.4339976732876;2027.0554192643149;1554.2271186545258;1637.1070701542872;730-1095;1.0557040449290536;0.9493741411232496;1.0533255085469808;17.0;18.0
122850;2001_2010;913;8jB;3.898378446592695;3.505736013122927;3.723456018059466;860.9196343260496;884.5334451989581;380.230503891267;403.8443147641756;730-1095;1.0469785134253828;0.9415274401307399;1.0274285890707953;19.0;18.0
461104;1991_2000;767;8jB;4.362096508134459;3.9227486583942976;3.723456018059466;1037.5537825413767;984.8415517004892;1037.553782541377;984.8415517004892;730-1095;1.171518204318103;1.0535235650342651;0.9491956641401522;11.0;13.5
112810;1991_2000;851;Hg;3.8071850934109914;3.4237276019883014;3.7172538605042673;870.4509246327107;945.0772479946586;870.4509246327115;945.0772479946586;730-1095;1.0241929220552413;0.9210368004093895;1.0857329474300192;17.0;16.0
610891;2001_2010;824;8jB;3.701072437385676;3.3283025516058236;3.723456018059466;2411.83783152936;2469.90411965814;489.08130979022985;547.1475979190097;730-1095;0.9939884933338207;0.8938745443649466;1.0240755358298532;4.0;5.0
858577;1976_1990;1127;8jB;3.793147570181192;3.52195688967613;3.723456018059466;1772.1119447217418;1845.9971680803687;1291.4228142869588;1365.3080376455862;1095+;1.018716899510484;0.9458838435566239;1.0416933160338404;22.0;21.0
8399121;2001_2010;478;MqO;4.868294979079498;3.888414520031548;5.348647862061662;2335.7860011204175;2490.892771226038;413.02947938128614;568.1362494869074;365-548;0.9101917166038653;0.7269901889807231;1.0664045293666542;7.0;4.0
108987;2001_2010;512;MqO;5.861366833673007;4.681602902294735;5.348647862061662;2003.8690492814867;2083.9157709200667;561.8016579771393;641.848379615719;365-548;1.0958595489615417;0.8752871796817427;1.0399460841352293;9.0;9.0
788488;2001_2010;599;MqO;5.208797996661102;5.448533469310776;5.348647862061662;881.7879169686476;865.6224805172702;881.7879169686474;865.6224805172702;548-730;0.9738532300111725;1.0186749267899295;0.9816674325647943;18.0;19.0
865116;1976_1990;726;HbsbG;3.410258284425281;3.5672157786875323;3.836171410969115;2696.5443383750817;2827.369810800178;1735.1660775055175;1865.9915499306128;548-730;0.8889744276478413;0.9298895686692901;1.0485159730412335;7.0;9.0
991118;1976_1990;1569;Hg;3.9848345387535673;3.6999392188983915;3.7172538605042673;2580.6972841453385;2588.275227153264;1619.3190232757743;1626.896966283699;1095+;1.0719834287058891;0.9953420879349018;1.0029363936074491;8.0;10.0
816910;1991_2000;476;MqO;6.181615515771527;4.93739258448205;5.348647862061662;2622.418273243902;2720.7344434263287;1180.3508819395543;1278.6670521219812;365-548;1.155734248204703;0.9231104218887405;1.0374906517337565;3.0;3.0
1001228;2001_2010;295;z6I;2.4354654875951853;1.9452599741175602;3.628140633646451;210.54735383327397;392.6957938338124;210.54735383327358;392.6957938338124;<365;0.6712709714197127;0.5361589228591955;1.8651186380845053;35.0;28.0
107461;1976_1990;577;8jB;2.690849345691106;2.814695968296136;3.723456018059466;645.3258728387809;853.6774599800154;645.3258728387807;853.6774599800154;548-730;0.7226752062170139;0.7559364081767928;1.3228625968841112;61.0;60.0
106100;1976_1990;742;8jB;3.3471929762881363;3.010065626158396;3.723456018059466;1107.145249154269;1369.5404528739932;1107.1452491542689;1369.5404528739932;730-1095;0.8989479021784109;0.8084063868510889;1.2370016074405448;53.0;50.0
5845834;2001_2010;557;8jB;3.2924055759373454;3.4439388869637506;3.723456018059466;322.0535436145278;348.19206857822235;322.0535436145275;348.19206857822235;548-730;0.8842337763541601;0.9249307284039332;1.0811620473736512;28.0;32.0
1111201;pre1975;866;8jB;4.055902065133715;3.6473939434655707;3.723456018059466;6290.299431954394;6381.379359096343;4107.063789410371;4192.711733436729;730-1095;1.0892842685563688;0.9795721839535689;1.0144794263178105;4.0;4.0
8612210;1976_1990;582;8jB;3.673981796902236;3.843077193412381;3.723456018059466;1671.3371930262647;1619.3144754541206;1671.3371930262654;1619.3144754541206;548-730;0.9867128224645946;1.0321263833311658;0.9688735954724089;26.0;32.0
7211010;pre1975;579;8jB;3.6930179720157192;3.862989510476694;3.723456018059466;3168.2174780730056;3053.779567161287;2811.3882699631226;2709.8392435459177;548-730;0.9918253241353956;1.037474188426146;0.963879401681313;21.0;29.0
1211151;pre1975;910;wDD;4.196328961618092;3.7736771237572766;4.052917477628678;3696.297600729672;3969.812110899024;3448.740709245057;3703.9367804715894;730-1095;1.0353847530281626;0.9311013966080597;1.0739968854551534;18.0;16.0
7771161;pre1975;887;8jB;3.8317206182703463;3.4457919229049874;3.723456018059466;4472.0485452660905;4832.4090489152395;3963.009750971285;4282.351586233391;730-1095;1.029076374122798;0.9254283939953217;1.0805806332381187;8.0;7.0
5769106;post2010;582;8jB;3.673981796902236;3.843077193412381;3.723456018059466;-84.07625667258799;-81.4592650962317;-84.0762566725883;-81.4592650962317;548-730;0.9867128224645946;1.0321263833311658;0.9688735954724121;8.0;6.0
901187;pre1975;1448;z6I;3.5595957742813673;3.3051028544859493;3.628140633646451;4376.122180097929;4803.840424471211;3995.6437605866504;4386.174386580491;1095+;0.9811074414455118;0.910963269680141;1.0977391002286208;9.0;8.0
7411491;1991_2000;1132;8jB;3.7661865237875762;3.496923420415577;3.723456018059466;924.9244440745952;984.8415517004892;924.9244440745955;984.8415517004892;1095+;1.0114760334272406;0.9391606624208361;1.0647805428970387;13.0;13.5
1071058;post2010;1059;Hg;3.531261738583022;3.1755950886537967;3.7172538605042673;-103.30232412271971;-120.92252079500167;-103.30232412271997;-120.92252079500167;730-1095;0.949965181582725;0.8542852352362635;1.1705692182815728;13.0;13.0
1091217;2001_2010;1038;8jB;3.4782180684705812;3.1278939464663496;3.723456018059466;266.19412378993775;316.8784265583711;266.19412378993786;316.8784265583711;730-1095;0.9341370091658302;0.8400512672354588;1.1904035372637674;32.0;33.0
7069411;1991_2000;997;Hg;3.5918107801665866;3.2300456656174337;3.7172538605042673;888.563074083143;1022.5906564097206;888.5630740831435;1022.5906564097206;730-1095;0.966253830100088;0.8689333004497194;1.150836317911222;15.0;12.0
679810;1976_1990;1147;8jB;3.8709733899397296;3.5942185607611234;3.723456018059466;1439.7771114326615;1491.5472333137593;1439.7771114326608;1491.5472333137593;1095+;1.0396184005302538;0.9652909939928076;1.0359570390930743;36.0;42.0
721074;post2010;1101;8jB;3.6065983756532267;3.3487450098915756;3.723456018059466;-67.40182843880052;-74.94382014377038;-67.40182843880035;-74.94382014377038;1095+;0.9686158123422278;0.8993647282657641;1.1118959511879982;3.0;5.0
712718;1976_1990;1122;Hg;3.8258845036038127;3.5523532995392877;3.7172538605042673;1619.8020530958797;1694.9934106791409;1619.8020530958797;1694.9934106791409;1095+;1.029223358741716;0.9556391446069787;1.046420090306436;28.0;27.5
7211189;pre1975;1132;8jB;3.761916794694526;3.492958955148121;3.723456018059466;2355.4588488332292;2510.8933539150594;2355.458848833229;2510.8933539150594;1095+;1.0103293221266796;0.9380959351222652;1.0659890556605667;32.0;35.0
811080;1976_1990;1039;8jB;3.4748704091169045;3.124883461436065;3.723456018059466;1466.1451005276544;1746.9857245170072;1466.1451005276547;1746.9857245170072;730-1095;0.9332379360097516;0.8392427482102083;1.191550361480784;34.0;24.0
5831058;pre1975;1118;8jB;3.8090248762023284;3.5366990493986337;3.723456018059466;3227.2791912211505;3397.6971064455543;2868.7968695702075;3020.284966120497;1095+;1.0229810309905198;0.9498431114118105;1.0528054454315494;20.0;25.0
760117;1976_1990;1103;8jB;3.6130989527901507;3.354780828960214;3.723456018059466;1108.8463710202936;1230.7035552479235;1108.8463710202936;1230.7035552479235;1095+;0.9703616573597049;0.9009857542801345;1.1098954619975934;52.0;57.0
468980;pre1975;1219;8jB;4.123777532070716;3.8289484977443977;3.723456018059466;3857.795482019818;3751.508230635962;3447.567655039956;3352.582710472021;1095+;1.107513426254967;1.0283318721030337;0.9724487075898053;15.0;19.0
103721;2001_2010;1041;8jB;3.4688508053850113;3.119470148727528;3.723456018059466;263.8055278128654;314.8830517044206;263.8055278128652;314.8830517044206;730-1095;0.9316212649109936;0.837788907294059;1.1936180955532814;33.0;34.0
821088;1991_2000;1036;8jB;3.4831671702758658;3.1323445775862098;3.723456018059466;520.7521496242139;619.0244008626526;520.7521496242138;619.0244008626526;730-1095;0.9354661780297245;0.8412465629763709;1.188712137452249;19.0;19.0
796869;2001_2010;1045;8jB;3.4634118230358504;3.114578977550225;3.723456018059466;349.5395337162254;417.87191454977057;349.53953371622544;417.87191454977057;730-1095;0.930160529958632;0.8364752967253885;1.195492567341527;27.0;26.0
727690;1976_1990;503;HbsbG;3.3559712305874894;2.68048820334464;3.836171410969115;1161.7202710827828;1662.5919434789116;938.7379922076069;1343.4716271475995;365-548;0.8748230647336181;0.6987404670396311;1.4311465374786745;48.0;30.0
669010;1976_1990;758;8jB;3.4545411456540855;3.1066017496889256;3.723456018059466;1791.4882221992475;2051.7636227432995;1310.799091764465;1571.074492308517;730-1095;0.927778152581609;0.8343328710266267;1.1452844608850041;21.0;17.0
9889114;pre1975;874;HbsbG;3.063642465094684;2.755074159257809;3.836171410969115;2940.288387589183;4094.064116050028;2582.038864711253;3595.2366804836975;730-1095;0.7986198052398106;0.7181832780933548;1.3924022328322887;23.0;15.0
7984107;pre1975;712;MqO;4.538089887640449;4.746955949414696;5.348647862061662;3303.2557420606104;3721.954016614344;3124.6376942942056;3520.695557616173;548-730;0.8484555358054963;0.8875057905915233;1.12675321175482;19.0;20.0
721077;1976_1990;1140;8jB;3.814088285024155;3.541400450347405;3.723456018059466;1442.1875724352249;1516.3272471001503;1245.7947393423547;1309.8382926494714;1095+;1.024340899026363;0.9511057558276351;1.051407789168323;35.0;41.0
658466;1976_1990;962;Hg;3.4421285666937838;3.095439358537575;3.7172538605042673;1070.2410962425975;1285.232041682661;1070.2410962425972;1285.232041682661;730-1095;0.9259869505460245;0.8327220778291586;1.2008808540382665;56.0;53.0
112120;1976_1990;1284;8jB;3.7594248273059736;3.4906451507019254;3.723456018059466;1325.4847826621094;1413.888859443943;1325.4847826621096;1413.888859443943;1095+;1.0096600601892576;0.9374745219955966;1.0666956557617224;43.0;47.0
1159664;pre1975;454;Hg;4.389148247462172;3.505709462829211;3.7172538605042673;2764.7862285864976;2931.6212283570185;2423.72805765788;2569.9826453588203;365-548;1.1807502022115752;0.9430912158239418;1.0603428207380126;26.0;32.0
122887;2001_2010;1099;Hg;3.624955183236407;3.365789399476701;3.7172538605042673;488.4252212467318;539.4278499805552;488.42522124673076;539.4278499805552;1095+;0.975170198019422;0.9054505088388318;1.1044225943198356;23.0;23.0
706817;2001_2010;1045;8jB;3.4597834338811455;3.1113160376629003;3.723456018059466;318.2776033257992;380.89755048065956;318.27760332579913;380.89755048065956;730-1095;0.9291860618469888;0.8355989764811049;1.196746319880889;29.0;29.0
748773;1976_1990;317;Hg;2.9942124079915877;2.3915434568622906;3.7172538605042673;1090.495982478984;1694.9934106791409;1090.495982478984;1694.9934106791409;<365;0.8054904293206936;0.643362962716209;1.5543325586821286;55.0;27.5
100119;1976_1990;274;Hg;3.344338199513382;2.6711966449787394;3.7172538605042673;1101.0520774923543;1532.2309173188085;1101.0520774923543;1532.2309173188085;<365;0.8996797972414246;0.7185940872535339;1.3916062179442628;54.0;40.0
8087988;2001_2010;387;MqO;5.074782046961015;4.053340293099852;5.348647862061662;1457.7001796932145;1616.3075236629124;496.32191882364975;654.9292627933472;365-548;0.9487971872212422;0.7578252294099378;1.1088065613074687;15.0;15.0
5610182;1991_2000;373;HbsbG;3.7252663869137814;2.975452385713883;3.836171410969115;1597.756786007627;1781.8441222661693;636.3785251380615;820.465861396604;365-548;0.9710896588879703;0.7756307179616375;1.1152161191682546;9.0;9.0
6901131;2001_2010;504;8jB;4.207008741660915;3.3602306243298043;3.723456018059466;2411.1700519229935;2463.965296249209;488.413530183862;541.2087745100786;365-548;1.1298666403621063;0.9024493932604682;1.0218961098509454;5.0;6.0
7474976;pre1975;1075;HbsbG;2.7859107516009436;2.5053154241015676;3.836171410969115;1977.7798718065242;3028.4021438678374;1713.9650082730186;2624.445409502192;730-1095;0.7262216551728984;0.6530770280331819;1.5312129459087194;36.0;30.0
801031;2001_2010;952;8jB;3.6031630130312995;3.240254508121672;3.723456018059466;316.92134239878806;364.18209639041737;316.92134239878783;364.18209639041737;730-1095;0.967693184921556;0.8702276842819748;1.149124554483807;30.0;31.0
730976;1991_2000;336;8jB;4.092657587129055;3.2688958363650595;3.723456018059466;611.3537162127814;696.3662312124168;611.3537162127808;696.3662312124168;<365;1.0991556143751642;0.8779198197884698;1.139056184243504;18.0;18.0
104118;1976_1990;456;Hg;2.712343138189677;2.166408257339998;3.7172538605042673;2394.4934576988294;3076.2974401211104;952.4260663944823;1634.2300488167627;365-548;0.7296631438084598;0.5827980381856707;1.284738294118169;10.0;4.0
119498;1976_1990;436;Hg;4.10716354208217;3.2804820623659507;3.7172538605042673;1132.7980147211047;1283.6216486904395;1132.7980147211044;1283.6216486904395;365-548;1.1048918627056075;0.8825014877840316;1.133142565584799;50.0;54.0
767371;1976_1990;425;Hg;3.996594049445865;3.1921677711228953;3.7172538605042673;1170.4965210516107;1363.033845196478;1170.4965210516098;1363.033845196478;365-548;1.0751469228156787;0.8587435485748232;1.1644920088885748;47.0;52.0
841211;pre1975;715;Hg;3.7098939596635248;3.8806422172212605;3.7172538605042673;2120.367549233915;2031.0927977590316;1969.0728009036386;1886.168077616331;548-730;0.9980200704291571;1.0439540485660639;0.9578965677402779;35.0;37.0
611629;pre1975;897;wDD;3.899378273795098;3.506635138304944;4.052917477628678;2823.293107319681;3263.1207775599046;2543.036787471363;2939.204632272489;730-1095;0.962116375504538;0.8652125678997643;1.1557853377319998;25.0;27.0
8190108;2001_2010;760;8jB;3.466130072463768;3.1170234464602227;3.723456018059466;1764.1797584933483;1826.8483378395126;322.112367189001;384.7809465351649;730-1095;0.9308905639417738;0.8371318021059116;1.0355227856143665;12.0;12.0
105714;1976_1990;630;Hg;3.4174835518748563;3.574773589827256;3.7172538605042673;1340.2264747015788;1393.64407614839;1340.226474701579;1393.64407614839;548-730;0.9193570523083012;0.9616705568078465;1.0398571453818695;41.0;48.0
698983;pre1975;318;Hg;3.2276818658280924;2.5780206596071027;3.7172538605042673;3841.488745683236;4689.380885337971;1684.5670687244544;2428.98109297878;<365;0.8682974009717589;0.6935282755365486;1.2207196729672916;16.0;9.0
7646451;post2010;341;z6I;3.0835361681329427;2.4628883132052257;3.628140633646451;-78.88436743936472;-116.20647892627676;-78.88436743936477;-116.20647892627676;<365;0.8498943341768549;0.678829340396849;1.4731243045791051;6.0;12.0
477661;2001_2010;822;8jB;4.00693494128848;3.6033587601515107;3.723456018059466;2353.3800566981945;2367.7324176984744;430.62353495906444;444.975895959344;730-1095;1.0761332809771589;0.9677457562744233;1.0060986158862995;6.0;7.0
7747482;1976_1990;383;8jB;3.664554149165626;2.9269601830396375;3.723456018059466;2133.864075622804;2452.925494183324;1172.4858147532393;1491.547233313759;365-548;0.984180860843218;0.786086949555286;1.14952284084327;15.0;12.0
776736;pre1975;344;z6I;3.0341637175598244;2.423453448530211;3.628140633646451;2413.4984499478655;3613.2370526074146;2141.6715483447806;3206.2862908246793;<365;0.8362861377041904;0.6679601738851361;1.4970952447412862;31.0;22.0
310610;1976_1990;954;8jB;3.428853674839729;3.083501506150835;3.723456018059466;1283.4865841892984;1549.863308470995;1283.4865841892981;1549.863308470995;730-1095;0.9208793277560257;0.8281288918669294;1.207541494833739;45.0;39.0
8773113;1976_1990;457;HbsbG;4.575582120318397;3.6546183069635756;3.836171410969115;1914.5828674572394;2009.694978563444;1543.4122968616555;1620.0855003865306;365-548;1.192747046504496;0.9526733598278722;1.049677719738777;18.0;19.0
897731;pre1975;212;Hg;4.3485982704402515;3.4733213022685714;3.7172538605042673;7434.878690541327;7957.0327964604285;6294.08042878861;6736.115877606099;<365;1.169841617933067;0.9343782890839193;1.0702303464054346;3.0;3.0
1191021;pre1975;398;8jB;3.916193649406453;3.127950199206432;3.723456018059466;5106.387769895092;6078.552745879673;4720.572464856234;5619.285101602332;365-548;1.0517631013800546;0.840066374904197;1.1903821291669265;6.0;5.0
9097838;1976_1990;944;Hg;3.7934696481208547;3.4113935684540055;3.7172538605042673;1838.837087995044;2003.7043885516023;1648.864969256477;1796.6996623015202;730-1095;1.0205032506459617;0.9177187505809006;1.0896584594866527;19.0;20.0
699801;1976_1990;247;8jB;1.48746992900311;1.1880750231654233;3.723456018059466;518.2298792774602;1624.1450456493762;518.2298792774603;1624.1450456493762;<365;0.39948637013264005;0.3190785703934825;3.1340243212410552;62.0;31.0
876790;2001_2010;902;Hg;3.9701057071242647;3.5702389452556336;3.7172538605042673;1882.3001886039442;1900.4280473767237;440.2327972995971;458.36065607237606;730-1095;1.0680211403656183;0.9604506657964194;1.0096306948713767;11.0;11.0
1015877;pre1975;864;8jB;4.025471089975845;3.620027958611371;3.723456018059466;3705.981035369896;3811.864865887819;3276.9315875996904;3370.557017824161;730-1095;1.0811114917032856;0.9722225644813718;1.0285710664753456;17.0;18.0
1141047;1991_2000;468;wDD;4.73462595999009;3.781650127787612;4.052917477628678;906.8574650991645;971.9086498804904;906.8574650991644;971.9086498804904;365-548;1.1682019153176229;0.9330686224581652;1.0717325349184974;14.0;15.0
