Household_ID;era;area;footprint;n_above;has_basement;A_wall;A_roof;huell_b05;huell_sia;H_b05;H_sia;Tbal_b05;Tbal_sia;Pdes_b05;Pdes_sia
120701;1986 - 90;236.0;110.0;2;True;226.54271120475275;110.0;1.6590792847659015;1.65;428.3785689638022;426.6644;17.245427093016623;17.234360307539134;54.454902834381635;54.237
412211;1991 - 95;300.0;100.0;3;False;324.0;100.0;1.58;1.65;407.07000000000005;418.62;16.31513007590832;16.41679805073814;40.70700000000001;41.862
706646;2000 - 10;160.0;100.0;3;False;324.0;100.0;2.9625;1.4;267.664;167.664;17.0111781935561;15.228552342780798;50.187;31.437
1078861;< 1975;160.0;70.0;1;True;90.35928286568017;70.0;1.220995517910501;2.0;341.7990318686682;510.06399999999996;17.659443341233953;18.43156937168669;64.08731847537528;95.63699999999999
190821;> 2010;155.0;45.0;3;True;217.34580741297958;45.0;1.837714886535352;1.4;143.98749377911508;127.7045;14.61758809977696;13.931302342517295;27.86854718305453;24.717
105898;1981 - 85;160.0;80.0;2;False;193.19627325598185;80.0;1.9574767078498865;1.65;328.6210186047855;289.264;17.5655848083104;17.234360307539134;61.61644098839728;54.237
889410;2000 - 10;240.0;176.0;2;False;286.55638188670656;176.0;2.2939849245279436;1.4;337.31855275468257;251.49599999999998;16.442531873209152;15.228552342780798;42.16481909433532;31.436999999999998
1178890;2000 - 10;210.0;100.0;2;True;216.0;100.0;1.7428571428571429;1.4;248.85899999999998;220.05899999999997;15.780743312478151;15.228552342780798;35.55128571428571;31.436999999999994
731201;1976 - 80;255.0;120.0;2;True;236.6161448422318;120.0;1.6337888033028698;1.65;457.70741587378546;461.0145;17.214377666208524;17.234360307539134;53.847931279268884;54.236999999999995
1228011;2000 - 10;120.0;60.0;2;False;167.31288055616042;60.0;2.1442740046346698;1.4;161.47315222246414;125.74799999999999;16.284212008363035;15.228552342780798;40.368288055616034;31.436999999999998
114117;1991 - 95;260.0;100.0;3;False;324.0;100.0;1.823076923076923;1.65;387.55400000000003;362.804;16.645628738188744;16.41679805073814;44.717769230769235;41.861999999999995
758039;1986 - 90;150.0;65.0;3;False;261.217151044873;65.0;2.3914476736324866;1.65;360.1587208358984;271.185;17.917584785232155;17.234360307539134;72.03174416717968;54.237
8627071;2000 - 10;250.0;150.0;2;False;264.5448922205832;150.0;1.958179568882333;1.4;317.7929568882333;261.97499999999997;16.066621449890658;15.228552342780798;38.13515482658799;31.436999999999998
867211;1991 - 95;245.0;150.0;2;True;264.5448922205832;150.0;1.9981424172268702;1.65;388.78519072132076;341.873;16.849159820806875;16.41679805073814;47.60634988424336;41.862
1114677;> 2010;220.0;140.0;2;False;255.57464662990344;140.0;2.1162483937722882;1.4;219.07591519117682;181.25799999999998;14.978909484230233;13.931302342517295;29.873988435160474;24.717
611797;1976 - 80;275.0;100.0;2;True;216.0;100.0;1.3309090909090908;1.65;426.97249999999997;497.1725;16.779652085321654;17.234360307539134;46.57881818181818;54.237
1137376;1981 - 85;200.0;150.0;1;True;132.2724461102916;150.0;1.7863622305514582;1.65;383.3979568882333;361.58;17.391744055924857;17.234360307539134;57.509693533234994;54.236999999999995
779742;< 1975;650.0;325.0;2;False;389.3995377501109;325.0;1.3490762119232476;2.0;1500.9493759626498;2072.135;17.834703786784562;18.43156937168669;69.27458658289153;95.637
700831;1976 - 80;450.0;300.0;2;False;374.12297443487756;300.0;1.831384387633061;1.65;878.853379547902;813.555;17.439845994382544;17.234360307539134;58.59022530319347;54.236999999999995
1191127;2000 - 10;220.0;85.0;2;True;199.1421602775264;85.0;1.4847370921705745;1.4;237.99486411101057;230.53799999999998;15.37805152178866;15.228552342780798;32.4538451060469;31.436999999999998
121798;1981 - 85;207.0;34.0;2;True;125.94856092865851;34.0;0.8548239658389299;1.65;242.5541487429268;374.2353;15.732911577212583;17.234360307539134;35.15277518013432;54.236999999999995
114671;< 1975;260.0;130.0;2;False;246.27789182141382;130.0;1.6972226608515917;2.0;722.5791539589088;828.854;18.200889144286155;18.43156937168669;83.37451776448948;95.63700000000001
1121037;2000 - 10;150.0;75.0;2;False;187.06148721743878;75.0;1.9970765814495917;1.4;193.0095948869755;157.18499999999997;16.114182818531937;15.228552342780798;38.601918977395094;31.436999999999994
120912;< 1975;300.0;100.0;3;False;324.0;100.0;1.58;2.0;786.2700000000001;956.37;18.0922583845244;18.43156937168669;78.62700000000001;95.637
9880798;1991 - 95;150.0;50.0;3;False;229.10259710444143;50.0;2.027350647362943;1.65;240.4414284074428;209.31;16.880737213351274;16.41679805073814;48.08828568148856;41.862
680861;1991 - 95;400.0;150.0;2;True;264.5448922205832;150.0;1.2238622305514582;1.65;464.4096907213208;558.16;15.69345765181256;16.41679805073814;34.830726804099065;41.861999999999995
468185;1976 - 80;300.0;160.0;1;True;136.610394919274;160.0;1.2553679830642466;1.65;447.6583159354192;542.37;16.64923012350251;17.234360307539134;44.76583159354192;54.237
674801;1995 - 00;150.0;50.0;3;False;229.10259710444143;50.0;2.027350647362943;1.65;240.4414284074428;209.31;16.880737213351274;16.41679805073814;48.08828568148856;41.862
781007;1986 - 90;200.0;100.0;2;False;216.0;100.0;1.83;1.65;390.38;361.58;17.43839336031559;17.234360307539134;58.556999999999995;54.236999999999995
761079;1976 - 80;250.0;100.0;3;False;324.0;100.0;1.896;1.65;501.17499999999995;451.97499999999997;17.505861226118622;17.234360307539134;60.14099999999999;54.236999999999995
107998;1976 - 80;230.0;115.0;2;False;231.63419436689395;115.0;1.757105192899539;1.65;435.52435549351515;415.817;17.35950473149343;17.234360307539134;56.80752462958893;54.237
461089;1976 - 80;235.0;110.0;2;True;226.54271120475275;110.0;1.6661391966159693;1.65;427.8906689638022;424.8565;17.25397143423242;17.234360307539134;54.62434071878326;54.237
711368;< 1975;250.0;85.0;3;False;298.7132404162896;85.0;1.7048529616651584;2.0;697.362874561991;796.975;18.207532913499136;18.43156937168669;83.68354494743892;95.637
114109;1976 - 80;200.0;100.0;2;False;216.0;100.0;1.83;1.65;390.38;361.58;17.43839336031559;17.234360307539134;58.556999999999995;54.236999999999995
107114;1976 - 80;185.0;85.0;2;True;199.1421602775264;85.0;1.76563329879744;1.65;351.5752282220211;334.4615;17.36898414408236;17.234360307539134;57.01219917113856;54.236999999999995
671048;2000 - 10;240.0;80.0;3;False;289.7944098839728;80.0;1.7074767078498865;1.4;281.0137639535891;251.49599999999998;15.729746532279513;15.228552342780798;35.126720494198636;31.436999999999998
109711;1995 - 00;160.0;160.0;1;False;136.610394919274;160.0;2.3538149682454623;1.65;285.1997172056007;223.26399999999998;17.194948130249095;16.41679805073814;53.47494697605013;41.861999999999995
7610179;1995 - 00;280.0;140.0;2;False;255.57464662990344;140.0;1.662766595106798;1.65;392.67805564644686;390.712;16.434738382069128;16.41679805073814;42.07264881926216;41.862
6569121;2000 - 10;150.0;65.0;2;True;174.14476736324866;65.0;1.810965115754991;1.4;181.84290694529943;157.18499999999997;15.875560875049093;15.228552342780798;36.368581389059884;31.436999999999994
5011111;< 1975;286.0;117.0;2;True;233.63972265006655;117.0;1.4305584708044286;2.0;691.8780255775898;911.7394;17.933161703168395;18.43156937168669;72.57461806757935;95.637
5661171;2000 - 10;250.0;10.0;2;False;68.305197459637;10.0;0.333220789838548;1.4;155.2970789838548;261.97499999999997;11.950911065558714;15.228552342780798;18.635649478062575;31.436999999999998
110119;2000 - 10;130.0;65.0;2;False;174.14476736324866;65.0;2.0895751335634514;1.4;172.08490694529948;136.22699999999998;16.222794831120112;15.228552342780798;39.71190160276142;31.436999999999998
102766;2000 - 10;216.0;66.0;2;True;175.47922954013677;66.0;1.2707371737969295;1.4;215.1780918160547;226.3464;14.980901675978986;15.2285523427808;29.88584608556315;31.436999999999998
105900;2000 - 10;240.0;120.0;2;False;236.6161448422318;120.0;1.7359006035092992;1.4;283.7424579368927;251.49599999999998;15.770812698510941;15.228552342780798;35.46780724211159;31.436999999999998
826780;< 1975;150.0;75.0;2;False;187.06148721743878;75.0;1.9970765814495917;2.0;477.59300774354233;478.185;18.429625250286882;18.43156937168669;95.51860154870846;95.637
698310;< 1975;200.0;60.0;3;False;250.96932083424065;60.0;1.7048466041712032;2.0;557.8885831262248;637.5799999999999;18.207527398398568;18.43156937168669;83.68328746893373;95.63699999999999
24611;< 1975;160.0;80.0;2;False;193.19627325598185;80.0;1.9574767078498865;2.0;500.87896889557555;510.06399999999996;18.40280776459036;18.43156937168669;93.91480666792042;95.63699999999999
6683113;< 1975;160.0;80.0;2;False;193.19627325598185;80.0;1.9574767078498865;2.0;500.87896889557555;510.06399999999996;18.40280776459036;18.43156937168669;93.91480666792042;95.63699999999999
896968;1976 - 80;200.0;110.0;2;False;226.54271120475275;110.0;1.957713556023764;1.65;410.8141689638022;361.58;17.565809371857103;17.234360307539134;61.62212534457033;54.236999999999995
9981041;2000 - 10;410.0;120.0;3;True;354.9242172633477;120.0;1.3046932128374336;1.4;414.0086869053391;429.63899999999995;15.04841307721468;15.228552342780798;30.293318554049204;31.436999999999994
111710;1991 - 95;290.0;290.0;1;False;183.91737275200515;290.0;2.1341978370758796;1.65;481.8955550136028;404.666;16.99104923273453;16.41679805073814;49.85126431175202;41.862
1027273;2000 - 10;200.0;80.0;2;True;193.19627325598185;80.0;1.5659813662799094;1.4;222.85850930239275;209.57999999999998;15.512848025725965;15.228552342780798;33.428776395358916;31.436999999999998
118117;1981 - 85;212.0;20.0;3;False;144.8972049419864;20.0;0.8249868157640867;1.65;243.35256395358908;383.2748;15.644179856670187;17.234360307539134;34.43668357833808;54.237
6981151;< 1975;240.0;70.0;3;True;271.07784859704054;70.0;1.5669910358210022;2.0;624.8010956060048;765.096;18.07938877117989;18.43156937168669;78.1001369507506;95.637
876511;1995 - 00;500.0;250.0;2;False;341.525987298185;250.0;1.43305197459637;1.65;638.0392930140017;697.6999999999999;16.08174601882217;16.41679805073814;38.2823575808401;41.861999999999995
7412010;2000 - 10;250.0;108.0;2;True;224.47378466092653;108.0;1.545895138643706;1.4;276.5645138643706;261.97499999999997;15.480258900413343;15.228552342780798;33.18774166372447;31.436999999999998
7101112;> 2010;200.0;100.0;2;False;216.0;100.0;1.83;1.4;185.41999999999996;164.77999999999997;14.606838528745548;13.931302342517295;27.81299999999999;24.717
6810910;1976 - 80;160.0;60.0;3;False;250.96932083424065;60.0;2.131058255214004;1.65;350.8394566673925;289.264;17.71975476304985;17.234360307539134;65.7823981251361;54.237
9889190;< 1975;200.0;80.0;3;True;289.7944098839728;80.0;2.0489720494198638;2.0;650.8024533433631;637.5799999999999;18.4634354175177;18.43156937168669;97.62036800150446;95.63699999999999
6808461;> 2010;207.0;69.0;3;False;269.1346131585457;69.0;1.8001672133263076;1.4;190.42760715805093;170.54729999999998;14.564863700981277;13.931302342517295;27.598203935949414;24.716999999999995
747511;1991 - 95;168.0;53.0;2;False;157.2503736084592;53.0;1.4092284143360667;1.65;212.17990548465258;234.4272;16.041095418148544;16.41679805073814;37.88926883654511;41.862
6773102;< 1975;200.0;100.0;2;False;216.0;100.0;1.83;2.0;591.6800000000001;637.5799999999999;18.3098972417523;18.43156937168669;88.75200000000001;95.63699999999999
4710670;< 1975;300.0;150.0;1;True;132.2724461102916;150.0;1.190908153700972;2.0;628.6878022488937;956.37;17.614078093078447;18.43156937168669;62.86878022488936;95.637
716869;1981 - 85;155.0;70.0;3;False;271.07784859704054;70.0;2.426308700626068;1.65;376.48677887763245;280.22450000000003;17.941494778885996;17.234360307539134;72.86840881502563;54.237
115508;< 1975;170.0;110.0;1;True;113.27135560237637;110.0;1.6368903270728024;2.0;458.6093300632082;541.943;18.146570633696335;18.43156937168669;80.9310582464485;95.637
781099;1981 - 85;150.0;75.0;2;False;187.06148721743878;75.0;1.9970765814495917;1.65;312.834189773951;271.185;17.602563835679412;17.234360307539134;62.566837954790195;54.237
105768;< 1975;294.0;130.0;2;False;246.27789182141382;130.0;1.5009452102769179;2.0;739.1677539589086;937.2426;18.01127688251168;18.43156937168669;75.42528101621517;95.637
8010411;> 2010;375.0;150.0;3;False;396.8173383308748;150.0;1.6581795688823329;1.4;332.1986611994099;308.9625;14.355787006394682;13.931302342517295;26.575892895952794;24.717
7086681;2000 - 10;180.0;90.0;2;False;204.915592378911;90.0;1.8884199576606167;1.4;223.7882369515644;188.62199999999996;15.978340898253773;15.228552342780798;37.2980394919274;31.436999999999994
868122;1986 - 90;280.0;140.0;2;False;255.57464662990344;140.0;1.662766595106798;1.65;509.0717173039228;506.212;17.249896326170912;17.234360307539134;54.54339828256316;54.237
881223;1976 - 80;240.0;120.0;1;True;118.3080724211159;120.0;1.2429503017546495;1.65;355.7424579368927;433.896;16.62677318035264;17.234360307539134;44.46780724211159;54.237
118708;1991 - 95;186.0;66.0;1;True;87.73961477006839;66.0;1.0039764234949913;1.65;193.45618812353763;259.5444;15.19270999278597;16.41679805073814;31.20261098766736;41.862
1037610;> 2010;222.0;90.0;2;True;204.915592378911;90.0;1.5311513170221216;1.4;189.89354217093862;182.9058;14.154619544666776;13.931302342517295;25.661289482559273;24.717
6885841;> 2010;170.0;75.0;3;False;280.5922308261582;75.0;2.3123072401538716;1.4;177.28513539827793;140.063;15.205463796553264;13.931302342517295;31.28561212910787;24.716999999999995
2794690;1976 - 80;140.0;70.0;2;False;180.71856573136034;70.0;2.040846898081145;1.65;296.8808525850883;253.106;17.642151745709587;17.234360307539134;63.617325553947495;54.237
111119;1981 - 85;180.0;100.0;2;True;216.0;100.0;2.033333333333333;1.65;380.622;325.422;17.6354493434431;17.234360307539134;63.437;54.237
105807;1981 - 85;200.0;100.0;2;False;216.0;100.0;1.83;1.65;390.38;361.58;17.43839336031559;17.234360307539134;58.556999999999995;54.236999999999995
7374981;> 2010;200.0;100.0;2;False;216.0;100.0;1.83;1.4;185.41999999999996;164.77999999999997;14.606838528745548;13.931302342517295;27.81299999999999;24.717
861116;1976 - 80;195.0;65.0;3;False;261.217151044873;65.0;1.8395751335634511;1.65;382.1142208358984;352.5405;17.448406924329777;17.234360307539134;58.78680320552282;54.237
108511;2000 - 10;274.0;156.0;2;False;269.7839135308108;156.0;1.838627421645295;1.4;335.19816541232433;287.1246;15.912865458810685;15.2285523427808;36.70052905974354;31.436999999999998
119701;< 1975;200.0;100.0;2;False;216.0;100.0;1.83;2.0;591.6800000000001;637.5799999999999;18.3098972417523;18.43156937168669;88.75200000000001;95.63699999999999
86109;1981 - 85;160.0;60.0;3;False;250.96932083424065;60.0;2.131058255214004;1.65;350.8394566673925;289.264;17.71975476304985;17.234360307539134;65.7823981251361;54.237
1037311;1976 - 80;180.0;60.0;3;False;250.96932083424065;60.0;1.8942740046346702;1.65;360.5974566673925;325.422;17.504142130347468;17.234360307539134;60.09957611123209;54.237
768498;1986 - 90;200.0;68.0;3;False;267.1772445400244;68.0;1.845886222700122;1.65;392.92179563201955;361.58;17.454964292852505;17.234360307539134;58.93826934480293;54.236999999999995
116121;< 1975;395.0;235.0;1;True;165.56086494096363;235.0;1.311546493521427;2.0;892.102667670301;1259.2205;17.78612925218837;18.43156937168669;67.7546329876178;95.637
120741;1981 - 85;164.0;66.0;2;True;175.47922954013677;66.0;1.6736538386593705;1.65;299.5989836321094;296.4956;17.26300807145957;17.234360307539134;54.80469212782489;54.237
114721;1981 - 85;140.0;80.0;2;False;193.19627325598185;80.0;2.2371162375427276;1.65;318.8630186047855;253.106;17.804699952152134;17.234360307539134;68.32778970102547;54.237
815461;1981 - 85;240.0;120.0;2;False;236.6161448422318;120.0;1.7359006035092992;1.65;450.3889158737855;433.896;17.335636029870056;17.234360307539134;56.29861448422319;54.237
1678757;1976 - 80;200.0;100.0;2;False;216.0;100.0;1.83;1.65;390.38;361.58;17.43839336031559;17.234360307539134;58.556999999999995;54.236999999999995
971071;1981 - 85;250.0;150.0;1;True;132.2724461102916;150.0;1.4290897844411665;1.65;407.7929568882333;451.97499999999997;16.934719006580107;17.234360307539134;48.93515482658799;54.236999999999995
121728;> 2010;455.0;170.0;2;True;281.6295439047545;170.0;1.1794055909994603;1.4;350.78559053714105;374.8745;13.514556865017168;13.931302342517295;23.128720255196114;24.717000000000002
114798;< 1975;301.0;186.0;1;True;147.29236232744725;186.0;1.416253695440024;2.0;722.3525891420538;959.5579;17.91652992925864;18.43156937168669;71.99527466532098;95.637
1081057;> 2010;200.0;80.0;3;False;289.7944098839728;80.0;2.0489720494198638;1.4;195.93065837215346;164.77999999999997;14.896153525393736;13.931302342517295;29.389598755823016;24.717
9776611;> 2010;180.0;90.0;2;False;204.915592378911;90.0;1.8884199576606167;1.4;169.40174217093863;148.302;14.687185689673516;13.931302342517295;28.23362369515644;24.717
996610;2000 - 10;240.0;80.0;3;True;289.7944098839728;80.0;1.7074767078498865;1.4;281.0137639535891;251.49599999999998;15.729746532279513;15.228552342780798;35.126720494198636;31.436999999999998
7411010;> 2010;260.0;90.0;3;True;307.37338856836647;90.0;1.7014361098783326;1.4;233.02361325640794;214.21399999999997;14.42116624219734;13.931302342517295;26.887339991123994;24.716999999999995
512280;> 2010;300.0;150.0;2;True;264.5448922205832;150.0;1.631816307401944;1.4;263.8607741329399;247.16999999999996;14.315183812641052;13.931302342517295;26.386077413293993;24.716999999999995
7710511;< 1975;200.0;90.0;2;True;204.915592378911;90.0;1.699577961894555;2.0;556.4660497115299;637.5799999999999;18.20294517425026;18.43156937168669;83.46990745672949;95.63699999999999
823761;1991 - 95;240.0;140.0;2;False;255.57464662990344;140.0;1.939894360957931;1.65;373.1620556464469;334.89599999999996;16.784238960413106;16.416798050738137;46.64525695580586;41.861999999999995
1101758;1976 - 80;192.0;64.0;2;True;172.8;64.0;1.4000000000000001;1.65;308.71680000000003;347.1168;16.890353877728714;17.234360307539134;48.237;54.237
1061168;> 2010;160.0;54.0;3;False;238.09040299852495;54.0;1.994315018740781;1.4;154.64569671964597;131.82399999999998;14.826884827902429;13.931302342517295;28.99606813493362;24.716999999999995
808112;1981 - 85;140.0;70.0;2;False;180.71856573136034;70.0;2.040846898081145;1.65;296.8808525850883;253.106;17.642151745709587;17.234360307539134;63.617325553947495;54.237
1019970;> 2010;170.0;70.0;2;True;180.71856573136034;70.0;1.6806974454785903;1.4;151.51545577552648;140.063;14.39001126552202;13.931302342517295;26.73802160744585;24.716999999999995
1148611;1991 - 95;240.0;95.0;3;False;315.79613677181044;95.0;1.9095672365492102;1.65;369.1588752244957;334.89599999999996;16.749367059723955;16.416798050738137;46.144859403061965;41.861999999999995
7048688;1986 - 90;135.0;45.0;3;False;217.34580741297958;45.0;2.109968943799849;1.65;293.74314593038366;244.06650000000002;17.702074042061316;17.234360307539134;65.27625465119637;54.23700000000001
109104;< 1975;200.0;100.0;2;False;216.0;100.0;1.83;2.0;591.6800000000001;637.5799999999999;18.3098972417523;18.43156937168669;88.75200000000001;95.63699999999999
468646;1986 - 90;150.0;60.0;2;True;167.31288055616042;60.0;1.715419203707736;1.65;279.03530444492833;271.185;17.31216807316931;17.234360307539134;55.80706088898567;54.237
1114639;1976 - 80;195.0;65.0;3;False;261.217151044873;65.0;1.8395751335634511;1.65;382.1142208358984;352.5405;17.448406924329777;17.234360307539134;58.78680320552282;54.237
671781;< 1975;180.0;90.0;2;False;204.915592378911;90.0;1.8884199576606167;2.0;546.7080497115298;573.822;18.353783156339322;18.43156937168669;91.11800828525497;95.637
768113;1976 - 80;150.0;75.0;2;False;187.06148721743878;75.0;1.9970765814495917;1.65;312.834189773951;271.185;17.602563835679412;17.234360307539134;62.566837954790195;54.237
122850;2000 - 10;220.0;140.0;1;True;127.78732331495172;140.0;1.5353969241588714;1.4;242.4529293259807;230.53799999999998;15.463036874588397;15.228552342780798;33.06176308990646;31.436999999999998
461104;1991 - 95;210.0;70.0;3;False;271.07784859704054;70.0;1.7908468980811454;1.65;309.3018167283723;293.034;16.605257572987014;16.41679805073814;44.185973818338894;41.862
112810;1991 - 95;180.0;80.0;2;True;193.19627325598185;80.0;1.7399792958665659;1.65;260.07995029079;251.17199999999997;16.539525638198068;16.416798050738137;43.346658381798335;41.861999999999995
610891;2000 - 10;240.0;110.0;2;True;226.54271120475275;110.0;1.6314279633531366;1.4;273.7130844819011;251.49599999999998;15.615847147857675;15.228552342780798;34.21413556023764;31.436999999999998
858577;1981 - 85;180.0;90.0;2;False;204.915592378911;90.0;1.8884199576606167;1.65;359.7544739031288;325.422;17.498293793999228;17.234360307539134;59.9590789838548;54.237
8399121;2000 - 10;168.0;84.0;2;False;197.9672700220923;84.0;1.928376607274359;1.4;211.55410800883692;176.04719999999998;16.029384596186087;15.228552342780798;37.77751928729231;31.436999999999994
108987;2000 - 10;180.0;80.0;2;False;193.19627325598185;80.0;1.7399792958665659;1.4;213.10050930239277;188.62199999999996;15.77664078351457;15.228552342780798;35.516751550398794;31.436999999999994
788488;2000 - 10;250.0;90.0;3;True;307.37338856836647;90.0;1.7694935542734658;1.4;298.92435542734654;261.97499999999997;15.81834006729568;15.228552342780798;35.87092265128159;31.436999999999998
865116;1981 - 85;200.0;100.0;2;False;216.0;100.0;1.83;1.65;390.38;361.58;17.43839336031559;17.234360307539134;58.556999999999995;54.236999999999995
991118;1981 - 85;234.5;93.0;2;True;208.30285643744784;93.0;1.4831678312897565;1.65;392.65483514995833;423.95255;17.01391681691068;17.234360307539134;50.23302795095415;54.236999999999995
816910;1995 - 00;180.0;90.0;2;False;204.915592378911;90.0;1.8884199576606167;1.65;274.7755758084011;251.17199999999997;16.724599712502965;16.416798050738137;45.79592930140018;41.861999999999995
1001228;2000 - 10;170.0;57.0;3;False;244.6146357027723;57.0;1.9418507982516016;1.4;214.9888542811089;178.14299999999997;16.046306666258236;15.228552342780798;37.93920957901921;31.436999999999994
107461;1981 - 85;120.0;60.0;2;False;167.31288055616042;60.0;2.1442740046346698;1.65;264.39830444492827;216.948;17.730696491191097;17.234360307539134;66.09957611123207;54.237
106100;1976 - 80;140.0;60.0;3;False;250.96932083424065;60.0;2.435495148816005;1.65;341.0814566673925;253.106;17.947704320136616;17.234360307539134;73.0888835715841;54.237
5845834;2000 - 10;180.0;75.0;2;True;187.06148721743878;75.0;1.6642304845413265;1.4;207.6465948869755;188.62199999999996;15.665712695698764;15.228552342780798;34.60776581449591;31.436999999999994
1111201;< 1975;250.0;125.0;1;True;120.74767078498866;125.0;1.2329906831399546;2.0;538.1093555597347;796.975;17.677052095294336;18.43156937168669;64.57312266716816;95.637
8612210;1981 - 85;300.0;150.0;2;False;264.5448922205832;150.0;1.631816307401944;1.65;538.0059137764666;542.37;17.21192655770095;17.234360307539134;53.80059137764666;54.237
7211010;< 1975;180.0;90.0;2;False;204.915592378911;90.0;1.8884199576606167;2.0;546.7080497115298;573.822;18.353783156339322;18.43156937168669;91.11800828525497;95.637
1211151;< 1975;245.0;173.0;1;True;142.0518215300318;173.0;1.6389870266531912;2.0;661.6304590655429;781.0355;18.14851329285817;18.43156937168669;81.01597457945424;95.637
7771161;< 1975;240.0;90.0;3;False;307.37338856836647;90.0;1.8432224523681937;2.0;714.3000745672948;765.096;18.32003377470326;18.43156937168669;89.28750932091185;95.637
5769106;> 2010;200.0;100.0;2;False;216.0;100.0;1.83;1.4;185.41999999999996;164.77999999999997;14.606838528745548;13.931302342517295;27.81299999999999;24.717
901187;< 1975;180.0;120.0;1;True;118.3080724211159;120.0;1.6572670690061992;2.0;490.53789776850647;573.822;18.165279371697544;18.43156937168669;81.75631629475107;95.637
7411491;1991 - 95;180.0;70.0;3;False;271.07784859704054;70.0;2.0893213810946696;1.65;294.66481672837233;251.17199999999997;16.945682182241537;16.416798050738137;49.11080278806206;41.861999999999995
1071058;> 2010;250.0;110.0;2;True;226.54271120475275;110.0;1.566170844819011;1.4;215.94525068914064;205.97499999999997;14.21149575639702;13.931302342517295;25.913430082696877;24.716999999999995
1091217;2000 - 10;150.0;65.0;2;True;174.14476736324866;65.0;1.810965115754991;1.4;181.84290694529943;157.18499999999997;15.875560875049093;15.228552342780798;36.368581389059884;31.436999999999994
7069411;1995 - 00;190.0;90.0;2;True;204.915592378911;90.0;1.789029433573216;1.65;279.6545758084011;265.126;16.60295206236543;16.41679805073814;44.15598565395807;41.861999999999995
679810;1981 - 85;320.0;100.0;2;False;216.0;100.0;1.14375;1.65;448.928;578.528;16.435954095088746;17.234360307539134;42.087;54.237
721074;> 2010;134.0;67.0;2;False;176.80361987244493;67.0;2.0694299990480967;1.4;131.93146876938675;110.40259999999998;14.921605843931406;13.931302342517295;29.536895993146288;24.716999999999995
712718;1981 - 85;200.0;80.0;2;False;193.19627325598185;80.0;1.5659813662799094;1.65;348.13701860478545;361.58;17.12756774902118;17.234360307539134;52.22055279071782;54.236999999999995
7211189;< 1975;202.0;101.0;2;False;217.07731341621124;101.0;1.8246401654267885;2.0;596.1351731118853;643.9558000000001;18.305753383535986;18.43156937168669;88.53492669978495;95.63700000000001
811080;1986 - 90;190.0;95.0;2;False;210.53075784787362;95.0;1.8580566202519662;1.65;375.12560627829885;343.501;17.467514922734406;17.234360307539134;59.23035888604719;54.236999999999995
5831058;< 1975;160.0;100.0;1;True;108.0;100.0;1.6125;2.0;426.36400000000003;510.06399999999996;18.123668977681042;18.43156937168669;79.94325;95.63699999999999
760117;1976 - 80;155.0;77.5;2;False;190.15362210591732;77.5;1.97679756197366;1.65;320.7473976847338;280.22450000000003;17.58376839346408;17.234360307539134;62.08014148736783;54.237
468980;< 1975;160.0;75.0;2;True;187.06148721743878;75.0;1.8722592951089922;2.0;482.47200774354235;510.06399999999996;18.341872715597546;18.43156937168669;90.4635014519142;95.63699999999999
103721;2000 - 10;160.0;80.0;2;False;193.19627325598185;80.0;1.9574767078498865;1.4;203.34250930239273;167.664;16.065751314151868;15.228552342780798;38.126720494198636;31.437
821088;1995 - 00;220.0;110.0;2;False;226.54271120475275;110.0;1.7797395963852398;1.65;322.68649116261406;306.988;16.591118531064666;16.41679805073814;44.00270334035646;41.861999999999995
121887;2000 - 10;180.0;70.0;2;True;180.71856573136034;70.0;1.587325365174224;1.4;202.10942629254413;188.62199999999996;15.54696672733467;15.228552342780798;33.68490438209069;31.436999999999994
796869;2000 - 10;150.0;50.0;3;True;229.10259710444143;50.0;2.027350647362943;1.4;194.82603884177658;157.18499999999997;16.150411903569548;15.228552342780798;38.96520776835531;31.436999999999994
727690;1976 - 80;157.0;53.0;3;False;235.8755604126888;53.0;2.0087615312910114;1.65;328.90074833015103;283.8403;17.6132617393378;17.234360307539134;62.84727675098427;54.237
669010;1986 - 90;170.0;90.0;2;True;204.915592378911;90.0;1.9995034845818296;1.65;354.8754739031288;307.34299999999996;17.604793617740892;17.234360307539134;62.6250836299639;54.236999999999995
9889114;< 1975;200.0;80.0;3;False;289.7944098839728;80.0;2.0489720494198638;2.0;650.8024533433631;637.5799999999999;18.4634354175177;18.43156937168669;97.62036800150446;95.63699999999999
7984107;< 1975;120.0;60.0;1;True;83.65644027808021;60.0;1.4471370023173349;2.0;292.98419437540826;382.548;17.952107958318038;18.43156937168669;73.24604859385207;95.637
721077;1981 - 85;234.0;117.0;1;True;116.81986132503327;117.0;1.2492301766027063;1.65;348.0244890600266;423.04859999999996;16.638167609526466;17.234360307539134;44.61852423846495;54.236999999999995
658466;1986 - 90;162.0;81.0;2;False;194.4;81.0;1.95;1.65;331.7598;292.8798;17.5584745348894;17.234360307539134;61.437;54.237
112120;1976 - 80;136.0;70.0;2;False;180.71856573136034;70.0;2.1008718068482377;1.65;294.9292525850883;245.8744;17.69436231218259;17.234360307539134;65.0579233643577;54.237
1159664;< 1975;152.0;76.0;2;False;188.30443436095712;76.0;1.9888449629010334;2.0;482.2717863872921;484.56080000000003;18.424125106523075;18.43156937168669;95.18522099749185;95.637
122887;2000 - 10;232.0;108.0;2;True;224.47378466092653;108.0;1.66583527871089;1.4;267.7823138643706;243.1128;15.668123173408944;15.2285523427808;34.627023344530684;31.437
706817;2000 - 10;168.0;64.0;2;True;172.8;64.0;1.6;1.4;189.48720000000003;176.04719999999998;15.566982888553952;15.228552342780798;33.837;31.436999999999994
748773;1981 - 85;200.0;80.0;2;False;193.19627325598185;80.0;1.5659813662799094;1.65;348.13701860478545;361.58;17.12756774902118;17.234360307539134;52.22055279071782;54.236999999999995
877881;1981 - 85;160.0;140.0;1;True;127.78732331495172;140.0;2.111170770718448;1.65;348.2938586519614;289.264;17.703088986132787;17.234360307539134;65.30509849724277;54.237
100119;1986 - 90;160.0;160.0;1;False;136.610394919274;160.0;2.3538149682454623;1.65;379.35231593541914;289.264;17.89114243832324;17.234360307539134;71.1285592378911;54.237
8087988;2000 - 10;198.0;84.0;2;True;197.9672700220923;84.0;1.6361983334449106;1.4;226.19110800883692;207.4842;15.623170120545488;15.2285523427808;34.271380001338926;31.436999999999998
5610182;1995 - 00;140.0;50.0;3;False;229.10259710444143;50.0;2.172161407888867;1.65;235.56242840744278;195.356;17.028388590097066;16.41679805073814;50.47766323016631;41.862
113115;2000 - 10;305.0;104.0;3;False;330.41646448081246;104.0;1.594808080264959;1.4;343.37608579232494;319.60949999999997;15.558805452391564;15.228552342780798;33.7746969631795;31.437
6901131;2000 - 10;195.0;195.0;1;False;150.81379247270456;195.0;2.2734040639625874;1.4;272.4660169890818;204.34049999999996;16.42157208897332;15.228552342780798;41.91784876755105;31.436999999999998
7474976;< 1975;180.0;60.0;2;True;167.31288055616042;60.0;1.42951600308978;2.0;435.19438875081653;573.822;17.931958629835822;18.43156937168669;72.53239812513608;95.637
730976;1995 - 00;130.0;50.0;2;True;152.73506473629428;50.0;1.7518081902791867;1.65;188.68128560496186;181.402;16.555037252815353;16.41679805073814;43.54183513960658;41.861999999999995
104118;1986 - 90;150.0;140.0;1;True;127.78732331495172;140.0;2.2519154887663446;1.65;343.41485865196137;271.185;17.816052564108478;17.234360307539134;68.68297173039227;54.237
119498;1976 - 80;131.0;131.0;1;False;123.61164993640367;131.0;2.443600381193921;1.65;320.0042199491229;236.8349;17.95315199248267;17.234360307539134;73.2834091486541;54.237
767371;1981 - 85;180.0;90.0;2;False;204.915592378911;90.0;1.8884199576606167;1.65;359.7544739031288;325.422;17.498293793999228;17.234360307539134;59.9590789838548;54.237
841211;< 1975;112.0;56.0;2;False;161.6395991086343;56.0;2.193210706327092;2.0;386.2582587966563;357.0448;18.55019281207186;18.43156937168669;103.46203360624723;95.63700000000001
611629;< 1975;108.0;43.5;3;False;213.6926765240213;43.5;2.5828025604076044;2.0;429.26581330742874;344.2932;18.74203818878708;18.43156937168669;119.24050369650797;95.637
8190108;2000 - 10;160.0;65.0;2;True;174.14476736324866;65.0;1.697779796020304;1.4;186.72190694529945;167.664;15.715553610780328;15.228552342780798;35.01035755224365;31.437
105714;1981 - 85;145.0;145.0;1;False;130.0492214509568;145.0;2.396891182420392;1.65;348.78487716076546;262.14549999999997;17.921354830800688;17.234360307539134;72.16238837808942;54.236999999999995
698983;< 1975;140.0;70.0;2;False;180.71856573136034;70.0;2.040846898081145;2.0;454.0260637373364;446.306;18.458238290907975;18.43156937168669;97.29129937228637;95.637
7646451;> 2010;219.0;130.0;2;False;246.27789182141382;130.0;2.0149675425635336;1.4;212.75679403713931;180.43409999999997;14.853278340860625;13.931302342517295;29.14476630645744;24.716999999999995
477661;2000 - 10;230.0;108.0;2;True;224.47378466092653;108.0;1.6803208028735936;1.4;266.80651386437063;241.01699999999997;15.68976040598246;15.228552342780798;34.80084963448313;31.436999999999998
7747482;1981 - 85;200.0;100.0;2;False;216.0;100.0;1.83;1.65;390.38;361.58;17.43839336031559;17.234360307539134;58.556999999999995;54.236999999999995
776736;< 1975;180.0;90.0;2;False;204.915592378911;90.0;1.8884199576606167;2.0;546.7080497115298;573.822;18.353783156339322;18.43156937168669;91.11800828525497;95.637
310610;1981 - 85;160.0;80.0;2;False;193.19627325598185;80.0;1.9574767078498865;1.65;328.6210186047855;289.264;17.5655848083104;17.234360307539134;61.61644098839728;54.237
8773113;1976 - 80;160.0;80.0;2;False;193.19627325598185;80.0;1.9574767078498865;1.65;328.6210186047855;289.264;17.5655848083104;17.234360307539134;61.61644098839728;54.237
897731;< 1975;639.0;213.0;3;False;472.86243242617616;213.0;1.2400038066137342;2.0;1381.4573837753378;2037.0681000000002;17.687225072938194;18.43156937168669;64.85715416785624;95.63700000000001
468665;< 1975;170.0;170.0;1;False;140.81477195237724;170.0;2.32832218795516;2.0;617.2929421357093;541.943;18.62302005744765;18.43156937168669;108.93404861218399;95.637
1191021;< 1975;380.0;300.0;1;True;187.06148721743878;300.0;1.6764775979406283;2.0;1045.4350077435424;1211.402;18.182574731162923;18.43156937168669;82.53434271659545;95.637
9097838;1981 - 85;213.5;90.0;2;True;204.915592378911;90.0;1.592110502945719;1.65;376.0991239031288;385.98665;17.16165252149071;17.234360307539134;52.84765207069726;54.237
112691;1991 - 95;320.0;80.0;3;True;289.7944098839728;80.0;1.280607530887415;1.65;381.5149254361851;446.52799999999996;15.806192907995083;16.41679805073814;35.767024259642355;41.861999999999995
699801;1976 - 80;225.0;150.0;2;False;264.5448922205832;150.0;2.1757550765359253;1.65;501.41341377646654;406.7775;17.75634243302966;17.234360307539134;66.85512183686221;54.236999999999995
808410;1991 - 95;204.0;60.0;3;True;250.96932083424065;60.0;1.6714182393835326;1.65;287.06472645883235;284.66159999999996;16.446794377761083;16.416798050738137;42.215400949828286;41.86199999999999
876790;2000 - 10;180.0;70.0;3;False;271.07784859704054;70.0;2.0893213810946696;1.4;238.25313943881622;188.62199999999996;16.22250518033102;15.228552342780798;39.70885657313604;31.436999999999994
1015877;< 1975;170.0;170.0;1;False;140.81477195237724;170.0;2.32832218795516;2.0;617.2929421357093;541.943;18.62302005744765;18.43156937168669;108.93404861218399;95.637
1141047;1995 - 00;148.0;60.0;3;False;250.96932083424065;60.0;2.3038467623935177;1.65;259.74232645883234;206.5192;17.1510226689323;16.41679805073814;52.65047157949304;41.862
