Household_ID;hp_type;hp_install_year;era;unit_age_years;unit_recommendation;term_vintage_kwh;vintage_factor;visit_status;curve_first
661091;ground-source;;pre1975;;RECORD_INSTALL_YEAR;;;;False
120701;ground-source;2007.0;1976_1990;17.0;KEEP_IN_LIFE;222.1969150228631;0.8672222222222222;BELOW_PHYSICS;False
412211;air-source;;1991_2000;;RECORD_INSTALL_YEAR;;;;False
706646;air-source;;2001_2010;;RECORD_INSTALL_YEAR;0.0;1.0;INCONCLUSIVE;False
1078861;ground-source;;pre1975;;RECORD_INSTALL_YEAR;0.0;1.0;INCONCLUSIVE;False
190821;ground-source;;post2010;;RECORD_INSTALL_YEAR;0.0;1.0;INCONCLUSIVE;False
105898;air-source;;1976_1990;;RECORD_INSTALL_YEAR;0.0;1.0;INCONCLUSIVE;False
889410;air-source;;2001_2010;;RECORD_INSTALL_YEAR;;;;False
1178890;air-source;2009.0;2001_2010;15.0;PLAN_REPLACEMENT;207.01443010287755;0.9084444444444445;INCONCLUSIVE;False
731201;air-source;;1976_1990;;RECORD_INSTALL_YEAR;0.0;1.0;INCONCLUSIVE;False
1194992;air-source;;post2010;;RECORD_INSTALL_YEAR;;;;False
1228011;air-source;;2001_2010;;RECORD_INSTALL_YEAR;0.0;1.0;INCONCLUSIVE;False
114117;air-source;;1991_2000;;RECORD_INSTALL_YEAR;0.0;1.0;SLOPE_EXCESS;False
758039;air-source;2010.0;1976_1990;14.0;PLAN_REPLACEMENT;;;;False
8627071;ground-source;;2001_2010;;RECORD_INSTALL_YEAR;0.0;1.0;INCONCLUSIVE;False
867211;ground-source;;1991_2000;;RECORD_INSTALL_YEAR;0.0;1.0;BELOW_PHYSICS;False
1114677;air-source;;post2010;;RECORD_INSTALL_YEAR;0.0;1.0;SLOPE_EXCESS;False
611797;air-source;;1976_1990;;RECORD_INSTALL_YEAR;0.0;1.0;SLOPE_EXCESS;False
1137376;ground-source;;1976_1990;;RECORD_INSTALL_YEAR;0.0;1.0;INCONCLUSIVE;False
779742;ground-source;;pre1975;;RECORD_INSTALL_YEAR;;;;False
700831;ground-source;;1976_1990;;RECORD_INSTALL_YEAR;0.0;1.0;INCONCLUSIVE;False
1191127;ground-source;;2001_2010;;RECORD_INSTALL_YEAR;0.0;1.0;SLOPE_EXCESS;False
121798;ground-source;;1976_1990;;RECORD_INSTALL_YEAR;0.0;1.0;SLOPE_EXCESS;False
114671;ground-source;;pre1975;;RECORD_INSTALL_YEAR;0.0;1.0;INCONCLUSIVE;False
1121037;ground-source;;2001_2010;;RECORD_INSTALL_YEAR;0.0;1.0;SLOPE_EXCESS;False
120912;ground-source;;pre1975;;RECORD_INSTALL_YEAR;;;;False
9880798;ground-source;;1991_2000;;RECORD_INSTALL_YEAR;0.0;1.0;SLOPE_EXCESS;False
680861;ground-source;;1991_2000;;RECORD_INSTALL_YEAR;0.0;1.0;SLOPE_EXCESS;False
468185;ground-source;;1976_1990;;RECORD_INSTALL_YEAR;0.0;1.0;INCONCLUSIVE;False
674801;ground-source;;1991_2000;;RECORD_INSTALL_YEAR;;;;False
781007;ground-source;;1976_1990;;RECORD_INSTALL_YEAR;0.0;1.0;BELOW_PHYSICS;False
761079;ground-source;;1976_1990;;RECORD_INSTALL_YEAR;0.0;1.0;INCONCLUSIVE;False
107998;ground-source;1999.0;1976_1990;25.0;PLAN_REPLACEMENT;;;;False
461089;ground-source;;1976_1990;;RECORD_INSTALL_YEAR;0.0;1.0;BELOW_PHYSICS;False
711368;air-source;;pre1975;;RECORD_INSTALL_YEAR;;;;False
114109;ground-source;;1976_1990;;RECORD_INSTALL_YEAR;0.0;1.0;INCONCLUSIVE;False
107114;ground-source;;1976_1990;;RECORD_INSTALL_YEAR;0.0;1.0;INCONCLUSIVE;False
671048;air-source;;2001_2010;;RECORD_INSTALL_YEAR;0.0;1.0;SLOPE_EXCESS;False
109711;ground-source;;1991_2000;;RECORD_INSTALL_YEAR;0.0;1.0;INCONCLUSIVE;False
7610179;air-source;;1991_2000;;RECORD_INSTALL_YEAR;0.0;1.0;INCONCLUSIVE;False
6569121;air-source;;2001_2010;;RECORD_INSTALL_YEAR;0.0;1.0;INCONCLUSIVE;False
5011111;air-source;;pre1975;;RECORD_INSTALL_YEAR;0.0;1.0;BELOW_PHYSICS;False
5661171;ground-source;;2001_2010;;RECORD_INSTALL_YEAR;0.0;1.0;SLOPE_EXCESS;False
110119;air-source;;2001_2010;;RECORD_INSTALL_YEAR;0.0;1.0;INCONCLUSIVE;False
102766;ground-source;;2001_2010;;RECORD_INSTALL_YEAR;0.0;1.0;SLOPE_EXCESS;False
105900;air-source;;2001_2010;;RECORD_INSTALL_YEAR;0.0;1.0;SLOPE_EXCESS;False
826780;ground-source;;pre1975;;RECORD_INSTALL_YEAR;0.0;1.0;INCONCLUSIVE;False
698310;air-source;;pre1975;;RECORD_INSTALL_YEAR;0.0;1.0;INCONCLUSIVE;False
24611;air-source;2018.0;pre1975;6.0;KEEP_IN_LIFE;0.0;1.0;SLOPE_EXCESS;False
6683113;air-source;;pre1975;;RECORD_INSTALL_YEAR;0.0;1.0;INCONCLUSIVE;False
896968;air-source;;1976_1990;;RECORD_INSTALL_YEAR;0.0;1.0;INCONCLUSIVE;False
9981041;ground-source;;2001_2010;;RECORD_INSTALL_YEAR;0.0;1.0;INCONCLUSIVE;False
111710;ground-source;1992.0;1991_2000;32.0;REPLACE_END_OF_LIFE;866.8828627324133;0.761;SLOPE_EXCESS;True
1027273;air-source;;2001_2010;;RECORD_INSTALL_YEAR;0.0;1.0;INCONCLUSIVE;False
118117;water-source;;1976_1990;;RECORD_INSTALL_YEAR;;;;False
6981151;air-source;;pre1975;;RECORD_INSTALL_YEAR;0.0;1.0;SLOPE_EXCESS;False
876511;air-source;;1991_2000;;RECORD_INSTALL_YEAR;0.0;1.0;SLOPE_EXCESS;False
7412010;air-source;;2001_2010;;RECORD_INSTALL_YEAR;0.0;1.0;INCONCLUSIVE;False
7101112;air-source;;post2010;;RECORD_INSTALL_YEAR;;;;False
6810910;air-source;2019.0;1976_1990;5.0;KEEP_IN_LIFE;0.0;1.0;INCONCLUSIVE;False
9889190;ground-source;2017.0;pre1975;7.0;KEEP_IN_LIFE;0.0;1.0;INCONCLUSIVE;False
6808461;ground-source;2015.0;post2010;9.0;KEEP_IN_LIFE;33.61950010405805;0.9734444444444444;INCONCLUSIVE;False
747511;air-source;2014.0;1991_2000;10.0;KEEP_IN_LIFE;;;;False
6773102;ground-source;2014.0;pre1975;10.0;KEEP_IN_LIFE;64.73523156486874;0.9601666666666666;INCONCLUSIVE;False
4710670;air-source;2017.0;pre1975;7.0;KEEP_IN_LIFE;0.0;1.0;INCONCLUSIVE;False
716869;air-source;2011.0;1976_1990;13.0;PLAN_REPLACEMENT;130.84307925252162;0.9313333333333333;INCONCLUSIVE;False
115508;ground-source;2018.0;pre1975;6.0;KEEP_IN_LIFE;0.0;1.0;INCONCLUSIVE;False
781099;ground-source;2009.0;1976_1990;15.0;KEEP_IN_LIFE;140.55723990561418;0.8937777777777778;INCONCLUSIVE;False
105768;ground-source;2017.0;pre1975;7.0;KEEP_IN_LIFE;0.0;1.0;INCONCLUSIVE;False
8010411;air-source;2018.0;post2010;6.0;KEEP_IN_LIFE;0.0;1.0;SLOPE_EXCESS;False
7086681;air-source;2010.0;2001_2010;14.0;PLAN_REPLACEMENT;147.9937728881361;0.919888888888889;SLOPE_EXCESS;True
868122;air-source;2012.0;1976_1990;12.0;KEEP_IN_LIFE;166.77736049242907;0.9427777777777778;BELOW_PHYSICS;False
881223;air-source;2009.0;1976_1990;15.0;PLAN_REPLACEMENT;262.2093261588714;0.9084444444444445;SLOPE_EXCESS;True
118708;ground-source;2012.0;1991_2000;12.0;KEEP_IN_LIFE;64.06963930535134;0.9336111111111112;SLOPE_EXCESS;False
1037610;ground-source;2019.0;post2010;5.0;KEEP_IN_LIFE;0.0;1.0;INCONCLUSIVE;False
6885841;air-source;2017.0;post2010;7.0;KEEP_IN_LIFE;0.0;1.0;INCONCLUSIVE;False
2794690;air-source;2018.0;1976_1990;6.0;KEEP_IN_LIFE;0.0;1.0;INCONCLUSIVE;False
111119;ground-source;2017.0;1976_1990;7.0;KEEP_IN_LIFE;0.0;1.0;BELOW_PHYSICS;False
105807;ground-source;2005.0;1976_1990;19.0;KEEP_IN_LIFE;260.2592456461405;0.8406666666666667;SLOPE_EXCESS;False
7374981;air-source;2011.0;post2010;13.0;PLAN_REPLACEMENT;196.53062222510223;0.9313333333333333;SLOPE_EXCESS;True
861116;air-source;1980.0;1976_1990;44.0;REPLACE_END_OF_LIFE;471.2747866301766;0.794;INCONCLUSIVE;False
108511;ground-source;2003.0;2001_2010;21.0;KEEP_IN_LIFE;377.2393287741387;0.8141111111111111;SLOPE_EXCESS;False
119701;air-source;2006.0;pre1975;18.0;PLAN_REPLACEMENT;;;;False
86109;air-source;2016.0;1976_1990;8.0;KEEP_IN_LIFE;18.858441861157843;0.9885555555555555;INCONCLUSIVE;False
1037311;ground-source;2020.0;1976_1990;4.0;KEEP_IN_LIFE;0.0;1.0;BELOW_PHYSICS;False
768498;air-source;2009.0;1976_1990;15.0;PLAN_REPLACEMENT;;;;False
116121;air-source;2009.0;pre1975;15.0;PLAN_REPLACEMENT;460.7673772205523;0.9084444444444445;BELOW_PHYSICS;False
120741;air-source;2010.0;1976_1990;14.0;PLAN_REPLACEMENT;137.1361594127467;0.919888888888889;SLOPE_EXCESS;True
114721;air-source;2006.0;1976_1990;18.0;PLAN_REPLACEMENT;237.4730601904619;0.8741111111111112;SLOPE_EXCESS;True
815461;ground-source;2006.0;1976_1990;18.0;KEEP_IN_LIFE;239.5615330665232;0.8539444444444444;INCONCLUSIVE;False
1678757;air-source;2016.0;1976_1990;8.0;KEEP_IN_LIFE;23.383353731105647;0.9885555555555555;INCONCLUSIVE;False
971071;air-source;2013.0;1976_1990;11.0;KEEP_IN_LIFE;106.1031372396342;0.9542222222222222;INCONCLUSIVE;False
121728;ground-source;2014.0;post2010;10.0;KEEP_IN_LIFE;94.9618490433892;0.9601666666666666;BELOW_PHYSICS;False
114798;ground-source;2010.0;pre1975;14.0;KEEP_IN_LIFE;227.24075795270912;0.9070555555555555;BELOW_PHYSICS;False
1081057;ground-source;2020.0;post2010;4.0;KEEP_IN_LIFE;0.0;1.0;BELOW_PHYSICS;False
9776611;air-source;2019.0;post2010;5.0;KEEP_IN_LIFE;0.0;1.0;INCONCLUSIVE;False
996610;air-source;2003.0;2001_2010;21.0;REPLACE_END_OF_LIFE;;;;False
7411010;air-source;2016.0;post2010;8.0;KEEP_IN_LIFE;28.50943003205108;0.9885555555555555;INCONCLUSIVE;False
512280;ground-source;2014.0;post2010;10.0;KEEP_IN_LIFE;82.18732174606069;0.9601666666666666;BELOW_PHYSICS;False
7710511;air-source;2011.0;pre1975;13.0;PLAN_REPLACEMENT;177.13025575913028;0.9313333333333333;SLOPE_EXCESS;True
823761;air-source;2020.0;1991_2000;4.0;KEEP_IN_LIFE;0.0;1.0;BELOW_PHYSICS;False
1101758;ground-source;2013.0;1976_1990;11.0;KEEP_IN_LIFE;60.380427527113554;0.9468888888888889;INCONCLUSIVE;False
1061168;ground-source;2013.0;post2010;11.0;KEEP_IN_LIFE;58.69935747801686;0.9468888888888889;BELOW_PHYSICS;False
808112;air-source;2005.0;1976_1990;19.0;PLAN_REPLACEMENT;215.48407221905154;0.8626666666666667;INCONCLUSIVE;False
1019970;ground-source;2015.0;post2010;9.0;KEEP_IN_LIFE;28.953589222494163;0.9734444444444444;INCONCLUSIVE;False
1148611;ground-source;1993.0;1991_2000;31.0;REPLACE_END_OF_LIFE;465.07418438435093;0.761;SLOPE_EXCESS;True
7048688;ground-source;2008.0;1976_1990;16.0;KEEP_IN_LIFE;120.32019220357792;0.8805000000000001;INCONCLUSIVE;False
109104;air-source;2006.0;pre1975;18.0;PLAN_REPLACEMENT;340.40200645249746;0.8741111111111112;INCONCLUSIVE;False
468646;air-source;;1976_1990;;RECORD_INSTALL_YEAR;0.0;1.0;INCONCLUSIVE;False
1114639;ground-source;;1976_1990;;RECORD_INSTALL_YEAR;0.0;1.0;SLOPE_EXCESS;False
671781;air-source;2002.0;pre1975;22.0;REPLACE_END_OF_LIFE;352.1817895202298;0.8283333333333334;BELOW_PHYSICS;False
768113;air-source;2020.0;1976_1990;4.0;KEEP_IN_LIFE;0.0;1.0;INCONCLUSIVE;False
122850;ground-source;;2001_2010;;RECORD_INSTALL_YEAR;0.0;1.0;INCONCLUSIVE;False
461104;air-source;2021.0;1991_2000;3.0;KEEP_IN_LIFE;0.0;1.0;INCONCLUSIVE;False
112810;air-source;2018.0;1991_2000;6.0;KEEP_IN_LIFE;0.0;1.0;INCONCLUSIVE;False
610891;air-source;2007.0;2001_2010;17.0;PLAN_REPLACEMENT;291.31946363158187;0.8855555555555555;BELOW_PHYSICS;False
858577;air-source;2004.0;1976_1990;20.0;REPLACE_END_OF_LIFE;297.5124755726884;0.8512222222222222;INCONCLUSIVE;False
8399121;air-source;2006.0;2001_2010;18.0;PLAN_REPLACEMENT;332.9172289086105;0.8741111111111112;INCONCLUSIVE;False
108987;air-source;2007.0;2001_2010;17.0;PLAN_REPLACEMENT;330.7954333093827;0.8855555555555555;SLOPE_EXCESS;True
788488;air-source;2019.0;2001_2010;5.0;KEEP_IN_LIFE;0.0;1.0;INCONCLUSIVE;False
7099511;air-source;2020.0;;4.0;KEEP_IN_LIFE;;;;False
865116;air-source;;1976_1990;;RECORD_INSTALL_YEAR;0.0;1.0;INCONCLUSIVE;False
991118;ground-source;1983.0;1976_1990;41.0;REPLACE_END_OF_LIFE;424.61980103065036;0.761;SLOPE_EXCESS;True
816910;air-source;1996.0;1991_2000;28.0;REPLACE_END_OF_LIFE;634.3874210154192;0.794;SLOPE_EXCESS;True
1001228;air-source;2010.0;2001_2010;14.0;PLAN_REPLACEMENT;138.77628548830242;0.919888888888889;SLOPE_EXCESS;True
107461;air-source;2007.0;1976_1990;17.0;PLAN_REPLACEMENT;158.7788270985606;0.8855555555555555;SLOPE_EXCESS;True
106100;air-source;2015.0;1976_1990;9.0;KEEP_IN_LIFE;36.495107733715066;0.977111111111111;INCONCLUSIVE;False
5845834;ground-source;;2001_2010;;RECORD_INSTALL_YEAR;0.0;1.0;INCONCLUSIVE;False
1111201;air-source;2013.0;pre1975;11.0;KEEP_IN_LIFE;110.1583335910539;0.9542222222222222;SLOPE_EXCESS;False
8612210;ground-source;2017.0;1976_1990;7.0;KEEP_IN_LIFE;0.0;1.0;INCONCLUSIVE;False
998988;ground-source;2020.0;post2010;4.0;KEEP_IN_LIFE;;;;False
7211010;ground-source;2018.0;pre1975;6.0;KEEP_IN_LIFE;0.0;1.0;INCONCLUSIVE;False
1211151;ground-source;2020.0;pre1975;4.0;KEEP_IN_LIFE;0.0;1.0;BELOW_PHYSICS;False
7771161;air-source;2017.0;pre1975;7.0;KEEP_IN_LIFE;0.0;1.0;SLOPE_EXCESS;False
5769106;ground-source;;post2010;;RECORD_INSTALL_YEAR;0.0;1.0;INCONCLUSIVE;False
901187;air-source;2021.0;pre1975;3.0;KEEP_IN_LIFE;0.0;1.0;SLOPE_EXCESS;False
7411491;air-source;2019.0;1991_2000;5.0;KEEP_IN_LIFE;0.0;1.0;INCONCLUSIVE;False
1071058;air-source;2011.0;post2010;13.0;PLAN_REPLACEMENT;168.6369352858496;0.9313333333333333;INCONCLUSIVE;False
1091217;ground-source;2008.0;2001_2010;16.0;KEEP_IN_LIFE;133.55835454342525;0.8805000000000001;INCONCLUSIVE;False
7069411;air-source;2016.0;1991_2000;8.0;KEEP_IN_LIFE;21.90860004480121;0.9885555555555555;SLOPE_EXCESS;False
679810;ground-source;;1976_1990;;RECORD_INSTALL_YEAR;0.0;1.0;INCONCLUSIVE;False
721074;air-source;2014.0;post2010;10.0;KEEP_IN_LIFE;47.68872101568552;0.9656666666666667;BELOW_PHYSICS;False
778721;ground-source;1997.0;1991_2000;27.0;REPLACE_END_OF_LIFE;;;;False
728210;ground-source;;;;RECORD_INSTALL_YEAR;;;;False
712718;ground-source;2016.0;1976_1990;8.0;KEEP_IN_LIFE;17.530382125835565;0.9867222222222223;BELOW_PHYSICS;False
7211189;air-source;2016.0;pre1975;8.0;KEEP_IN_LIFE;21.65904951725212;0.9885555555555555;INCONCLUSIVE;False
811080;air-source;2012.0;1976_1990;12.0;KEEP_IN_LIFE;107.98536040914018;0.9427777777777778;SLOPE_EXCESS;False
5831058;air-source;2018.0;pre1975;6.0;KEEP_IN_LIFE;0.0;1.0;INCONCLUSIVE;False
760117;air-source;2013.0;1976_1990;11.0;KEEP_IN_LIFE;72.32724966691353;0.9542222222222222;INCONCLUSIVE;False
468980;air-source;2022.0;pre1975;2.0;KEEP_IN_LIFE;0.0;1.0;SLOPE_EXCESS;False
103721;ground-source;2004.0;2001_2010;20.0;KEEP_IN_LIFE;209.47253736177112;0.827388888888889;INCONCLUSIVE;False
821088;ground-source;2019.0;1991_2000;5.0;KEEP_IN_LIFE;0.0;1.0;SLOPE_EXCESS;False
121887;air-source;2007.0;2001_2010;17.0;PLAN_REPLACEMENT;;;;False
796869;air-source;2019.0;2001_2010;5.0;KEEP_IN_LIFE;0.0;1.0;INCONCLUSIVE;False
727690;ground-source;2013.0;1976_1990;11.0;KEEP_IN_LIFE;74.9533204713083;0.9468888888888889;INCONCLUSIVE;False
669010;air-source;;1976_1990;;RECORD_INSTALL_YEAR;0.0;1.0;INCONCLUSIVE;False
9889114;air-source;2021.0;pre1975;3.0;KEEP_IN_LIFE;0.0;1.0;INCONCLUSIVE;False
7984107;air-source;2011.0;pre1975;13.0;PLAN_REPLACEMENT;130.71833959577165;0.9313333333333333;INCONCLUSIVE;False
721077;ground-source;2009.0;1976_1990;15.0;KEEP_IN_LIFE;170.1162602344099;0.8937777777777778;INCONCLUSIVE;False
658466;ground-source;2020.0;1976_1990;4.0;KEEP_IN_LIFE;0.0;1.0;BELOW_PHYSICS;False
461158;ground-source;;1976_1990;;RECORD_INSTALL_YEAR;;;;False
112120;air-source;;1976_1990;;RECORD_INSTALL_YEAR;0.0;1.0;INCONCLUSIVE;False
1159664;air-source;2013.0;pre1975;11.0;KEEP_IN_LIFE;90.6847026631612;0.9542222222222222;INCONCLUSIVE;False
122887;air-source;2018.0;2001_2010;6.0;KEEP_IN_LIFE;0.0;1.0;BELOW_PHYSICS;False
706817;air-source;2006.0;2001_2010;18.0;PLAN_REPLACEMENT;226.49385829772686;0.8741111111111112;INCONCLUSIVE;False
748773;ground-source;2016.0;1976_1990;8.0;KEEP_IN_LIFE;17.530382125835565;0.9867222222222223;BELOW_PHYSICS;False
877881;ground-source;;1976_1990;;RECORD_INSTALL_YEAR;;;;False
100119;ground-source;;1976_1990;;RECORD_INSTALL_YEAR;0.0;1.0;INCONCLUSIVE;False
8087988;air-source;;2001_2010;;RECORD_INSTALL_YEAR;0.0;1.0;;False
5610182;air-source;1997.0;1991_2000;27.0;REPLACE_END_OF_LIFE;386.3299874227739;0.794;;False
113115;ground-source;2002.0;2001_2010;22.0;PLAN_REPLACEMENT;;;;False
757271;ground-source;2001.0;pre1975;23.0;PLAN_REPLACEMENT;;;;False
6901131;air-source;;2001_2010;;RECORD_INSTALL_YEAR;0.0;1.0;;False
7474976;air-source;2020.0;pre1975;4.0;KEEP_IN_LIFE;0.0;1.0;;False
1171127;air-source;2012.0;1976_1990;12.0;KEEP_IN_LIFE;;;;False
801031;air-source;;2001_2010;;RECORD_INSTALL_YEAR;0.0;1.0;;False
730976;air-source;1997.0;1991_2000;27.0;REPLACE_END_OF_LIFE;335.1445434052769;0.794;;False
104118;ground-source;2009.0;1976_1990;15.0;KEEP_IN_LIFE;137.11558281703086;0.8937777777777778;;False
119498;air-source;;1976_1990;;RECORD_INSTALL_YEAR;0.0;1.0;;False
767371;air-source;1998.0;1976_1990;26.0;REPLACE_END_OF_LIFE;440.89256773691244;0.794;;False
841211;air-source;;pre1975;;RECORD_INSTALL_YEAR;0.0;1.0;;False
611629;air-source;2019.0;pre1975;5.0;KEEP_IN_LIFE;0.0;1.0;;False
8190108;air-source;2007.0;2001_2010;17.0;PLAN_REPLACEMENT;200.68704294258887;0.8855555555555555;;False
105714;air-source;;1976_1990;;RECORD_INSTALL_YEAR;0.0;1.0;;False
698983;air-source;2023.0;pre1975;1.0;KEEP_IN_LIFE;0.0;1.0;;False
417510;air-source;2017.0;2001_2010;7.0;KEEP_IN_LIFE;;;;False
7646451;air-source;2019.0;post2010;5.0;KEEP_IN_LIFE;0.0;1.0;;False
477661;ground-source;;2001_2010;;RECORD_INSTALL_YEAR;0.0;1.0;;False
122671;air-source;2020.0;1976_1990;4.0;KEEP_IN_LIFE;;;;False
7747482;ground-source;;1976_1990;;RECORD_INSTALL_YEAR;0.0;1.0;;False
100120;air-source;;1976_1990;;RECORD_INSTALL_YEAR;;;;False
776736;air-source;2020.0;pre1975;4.0;KEEP_IN_LIFE;0.0;1.0;;False
731027;ground-source;;1991_2000;;RECORD_INSTALL_YEAR;;;;False
7679818;air-source;;post2010;;RECORD_INSTALL_YEAR;;;;False
751108;ground-source;2023.0;1991_2000;1.0;KEEP_IN_LIFE;;;;False
816571;air-source;;1976_1990;;RECORD_INSTALL_YEAR;;;;False
310610;air-source;2006.0;1976_1990;18.0;PLAN_REPLACEMENT;222.77267559427602;0.8741111111111112;;False
8773113;air-source;2019.0;1976_1990;5.0;KEEP_IN_LIFE;0.0;1.0;;False
897731;air-source;;pre1975;;RECORD_INSTALL_YEAR;0.0;1.0;;False
9073879;air-source;2022.0;1976_1990;2.0;KEEP_IN_LIFE;;;;False
461222;air-source;;pre1975;;RECORD_INSTALL_YEAR;;;;False
468665;air-source;;pre1975;;RECORD_INSTALL_YEAR;;;;False
1191021;air-source;2009.0;pre1975;15.0;PLAN_REPLACEMENT;410.55062540082054;0.9084444444444445;;False
9097838;ground-source;;1976_1990;;RECORD_INSTALL_YEAR;0.0;1.0;;False
112691;air-source;;1991_2000;;RECORD_INSTALL_YEAR;;;;False
699801;air-source;2017.0;1976_1990;7.0;KEEP_IN_LIFE;0.0;1.0;;False
808410;air-source;;1991_2000;;RECORD_INSTALL_YEAR;;;;False
111901;air-source;2019.0;pre1975;5.0;KEEP_IN_LIFE;;;;False
7146661;air-source;2022.0;pre1975;2.0;KEEP_IN_LIFE;;;;False
876790;air-source;2005.0;2001_2010;19.0;PLAN_REPLACEMENT;288.0929166685887;0.8626666666666667;;False
1015877;air-source;2012.0;pre1975;12.0;KEEP_IN_LIFE;142.18781395860532;0.9427777777777778;;False
8280779;air-source;;pre1975;;RECORD_INSTALL_YEAR;;;;False
970979;air-source;2021.0;pre1975;3.0;KEEP_IN_LIFE;;;;False
1141047;air-source;2016.0;1991_2000;8.0;KEEP_IN_LIFE;20.00385711367102;0.9885555555555555;;False
