Household_ID;n_days;n_warm;n_cold;a_12;b_12;r2_12;rmse_12;a_sia;b_sia;r2_sia;rmse_sia;r2_steponly;r2_hdd12_plus_step;d_r2;d_rmse
24611;707;337;370;5.851221602482347;4.103971460550727;0.9313403601164769;4.851258891177805;2.841894659069471;2.1867511465846543;0.8282115663513152;7.673626396369753;0.49476927292068706;0.9325987484419613;-0.10312879376516171;2.8223675051919477
86109;1434;572;862;10.220953561481025;2.067195060522373;0.8337730509210066;4.272709842188302;8.256177943523921;1.179206277507699;0.8028375765473542;4.653339702124447;0.551093783451684;0.8449508854757453;-0.030935474373652405;0.3806298599361453
100119;274;137;137;18.631816207146684;3.064953834066589;0.7902472761262347;7.0902669607204265;15.633305276720117;1.8039410437714176;0.8542653599111348;5.910036718660954;0.697084188192952;0.857318602103796;0.06401808378490015;-1.1802302420594728
100120;792;340;452;9.50289830736381;3.269815535000333;0.8584196694803313;6.095884749047935;6.523306222539468;1.8404206171579252;0.8106091228169494;7.050417162882705;0.5298703803583309;0.8667885320564894;-0.047810546663381914;0.9545324138347704
102766;719;277;442;22.183391182887917;4.317873450214468;0.5075014264341235;22.400893773814225;17.560809546969338;2.5908273340489205;0.4734768270787175;23.16176244358534;0.2858986177512246;0.5094549918666486;-0.03402459935540603;0.7608686697711136
103721;1041;474;567;19.641224148566774;2.0361923615544097;0.585500024329249;7.520416426699779;17.327577614490394;1.1981414525815564;0.6355993365693925;7.051300355306608;0.5073664334104346;0.6386801733933609;0.05009931224014352;-0.469116071393171
104118;456;257;199;17.973292617629575;3.0059257637491337;0.7661738581929347;6.963801464595916;15.528142925482936;1.7084114061700633;0.813219139892602;6.223949133719954;0.6442045021323213;0.8213362168198937;0.04704528169966726;-0.7398523308759613
105714;630;295;335;21.089890897264283;3.1763126989646775;0.8907581308486697;4.9755308459871435;18.37704230495205;1.768615034027984;0.8495464519933434;5.839102227542;0.5683076872457524;0.9030210319731882;-0.041211678855326284;0.8635713815548565
105768;1158;474;684;9.490061769992836;3.0049464272690924;0.7026316592795586;8.774866172425966;6.136035398781653;1.7356618935148933;0.7054517878943445;8.733158299276363;0.49862390645945454;0.7279930979060878;0.002820128614785866;-0.041707873149603
105807;1243;488;755;16.16002603472041;4.7951114492611415;0.8791078165783954;8.1716836665745;10.610727510089525;2.810497289303087;0.887210751367298;7.893076052631481;0.6339053661695035;0.9116056209387278;0.00810293478890256;-0.27860761394301914
105898;789;334;455;25.200989669141013;3.9325606832652684;0.7298996774496328;10.853019982310443;19.40341268969719;2.455598263115562;0.8513607383052826;8.0510925855927;0.7243883071212731;0.8518474659571222;0.12146106085564978;-2.8019273967177423
105900;537;202;335;22.161552612448745;2.8762439160322226;0.8690777270960288;6.424874106107248;19.24819248617882;1.7939241671653838;0.8341675942454146;7.230903314986579;0.5566781325735234;0.8735915072135875;-0.03491013285061417;0.8060292088793304
106100;742;339;403;11.282505282335226;1.784459819813074;0.8147807520567097;3.6984346927478042;9.655121670722204;0.9880539521430803;0.7831851589105814;4.001468471578186;0.5251663260926781;0.8299550065332966;-0.031595593146128365;0.3030337788303821
107114;1415;625;790;21.712140983336823;2.6350629314162517;0.6319496134870013;9.038979312046271;18.41509353731317;1.590781936459128;0.7040075026301227;8.105990768644018;0.5780930364301283;0.7046636458104953;0.07205788914312139;-0.9329885434022529
107461;577;328;249;14.220662904263019;2.713013040953413;0.7785773460523342;6.069601401046066;12.644628568312175;1.4449081174795566;0.7249551942821539;6.76473625937986;0.4887331714978932;0.7839308222958418;-0.05362215177018026;0.6951348583337937
108511;804;335;469;25.167164353368285;3.6059990210433734;0.770572168735273;8.969959153725517;20.959619435399503;2.1192900584296477;0.7917164132094169;8.546630718893296;0.5763178757421573;0.8083429674558782;0.02114424447414387;-0.4233284348322215
108987;512;151;361;16.96259054107317;2.621460076198335;0.7764571929821446;7.79497221782129;12.992233521887886;1.681073717076142;0.7452317311730887;8.321601019520628;0.4420325946928064;0.7837043753140233;-0.031225461809055832;0.5266288016993377
109104;1173;472;701;26.585092031293026;3.129788704905976;0.7211832549306312;9.014102527624638;22.750800886714217;1.8667984340979893;0.7509327364450051;8.51964289889086;0.5590974617448033;0.761947540319293;0.029749481514373954;-0.4944596287337788
109711;712;339;373;11.502171451629405;1.9057432516806212;0.4863796535319199;8.454882477933634;9.079984144712338;1.1512744422826333;0.5605757261641511;7.820391363826339;0.46805342172339903;0.5606019574368124;0.07419607263223116;-0.6344911141072949
110119;719;339;380;13.551155177452246;1.8597716580646506;0.780233301074019;4.1141866017569075;11.810578514764547;1.0296363593653501;0.7854916505639016;4.064668611075163;0.569346642016379;0.8118166759775312;0.0052583494898825744;-0.04951799068174445
111119;1550;628;922;11.455150548416407;1.8526319921375616;0.8296896041215897;3.817972550187469;9.48299379719578;1.0705171047430284;0.8300418803195868;3.814021889779688;0.5952471175102222;0.85597475043069;0.0003522761979971589;-0.003950660407781026
111710;1134;389;745;20.71419072237025;3.3345733713457926;0.6926978317143344;12.349491805280989;16.7004366244426;2.0719486964319587;0.6507435712376195;13.165533983797813;0.3891126940095998;0.6951210188023063;-0.04195426047671491;0.8160421785168239
111901;321;122;199;18.319976866750263;5.184945553388535;0.8411875477315605;9.837818327405065;12.557646963640202;2.9387270221990374;0.821993507898239;10.415363780066613;0.5577188561070787;0.8616338615042196;-0.019194039833321463;0.577545452661548
112120;1284;554;730;8.237734429565801;1.6565870902963764;0.4905488107218968;7.654805461907706;6.666745768612324;0.938742680334412;0.4766530760692541;7.7584989520481225;0.3281446901816336;0.49992285114070734;-0.01389573465264271;0.10369349014041607
112810;851;347;504;21.626487403507234;2.4996116975892675;0.5774557223590944;9.458362007172935;19.0225274433335;1.4184020074997623;0.5688329707167695;9.55438179037334;0.39598382282339895;0.5927573609873875;-0.008622751642324844;0.09601978320040416
114109;1442;635;807;22.24166639666758;3.9003528472574818;0.4468198884421275;19.42126588211954;17.37690886787586;2.348480524291377;0.4970556407243768;18.518432632397495;0.40752119316477464;0.4976035744138979;0.0502357522822493;-0.9028332497220433
114117;340;168;172;50.31700731898533;3.653828438164966;0.5067951893470657;15.064557406614444;47.811486779642166;1.9242235602065372;0.4635639615149275;15.710922924580697;0.3004607469737338;0.509218237866696;-0.043231227832138175;0.6463655179662524
114671;571;297;274;24.39564459705348;4.171429369424385;0.7669590430423651;8.82808856818135;20.405614703156132;2.2900585058943776;0.8147009965231502;7.872036442762423;0.6186079539773561;0.8294530493105987;0.04774195348078514;-0.9560521254189274
114721;1520;631;889;15.014680095781909;4.562205490871196;0.8940919486274768;7.157183130227278;10.508840716213587;2.6023748850285484;0.8724903890796067;7.853244180849217;0.6038997821950696;0.9122710741564629;-0.02160155954787002;0.6960610506219389
114798;1075;457;618;27.981973489793937;2.816265293952959;0.557559506380104;11.488185212297683;24.453256000121705;1.6999075091220668;0.6078289694032142;10.815877237487792;0.48571153170545567;0.6097452395936299;0.050269463023110195;-0.6723079748098915
115508;1217;477;740;12.683511124439308;3.22612005066745;0.8371422157309867;6.596288570354738;8.596470266135604;1.9268666399888934;0.8651657023413213;6.001994241088743;0.629096806250172;0.8809085032624067;0.028023486610334603;-0.5942943292659955
116121;1241;459;782;57.77225335783816;5.835669533780084;0.7290918775252409;17.264519610308266;51.79087812204129;3.3623755408956595;0.6649926250781749;19.198649022393408;0.3913282460516655;0.7306074665158694;-0.06409925244706594;1.9341294120851416
118117;1135;390;745;14.05056400215231;1.256366100085018;0.5039372834577085;6.930845222327469;12.236881841804305;0.8089633732637461;0.5086342876626483;6.897954586213672;0.3476389128877838;0.5191170740766846;0.004697004204939792;-0.03289063611379728
118708;1395;615;780;14.603669919666887;2.5169233091229772;0.6476357436026747;8.397856529957348;11.775318840158967;1.4844223728849395;0.685650070159036;7.931936175565722;0.530993111542968;0.692221291350737;0.03801432655636128;-0.46592035439162593
119498;436;166;270;31.47734863751775;4.190028674907365;0.6360766302122642;14.764379800229163;25.626099240675327;2.5449331569236024;0.6683434417767764;14.09465761855873;0.4874162602397155;0.6773580602548541;0.032266811564512166;-0.6697221816704335
120701;576;254;322;18.279657316415303;2.0988570311435475;0.7537655581333685;5.360189291080785;15.76296530039925;1.24034268683818;0.799620736404407;4.83539675963389;0.6030294002768337;0.8089629916809559;0.045855178271038466;-0.5247925314468951
120741;1208;472;736;12.012973051273555;4.755079004918179;0.9240972165343795;6.340039965441655;7.601651347781729;2.6778418996066407;0.8515138999934967;8.867598977829681;0.5313999822708975;0.9274857114521632;-0.07258331654088279;2.5275590123880267
121728;1561;623;938;30.04116192139732;1.4068358876024407;0.6253473559864654;4.953171195497449;28.520032665567303;0.8143633908624801;0.6262571039115561;4.947153786951314;0.4492869317845024;0.6454702902468284;0.000909747925090687;-0.006017408546134639
121798;424;166;258;10.455426798913773;4.465707243237355;0.7963243018656898;10.374035304715456;4.770049892023003;2.6566540320024004;0.8206618909968451;9.734517000088138;0.5910009093154238;0.8372199784708777;0.024337589131155246;-0.6395183046273178
121887;385;182;203;15.914655121812881;2.427005748226904;0.7450386156759554;5.5925361687267925;14.30306781733663;1.2309302057370988;0.6683671478756477;6.37823285388064;0.42828884196866457;0.7473369253678575;-0.07667146780030776;0.7856966851538472
122671;382;166;216;33.41575812841766;8.489922585399036;0.7963656605905592;18.397599855282;23.05063816644836;4.963024376793211;0.8582520062066568;15.349496041864837;0.6617836619539597;0.8658168933013293;0.061886345616097516;-3.0481038134171623
122850;913;376;537;13.444408572190689;2.4328628567868837;0.7701398727818024;5.9934067128864035;10.642710815404083;1.4279732087045027;0.8027839316718843;5.5515349314760964;0.6081853572984597;0.8142582614118334;0.03264405889008193;-0.44187178141030703
122887;1099;472;627;23.105896061411922;1.7978010797841926;0.6081047840272136;6.333388458500712;21.336659211998906;1.0118548717100824;0.5986722775146911;6.409154274635792;0.4191334989327983;0.6242131647073031;-0.009432506512522476;0.07576581613508004
190821;1292;522;770;8.729136352190897;1.2099779114339482;0.6066484944131654;4.460111908929855;7.16068953051682;0.7284330259764595;0.6498198558980748;4.208245870265837;0.500954256243156;0.6544761652481834;0.04317136148490941;-0.25186603866401835
310610;954;449;505;11.29094452457787;2.5084511894774124;0.6935114518154607;7.281047253371862;9.141575149287643;1.4027878521492236;0.6920306936079392;7.298614760543736;0.5101437098366117;0.7145943533140222;-0.001480758207521471;0.01756750717187394
417510;654;339;315;14.878728605838592;2.3785019462512085;0.7283500248421838;5.815697279805257;13.58756940920606;1.18793597636779;0.622251767566252;6.85801101040894;0.3689139786873842;0.7283682842662595;-0.1060982572759318;1.0423137306036825
461089;1426;625;801;14.445359204873157;2.0183483867401217;0.8122280353434612;4.367003500269335;12.257194157088605;1.1767246535485647;0.843016826781392;3.992957766062795;0.6354882288373527;0.8566537101450087;0.030788791437930785;-0.37404573420653975
461104;767;277;490;10.583182012497437;2.1688213594369223;0.8090543764436998;4.855930023010647;8.016012575865735;1.269701443091288;0.7991111297117705;4.980758714303408;0.5495040295461584;0.8298003110804052;-0.009943246731929367;0.12482869129276164
461158;697;334;363;34.12281412805741;3.6730376956410953;0.7511763239527727;9.21582379325526;30.25197267450892;2.1193082344016356;0.7822670121849067;8.620856728859241;0.5790108399957294;0.7969170821421697;0.03109068823213401;-0.5949670643960179
468185;1555;639;916;10.742488891664731;2.8105805320085757;0.7105149399911556;8.136702893915537;7.728232977173601;1.62815479830491;0.7182568523808399;8.027162629434878;0.5236919431722782;0.7370530676985922;0.007741912389684358;-0.10954026448065868
468646;666;330;336;16.170306313373217;3.1367846071480403;0.6845275385259779;9.059623319181751;14.028824900336524;1.6792636342451286;0.6429103977887148;9.638690074143634;0.44073207507979484;0.6902607416097557;-0.04161714073726308;0.5790667549618824
468980;1219;481;738;9.505502351642939;2.6415269358710707;0.38637878368895306;15.418955958304238;6.640146508783996;1.534324137054582;0.3814450812319028;15.480818422398304;0.2653994252574384;0.39605562040296116;-0.004933702457050271;0.06186246409406593
477661;822;340;482;18.230804758749642;2.915019269340915;0.7359994489859825;8.089868072690338;14.742862860330334;1.7438896483702804;0.7791459057749575;7.399318981903445;0.6029283050375474;0.7858119876123605;0.043146456788974996;-0.6905490907868934
512280;1427;603;824;22.910350887232937;1.6902232073893653;0.700087070308498;5.261284772241368;20.94882432531011;1.0099258148244938;0.7194630144719811;5.088494125132342;0.5255445278734465;0.732961305186534;0.019375944163483094;-0.17279064710902592
610891;824;363;461;23.704242525174863;2.7665692646526185;0.682687468604712;8.522006576416969;20.787277108502394;1.6089714453720603;0.7043933577603536;8.22536819126253;0.5294890398739618;0.7169257226015806;0.021705889155641644;-0.29663838515443786
611629;897;379;518;17.1336414117535;2.6257510804079587;0.7785307352162802;6.714418771376333;14.597259101536348;1.4995710557441284;0.7176266500416046;7.581646746434416;0.4320667227255759;0.7821947820730634;-0.060904085174675604;0.8672279750580829
611797;1130;480;650;13.157144625924587;5.380254593617449;0.9296800321925389;6.503601011160869;8.489895121757076;2.9621843678251176;0.877478991098619;8.584595581651906;0.5860144972559483;0.9390417957382504;-0.052201041093919875;2.080994570491036
658466;962;432;530;9.870989512713319;1.2175971323255088;0.662667032369606;3.7938842397138854;8.556278609613715;0.7014150625149898;0.6876421970293175;3.6507396418245115;0.5125509144822085;0.7004995621493617;0.024975164659711502;-0.14314459788937395
661091;686;276;410;15.220919600525914;2.714917906708876;0.8318242281288808;6.496091946637268;11.599599817840364;1.7178938140326059;0.8627901360571604;5.867635336825708;0.6253886160672045;0.873132728881258;0.03096590792827958;-0.6284566098115603
669010;758;339;419;67.61339126889786;3.1780081508794877;0.43470171859468176;15.83200617584983;65.1916401066167;1.7012585253830514;0.38920576707712806;16.456769335979757;0.23715289930957684;0.43535879083113793;-0.0454959515175537;0.6247631601299268
671048;712;334;378;12.448697715751802;2.778830816592672;0.6778032583271815;8.30567501143828;10.462632119238023;1.4622737720823775;0.5873867591134634;9.399092896411235;0.33439523128247284;0.6778610480636411;-0.09041649921371808;1.0934178849729541
671781;464;166;298;21.445128801971244;1.551991784674255;0.7070731185949874;4.7522910159555725;19.895481560969845;0.8789253155723944;0.6268753053452074;5.363526246802656;0.348016780626323;0.7072133331295214;-0.08019781324978004;0.6112352308470834
679810;1147;479;668;11.036941892815763;3.396018164110074;0.7789827249562236;8.239411713252888;7.1741522925240275;1.99396457512799;0.8048258729602388;7.742731822355858;0.5991637642826069;0.8189969407201625;0.025843148004015215;-0.49667989089703024
680861;543;241;302;33.049831973344816;7.647292762447581;0.7732293967541504;18.71349501772668;25.874793779072107;4.4381575618460944;0.8167797851115942;16.820861010839238;0.6721743792072815;0.8213958799265452;0.04355038835744385;-1.892634006887441
698310;503;210;293;14.045413483344987;3.114241479345892;0.33381801275428824;19.84625891895803;10.885679448342762;1.7355571006598403;0.30461658959070825;20.276564473173487;0.1773310530416009;0.33586244587787983;-0.029201423163579987;0.43030555421545813
698983;318;149;169;18.323681791860466;4.099251340260042;0.8222128559944429;8.185333505340816;14.434419111009621;2.2890439947335555;0.8144001735031003;8.363248192507129;0.5696231179531277;0.8484561296288895;-0.007812682491342593;0.17791468716631265
699801;247;167;80;15.284864610961893;3.436086041563587;0.3382928857398161;13.776496375687861;12.20861586676071;2.007403909496233;0.5384341339700878;11.505956357589918;0.5898573128307345;0.5899357878729202;0.20014124823027168;-2.270540018097943
700831;836;348;488;46.47272400420333;7.590253863334642;0.8326668841658083;15.664167623999782;37.42618002093104;4.544845857910517;0.8927479041673327;12.540627463733774;0.7092383987215276;0.8973419963008308;0.06008102000152449;-3.1235401602660087
706646;939;402;537;12.261291135559965;3.173963436284272;0.5040681053655326;14.142557117489318;9.057261863162994;1.8211351154350377;0.5083125624210421;14.08190719097791;0.3725225966953224;0.5222009000466806;0.004244457055509465;-0.06064992651140777
706817;1045;474;571;22.886136768143853;2.8059051044464525;0.47702436929910097;12.866125681262167;20.489226666882242;1.545730775798738;0.4540308764880816;13.145923616699742;0.3054684401769696;0.483426608015012;-0.022993492811019367;0.2797979354375748
712718;1122;460;662;15.269715038297122;2.3634816858265686;0.6907361427729994;7.099158550415926;12.139227684725103;1.42439231221715;0.7560841109088088;6.304669679543779;0.5990494588748605;0.7587414282301781;0.06534796813580934;-0.7944888708721471
716869;1166;479;687;7.972394237284716;2.257095368214152;0.72375153701492;6.482594932696695;5.449108647644142;1.3277165076185817;0.7360486045102403;6.336667677806107;0.5364118493833941;0.7529750878988668;0.012297067495320335;-0.1459272548905881
721074;1101;479;622;9.669451051318156;0.9283127397678369;0.5234556711909483;3.874489348465155;8.798978169738714;0.519131017727994;0.5130524258860256;3.9165522235685164;0.36072000338200927;0.5359367429182575;-0.010403245304922648;0.042062875103361375
721077;1140;479;661;17.341803191397297;3.242477856939376;0.7951623844613068;7.421831168774808;13.281459457305843;1.9434583185743504;0.8648091214171338;6.029480712074848;0.6881548773358146;0.8681968740112664;0.06964673695582702;-1.39235045669996
727690;503;234;269;14.745036332877536;2.832155285641803;0.7678043369891705;6.749086527259278;11.887613257984926;1.6192778262849714;0.7976967475228773;6.2996928709424544;0.6045879857351366;0.8115422767394989;0.029892410533706837;-0.4493936563168237
728210;411;166;245;2.14149096447742;1.5989249511248107;0.5267755496214028;7.046524410688613;0.41203159732922146;0.9247413061541193;0.5111862166365402;7.161650035159267;0.3396371429883871;0.5370298028244722;-0.015589332984862647;0.11512562447065466
730976;336;142;194;17.61232069761949;3.6139351094878838;0.7732016766356553;8.826634672110492;14.158484752025615;2.094243831609003;0.8123636985018545;8.02848617749787;0.6656148675340677;0.8178191951893602;0.039162021866199215;-0.7981484946126223
731201;539;202;337;37.03047842147981;4.642129551334249;0.7800482753907045;14.208620353010472;31.29820304279682;2.994619703629392;0.7999352057798693;13.551069116244884;0.6009379864044487;0.8077783610322732;0.01988693038916478;-0.6575512367655882
748773;317;163;154;13.690686531519765;1.7690915486886385;0.6928990256893002;5.067794517644753;11.588320949206029;1.0753931502831306;0.8177668885634017;3.9038403210323107;0.7113584285413553;0.8185572394112195;0.12486786287410157;-1.1639541966124423
751108;463;166;297;21.77415442214776;3.427486906726669;0.7041780605618545;10.577660499192596;17.214955320256017;2.0615192103877775;0.7042071324654702;10.577140726584334;0.47629472216626556;0.7271702482789859;2.907190361567391e-05;-0.0005197726082624143
757271;381;170;211;17.292345029669967;3.3678924664459693;0.6879938933868885;9.62563486660617;12.994748359648508;2.0056367961436985;0.7839344771610877;8.010148595828934;0.6537165746065594;0.7841839011224072;0.09594058377419912;-1.615486270777236
760117;1103;479;624;24.968960962774233;2.8120700770726534;0.6786970895390345;8.461146578998807;21.780570087395198;1.6401008366826144;0.7237704119566635;7.845253599839839;0.5665200394086815;0.7300305723028377;0.04507332241762896;-0.6158929791589687
761079;1377;581;796;13.279856900925612;4.150210240169409;0.9021339182740341;6.165309897346693;9.09765416827188;2.361104823604607;0.8809077524845289;6.801121860087869;0.6033494416901539;0.9222044871664206;-0.021226165789505202;0.635811962741176
767371;425;166;259;8.156456310680005;2.297456295612843;0.781626978868595;5.576382207291703;5.3067119702312;1.3561650320373129;0.7916961348719286;5.446301828146877;0.5545154863777919;0.8137934142903211;0.01006915600333358;-0.1300803791448253
768113;908;349;559;7.581866245058672;2.5715782941850613;0.738631205960337;7.309540250725525;5.375313064284898;1.435225615667802;0.6478212635892522;8.484861553350703;0.3636881904194177;0.7386813441681832;-0.09080994237108486;1.1753213026251776
776736;344;166;178;4.5407104750178195;4.2630655915922215;0.8711774097787169;6.546657921565447;2.2035880569225164;2.1288824929103596;0.7540753859023305;9.045334549997857;0.4675317211706125;0.8711798664705586;-0.11710202387638646;2.4986766284324107
778721;990;447;543;24.52088595453698;2.56799473107435;0.7935567309801312;5.85211518311488;21.991633468979458;1.4763391394739676;0.8138490747857232;5.5570601963194814;0.614203798127503;0.8299021595388085;0.020292343805591972;-0.29505498679539865
781007;1552;631;921;13.501664261323498;1.5450944969378795;0.5258704585573244;6.6727496069092505;11.923941793654507;0.8855388130336285;0.5179751844754794;6.728078022164688;0.36379980912414367;0.5385688529197876;-0.007895274081844983;0.05532841525543741
781099;1454;608;846;13.202022540838579;2.9665059415654813;0.6781180959872692;9.654175395686348;9.630287341537025;1.781484421402182;0.7073463374890814;9.205425884931046;0.5277369154178068;0.7169167668745366;0.029228241501812136;-0.44874951075530234
788488;599;226;373;9.717279220355596;2.71547969981667;0.8834309906261942;5.471817165932792;6.763134324507025;1.677900079720628;0.8467713113592121;6.273502379672502;0.5493406826499572;0.8897368040726182;-0.036659679266982104;0.8016852137397104
796869;1045;474;571;8.707070480641693;1.9252747903558782;0.7259314597618448;5.184448651408482;6.87590012558241;1.0848131804185028;0.7224241689837729;5.217516227263213;0.5159992070421198;0.7487639048279293;-0.003507290778071881;0.03306757585473097
801031;952;435;517;11.757472286310346;4.170626704206331;0.8827571697941654;6.78172002883395;8.024192961197503;2.360522572817999;0.88254704302812;6.787794528117345;0.6499825613380537;0.9096901836365758;-0.00021012676604537095;0.006074499283394985
808112;1451;648;803;21.787677718223996;2.2821188854244148;0.6967530350955337;6.59737588881917;20.16306672164184;1.22219956149798;0.6301161636941635;7.286276941614986;0.4011252631790292;0.6978015009444103;-0.0666368714013702;0.6889010527958161
811080;1039;473;566;17.288125993057296;4.887687855807849;0.8190188014206914;10.090213635105384;12.363625304840376;2.796992564270797;0.8409079968908583;9.460363120681176;0.6277155874195309;0.8587737908595425;0.021889195470166878;-0.6298505144242075
815461;1142;461;681;4.928867601791513;2.892693741489642;0.6120143594985642;10.60677996791734;2.2071818154896903;1.6341365769372762;0.5770028501889456;11.075018338726633;0.3769615462333159;0.6173098335623541;-0.035011509309618605;0.4682383708092921
816571;276;93;183;13.507282987148821;1.9987728428128895;0.7632308823019388;5.179659001576001;10.735537306450375;1.1924744564121565;0.7492821829080676;5.330049475592592;0.4814921360562734;0.7830963669116286;-0.013948699393871222;0.1503904740165911
816910;476;137;339;15.881394306855686;4.0460909835907755;0.8715931642391102;8.667851014941531;10.551930806583169;2.5541376309314843;0.8109732132769463;10.516689258564746;0.4649195696403624;0.8727858649180789;-0.06061995096216388;1.8488382436232147
821088;1036;473;563;16.41369068665887;2.4212105580178096;0.7845547182795535;5.5766398805786395;13.835928902339864;1.4061709233674973;0.8306954130630457;4.943544737850687;0.6466599688013318;0.8392626646559511;0.04614069478349225;-0.6330951427279521
823761;1546;631;915;13.90334421408356;2.185518334048883;0.6436088172654599;7.409576120045237;11.78855448663572;1.2404034153024532;0.6210936149354627;7.640043836222237;0.42379577491348885;0.6537907748645331;-0.022515202329997264;0.23046771617699946
826780;842;335;507;5.728209804174263;1.8707107157883314;0.5425863674857138;7.922430482358093;3.347333884328364;1.1246088398689564;0.5762036859946137;7.625748405645831;0.44232533269072816;0.5811037296934081;0.03361731850889993;-0.296682076712262
841211;715;316;399;10.732036670884838;4.545948937438076;0.8920142214052085;7.061706693600391;7.018341240558893;2.5175074448420367;0.8502367370240164;8.316278794189996;0.5858489408187235;0.9019165775109199;-0.04177748438119211;1.2545721005896047
858577;1127;472;655;14.153540858857955;3.0953792325638516;0.8591935583853453;5.61683255093874;11.050835510038587;1.7582061052748958;0.8428197247951372;5.9344330903369675;0.5856610691465917;0.8796186094189031;-0.016373833590208053;0.31760053939822797
861116;1365;619;746;7.942793330601832;2.8716374676403893;0.7570281939043702;7.383288148138765;5.291552452431249;1.6439539976402242;0.7621191821814817;7.305527644186896;0.5656068849885834;0.782366086613302;0.005090988277111519;-0.07776050395186829
865116;726;325;401;12.79769061585603;3.0559267356328403;0.7913095367557516;6.843151139856515;9.429789361562804;1.7613253870690493;0.8193415209241054;6.366987619028242;0.6031560727795264;0.8361148624548655;0.02803198416835384;-0.4761635208282726
867211;718;339;379;9.124316328478779;1.6672409643647808;0.7172411396803944;4.502102842887657;7.112430827459378;0.9889408830511439;0.7988295477872354;3.7974266710405478;0.6406648876402687;0.8009767215534199;0.08158840810684098;-0.7046761718471095
868122;1537;608;929;10.530975261532577;3.495662994920401;0.940860610886745;3.995205513983779;7.431030892149412;1.9453243178944257;0.8669134829758566;5.993323733357626;0.5493939126897673;0.9443700256625396;-0.07394712791088842;1.9981182193738474
876511;412;199;213;27.745067484315694;5.5810084503079755;0.9185609903362391;8.025560746591491;23.537534724895036;3.180561823097537;0.8711653211225804;10.094284342924691;0.5913817369428904;0.9251505988299948;-0.047395669213658675;2.0687235963332
876790;902;359;543;27.39532979989384;2.8570236053957636;0.7573198088358098;7.32425833365557;24.62808966359409;1.6059427579625007;0.7131598684906303;7.962811704918213;0.4619022925202426;0.7644717223581817;-0.04415994034517956;0.6385533712626428
881223;1206;480;726;15.102782491769045;7.001807185134276;0.9243988832227716;9.372402162807814;8.018799481215467;4.03495881840569;0.8932339879548008;11.137900163026393;0.6049337925556184;0.9387034228831892;-0.031164895267970838;1.765498000218578
896968;344;165;179;1.8799094991249117;2.7540049375288493;0.8337654641067447;5.169333866065734;-0.24457295259397682;1.4640164126178128;0.7635079614834929;6.165697549786356;0.48163848122013164;0.8391508236866144;-0.07025750262325181;0.996363683720622
897731;212;68;144;36.62661174408672;9.559822349593547;0.5925373537348252;36.87141863156372;24.09718295842451;5.530377811567676;0.53069945426471;39.57049439419712;0.27626572454107023;0.594178306272005;-0.0618378994701152;2.6990757626333988
901187;1448;649;799;14.876838939096373;4.173819998073769;0.3622408759283898;24.27264703356976;11.249448560927586;2.318108122378979;0.3522947305030276;24.46118630809875;0.24800239966438065;0.3693505196029706;-0.009946145425362207;0.18853927452898844
970979;340;173;167;10.028716480330267;3.608586219941037;0.7531475355418367;8.656033600980921;7.570433092184864;1.913331815505794;0.6977234858330863;9.578608049813639;0.46154092997722107;0.7584457603565586;-0.05542404970875037;0.9225744488327177
971071;1566;640;926;20.755425328165302;3.3051012952053225;0.7059234119215281;9.699408929769946;17.62770770867836;1.8683974205515812;0.6779889315317663;10.14963546004033;0.4609779988442658;0.7158161569556116;-0.027934480389761762;0.45022653027038295
991118;1569;640;929;26.63952752653838;6.15761941608729;0.9344908205288404;7.415385589957092;20.65405347627686;3.4996485894718687;0.9068538273206246;8.842298384612779;0.6259855129619523;0.9510163434973312;-0.027636993208215777;1.4269127946556868
998988;807;312;495;25.54212362262411;2.63605394627437;0.2807105294677811;19.25917266181852;22.196786920509965;1.573161881559877;0.2949938150180753;19.06699439116251;0.22307179297929114;0.29846023714377623;0.014283285550294234;-0.19217827065601156
1001228;295;170;125;17.310061572191756;2.7317087963230007;0.73165028262372;6.376190365193027;15.6554372083179;1.426126134205665;0.7106594840856788;6.620874096548925;0.5149763948900563;0.7483208672584483;-0.0209907985380412;0.24468373135589783
1015877;864;342;522;9.924979069221408;3.4742558047368512;0.871516066246465;6.033622927698188;6.546004321518037;1.9601393392502369;0.8306716126048231;6.926576564667224;0.5536179763363039;0.8821551055867342;-0.04084445364164191;0.8929536369690361
1019970;1361;588;773;15.06008423779798;0.914224303468144;0.33196201730893515;5.895971397303425;14.548716175984618;0.4762687282988706;0.2722559060694587;6.15381073165757;0.14409520471517623;0.3349187828532728;-0.059706111239476445;0.25783933435414497
1027273;682;277;405;17.321562877452163;2.296051557238007;0.8171460580225405;5.698663803051515;14.872662636468284;1.3814519829160117;0.7757881339958796;6.31030236004075;0.48673299180835095;0.8236193276419947;-0.04135792402666083;0.6116385569892353
1037311;1163;472;691;7.455015814799717;0.9977912332254102;0.7468068380802118;2.727955933168306;6.416025794734617;0.578290989792417;0.727579192071267;2.8296420627608776;0.49476773131885976;0.7611514422388648;-0.019227646008944776;0.10168612959257173
1037610;1240;488;752;44.814674085688516;1.1502047461833402;0.05943999275545031;20.957481491914635;44.12277019006812;0.6021196796688495;0.04803282393423669;21.084185285280117;0.024131241617794674;0.06018426207939287;-0.01140716882121362;0.12670379336548265
1061168;962;423;539;20.362878292401334;0.306678977579942;0.09079932836404891;4.430736077590093;20.045921054699367;0.17703006285709585;0.09067548296582129;4.431037830330924;0.06396864146699999;0.09374005556658416;-0.00012384539822762886;0.0003017527408308851
1071058;1059;469;590;24.831130376121457;2.605636652538196;0.7110312790607148;7.307898875204728;22.07658232459203;1.4966561146138113;0.7292541275400123;7.073722743167306;0.5378536997738139;0.7456406365413111;0.01822284847929745;-0.2341761320374216
1078861;393;317;76;17.923579875828242;4.314783266532369;0.40879387949689483;8.272172365755294;16.78793976221794;1.6530884736367193;0.45846916587922426;7.917019403949566;0.38656827072702904;0.47261378733893367;0.04967528638232943;-0.35515296180572786
1081057;1199;479;720;17.312949276750494;1.041691920253827;0.510186514835957;4.771305822091154;16.012640071555097;0.6275911482622932;0.5395885972687693;4.625885945496427;0.4144396136977542;0.5443140916636957;0.029402082432812282;-0.145419876594727
1091217;1038;472;566;12.566837192479612;2.0292861086094702;0.7391749635376017;5.294799097415231;10.364398076676672;1.1811484061363908;0.7848484908567298;4.808914394979168;0.610521589807894;0.7925983910803465;0.045673527319128104;-0.48588470243606263
1101758;1518;631;887;10.94860562282474;1.7027700047367773;0.6756389799435443;5.363157618050199;9.104650542931743;0.9893296905320176;0.6857766042861126;5.278681888140244;0.5011121648423507;0.7026248578478198;0.010137624342568374;-0.084475729909955
1111201;866;342;524;41.00205282015518;6.8756813944402815;0.5428546575476579;28.672015540169212;34.1683999684077;3.9027205184229876;0.5214943523121572;29.33422424936245;0.3514517036341954;0.5507483821865977;-0.0213603052355007;0.6622087091932372
1114639;646;312;334;14.727346540901703;3.1765287090490313;0.8099084772174613;6.591754555264148;12.098931646315704;1.7588608249975237;0.8073916711944975;6.635248380080631;0.5956711935815996;0.834812208084329;-0.00251680602296378;0.04349382481648245
1114677;500;126;374;28.838414907935572;4.655557176406488;0.6504479052068244;19.79277311498941;21.204961475723913;3.061408789252054;0.608167810577749;20.95563122823757;0.3227508756739207;0.6517771784344433;-0.04228009462907534;1.1628581132481628
1121037;683;336;347;28.351990222100852;3.579226507414922;0.7373334317097466;9.306933967319523;24.715089026088474;2.070079157105752;0.7782465025180723;8.551444307406152;0.5954233319308144;0.7882313269056571;0.040913070808325624;-0.7554896599133709
1137376;1678;793;885;27.705409677766788;3.9526931645097845;0.6397258787913231;13.153771669088894;23.9988138663264;2.2660711665826287;0.6614746235688393;12.750563543447065;0.5092490344388868;0.672168896442463;0.021748744777516205;-0.40320812564182873
1141047;468;160;308;5.90169234234685;1.8705346718975122;0.7329197349385586;5.637999954549569;3.130491597377187;1.1627967386269127;0.7410408102944064;5.5516212887906855;0.49801175805021847;0.7602111141473621;0.008121075355847829;-0.08637866575888342
1148611;1358;620;738;21.129210356253495;4.316950286623873;0.5761737369087698;16.3264394181975;17.65940050431636;2.3595245066119235;0.5369510033174467;17.065185852108584;0.3507058384189554;0.5803942761339301;-0.03922273359132311;0.7387464339110856
1159664;454;166;288;25.377408655170363;1.9068180731192323;0.6442933227042513;6.806510244158589;23.447423719933767;1.0882555642335021;0.5783240572523549;7.41084800167777;0.3286258067721741;0.6448178790520225;-0.06596926545189641;0.6043377575191808
1171127;1103;456;647;10.21660574640586;2.958318498878222;0.7950322894922108;6.937171545409225;7.1724524247848365;1.6998268599864534;0.772533767680227;7.307993898759879;0.5218680413966086;0.8104525734117156;-0.022498521811983863;0.37082235335065405
1178890;180;68;112;17.28818956577525;2.325624723883198;0.33614731333100645;15.146053839301238;14.504057962685636;1.3391765221456717;0.3129847716806574;15.40801950329559;0.1826581025434052;0.33955419129397235;-0.023162541650349033;0.26196566399435106
1191021;398;166;232;30.891152792349235;7.955704866819995;0.7870888104342391;19.290527342012062;22.093968300318075;4.656823558238828;0.7870058036162435;19.294287335223437;0.5514458026038122;0.8125175458686172;-8.300681799555676e-05;0.00375999321137499
1191127;296;154;142;25.173538171770872;3.335937778736931;0.3631309125732618;18.413856969604204;22.940258207725137;1.8022119592045795;0.3585026311315348;18.48064482087564;0.2703888750988366;0.37181414180491745;-0.004628281441727;0.06678785127143527
1194992;723;339;384;54.0919267923465;6.379711863757212;0.5841670392796298;23.382855644883858;49.50200373480399;3.38055304701302;0.5150475415863484;25.251528757999733;0.30486034096733905;0.5845248099931544;-0.0691194976932814;1.8686731131158751
1211151;910;355;555;18.63842946057143;2.8958582483119013;0.6613746122953726;9.847499206892982;14.899321306674711;1.7509966193295214;0.6852536681253409;9.493941155478252;0.49945758542942265;0.6963495791529524;0.0238790558299683;-0.35355805141472985
1228011;678;336;342;14.677134235609161;2.28786584259845;0.44402180088717613;11.189088993507628;12.020985205895888;1.3758481801954692;0.5067228071803747;10.53929024293558;0.4272183596386553;0.5067413034014235;0.06270100629319852;-0.6497987505720477
1678757;1437;608;829;11.20948967326602;1.6631097099054228;0.7145663602596894;4.939707938085769;9.853830120429603;0.9224225948905541;0.6392463427825927;5.553337464039983;0.3795280602449044;0.7148912448600597;-0.07532001747709671;0.6136295259542139
2794690;1214;481;733;12.062410168987583;2.5964970534849403;0.8241331891553785;5.579743374654304;9.355657059039219;1.5005358581257735;0.8040777365211458;5.889306754224784;0.5518113677720236;0.8402129956551614;-0.020055452634232696;0.30956337957048063
4710670;1154;468;686;17.126153966917848;5.040642375486787;0.7934435695791613;11.964362120296876;12.738790931853814;2.826537177531486;0.7332770279403731;13.595663285648678;0.4674602444703776;0.7963302652642787;-0.06016654163878821;1.6313011653518021
5011111;1150;390;760;28.2483593215034;4.356642254341802;0.8512657876428968;10.330571370081316;21.76610765633472;2.8341963584963046;0.8600677707049931;10.020232070380011;0.5841888244860116;0.8769753269546128;0.00880198306209623;-0.3103392997013046
5610182;373;154;219;27.568977736722406;1.0473751620834102;0.2733538671240734;7.45729498456045;26.76022666037966;0.5592881840271604;0.2419379388375862;7.61679417961768;0.1452475535583737;0.2734573395459926;-0.031415928286487205;0.1594991950572302
5661171;561;252;309;34.600236780457806;4.262729788529523;0.493418113610949;19.756602668437406;30.066196656488543;2.496682629369026;0.5102988350267172;19.42464121464316;0.3823068079828502;0.5189764676649882;0.01688072141576824;-0.33196145379424635
5769106;582;251;331;18.060247485292436;1.4792063644838518;0.5752651078982164;5.7478414922477015;16.189707178161168;0.8882887111672478;0.623865043567404;5.409008471183988;0.4867574828275262;0.627218509582181;0.04859993566918763;-0.3388330210637136
5831058;1118;465;653;9.889568202035957;3.7749910088679304;0.879119497302915;6.279783842603355;6.912229349795069;2.0463428880464916;0.7832580048075393;8.408878934205328;0.47136579513253196;0.8795678739462434;-0.09586149249537579;2.1290950916019726
5845834;557;263;294;21.362582017211516;1.6320578722361818;0.277293430986407;11.534995739502442;19.340381405871256;0.9841078795174063;0.3155679308862661;11.225394496550292;0.2623440942393197;0.31563772881657215;0.038274499899859094;-0.30960124295214975
6569121;719;277;442;16.709917222532255;1.952313119348777;0.777467829209713;5.500678258214553;14.474030603959607;1.1865921187682038;0.7442361152777885;5.89711301467127;0.47032045684302926;0.7853215005566916;-0.03323171393192448;0.396434756456717
6683113;322;170;152;12.987980760893507;3.2402058954246704;0.8766067015858642;5.169184976709945;10.55412334924145;1.7789469326607694;0.859257465305596;5.520634190882417;0.6129208497534979;0.8980383523456122;-0.017349236280268188;0.35144921417247144
6773102;1438;645;793;25.716818006397446;2.846636177628166;0.6825535159169336;8.683153475533842;22.61475128679973;1.6674187593593954;0.7225616628906191;8.117558983941462;0.5621437787852983;0.7295785585740083;0.04000814697368549;-0.5655944915923801
6808461;1177;472;705;10.825607795809944;1.3818111254733745;0.5614790680408235;5.653731776951739;9.034320557252844;0.8349487831509128;0.5999826353294778;5.3998221860883415;0.4623047072039329;0.6042847618328657;0.03850356728865434;-0.2539095908633975
6810910;1238;391;847;15.567906614795906;3.1360393368134742;0.77175670660842;9.658442788362892;11.625466233866419;1.963172132508049;0.7092236693483713;10.901534283250513;0.3920180689311318;0.7721824091647125;-0.06253303726004866;1.2430914948876204
6885841;1288;601;687;12.660487600398541;1.7292352457853342;0.7781732888483264;4.1441954017946845;11.194649347485344;0.9714796668021923;0.7615918683762796;4.296292452141613;0.5420319166391305;0.7944418255757463;-0.016581420472046804;0.15209705034692877
6901131;504;187;317;21.566636794757557;3.313443701673295;0.727306113390921;9.394706237083618;16.544978651920353;2.05237017604979;0.7984478458335145;8.07679808453295;0.6228621312409017;0.8007416193774748;0.07114173244259347;-1.3179081525506682
6981151;1059;478;581;26.52525989198922;8.97188170854422;0.7538388007880419;22.05045571276547;18.045571287572265;5.032710926028339;0.7603646089627591;21.756210340413887;0.5605031766784244;0.7825559534413523;0.0065258081747172625;-0.29424537235158255
7048688;981;338;643;9.394875579730222;1.705947189878036;0.43432640063706685;9.060143187454484;6.739443401835818;1.0563535591311122;0.4658647091689768;8.803953556557952;0.34890242688682704;0.46920058903624173;0.031538308531909975;-0.25618963089653235
7069411;997;454;543;16.453417249758424;3.700996699191059;0.7864074143568804;8.607209196935251;13.216099730556138;2.079612878087216;0.7725136121441549;8.882740593437108;0.5523360056351998;0.8042879212141398;-0.013893802212725515;0.2755313965018562
7086681;1396;615;781;16.744101254255554;3.159331194915877;0.7969393542103389;7.211755615571158;14.523992443979965;1.6995941152933767;0.7018848573867201;8.738162926741248;0.41944514297129243;0.7969424367109541;-0.09505449682361877;1.5264073111700904
7099511;291;154;137;15.598223250612461;2.2075167538903755;0.7567486844738904;5.540850740469229;14.03864345377574;1.2307473331913954;0.7465987110672831;5.655268931555815;0.5508932318542004;0.7739744287047199;-0.010149973406607282;0.11441819108658624
7146661;421;166;255;12.505253241573378;2.580898744470469;0.7966913762711219;5.806342024172478;9.964798672261116;1.454006552575306;0.7692827399058049;6.185356803251691;0.5269512555623443;0.8099653723429461;-0.027408636365316985;0.37901477907921244
7211010;579;248;331;21.25646961409022;2.2710320470661562;0.4784706486403605;10.731597273079945;18.98386385334747;1.289502278217724;0.4628401438692621;10.891225829289855;0.30967626491080724;0.4876844093596574;-0.015630504771098397;0.1596285562099098
7211189;1132;479;653;28.111421574025442;2.7845640832387097;0.5780243163689897;10.654366326726775;25.733337169445598;1.5344102248754667;0.5351530900996906;11.182499473260714;0.3432552983222973;0.5811569960503637;-0.04287122626929907;0.5281331465339392
7374981;1159;390;769;9.877054533047708;3.224658419462149;0.7718150640055366;10.034400795019707;6.128953807672563;2.0066768255529546;0.7077503542185881;11.355988791922925;0.39676555355260335;0.7720250082167833;-0.06406470978694845;1.3215879969032187
7411010;1553;640;913;14.10517652541413;2.5695073575145453;0.8139083860720734;5.5927402379545725;11.919015077969922;1.425221367860427;0.7523252336006603;6.452115427183664;0.48311212468813347;0.817301192586906;-0.061583152471413105;0.8593751892290911
7411491;1132;478;654;13.006486984642768;2.065031064759701;0.7233088369418925;5.71552061088554;11.300183595908994;1.1306018769004145;0.6613481634582364;6.323170149396478;0.41648693992588415;0.7256269031015776;-0.06196067348365608;0.6076495385109375
7412010;783;277;506;22.264074926300317;2.0002910137367076;0.624637167906587;8.650620016621785;20.127734067507546;1.2203348806509504;0.5679821393443041;9.280523038580737;0.31962234255678457;0.6246796755840327;-0.05665502856228288;0.6299030219589525
7474976;1075;556;519;20.907734420369138;3.5272802258885294;0.7093196117970175;8.946930056980028;18.470803879455357;1.8446423730846746;0.6763305832094206;9.440978510994114;0.47226801173468214;0.7210586212262237;-0.03298902858759689;0.49404845401408615
7610179;1135;390;745;16.930958844396326;3.0275910099243566;0.8437449767867047;7.2443353009469025;13.06960740797448;1.901809875531187;0.8105033732791753;7.977784322123615;0.5061464727810621;0.851230688589142;-0.03324160350752936;0.7334490211767122
7646451;341;165;176;8.37095735082855;1.7594203219103102;0.6797185778916524;4.866056881466593;7.480105009312995;0.8757058742254473;0.5818013559837241;5.560356247204755;0.35759967910151425;0.680089694630329;-0.09791722190792829;0.6942993657381615
7679818;821;336;485;2.407492692142961;3.4091556034603747;0.7301827925151076;9.258866693392886;-0.6660181689899218;1.8815654023298607;0.6727566389061357;10.196671591258875;0.4220654960736795;0.7339583885030815;-0.057426153608971964;0.9378048978659894
7710511;1237;490;747;31.542655623330862;6.953136680419124;0.8120107521052606;14.988792739434745;23.819590480221883;4.011763172122364;0.8147755566353406;14.878162518588232;0.5815646424989627;0.840123163691223;0.0027648045300799895;-0.11063022084651308
7747482;383;170;213;14.31417712933941;2.694853465306988;0.6649775740364883;8.740174309150884;11.334119942822321;1.5844298171192428;0.6903372660129967;8.402869646572158;0.5152455704370567;0.7016235180172761;0.025359691976508447;-0.3373046625787257
7771161;887;368;519;45.14286786599243;6.654977011756275;0.7623771023948062;16.68317667200111;38.61272486936394;3.7626460959527455;0.7389280074467783;17.486977333743027;0.5048038662263357;0.7766521537978145;-0.023449094948027827;0.8038006617419171
7984107;712;314;398;21.96946304602894;2.331535601038461;0.545391132184115;11.535689338676871;20.018028825578078;1.3909159105657267;0.5100150919468857;11.976114846373008;0.3269848836414253;0.5465263828541429;-0.03537604023722929;0.440425507696137
8010411;1126;482;644;15.055259983307671;4.4233245780103445;0.8679676235104308;7.68229116758825;10.91953672277473;2.485126291233185;0.8436900587110314;8.358798251627102;0.5855710724953838;0.8848966885343261;-0.024277564799399354;0.6765070840388514
8087988;387;137;250;21.85603556417883;2.345683527434233;0.8141608073691742;5.839353354474658;19.064591597209443;1.4347016141023778;0.7912278462393161;6.189169648496718;0.5237842924961384;0.8253131786126343;-0.022932961129858098;0.3498162940220606
8190108;760;339;421;28.826487582129072;2.633829027174723;0.7186687088034074;7.200036432117399;26.014402536150293;1.5119927833262725;0.7399330255239329;6.922584679258532;0.5462527615514522;0.7559504214302417;0.021264316720525533;-0.2774517528588669
8280779;680;336;344;22.79502440164427;7.221337598998208;0.8435617853524938;13.575650402358832;15.78350218991051;4.143216601194009;0.8759255732606426;12.09011296578246;0.6589787823067752;0.8916436236217028;0.032363787908148756;-1.4855374365763723
8399121;478;202;276;19.620224428185473;1.9209335115252792;0.7000840830744262;6.960358853859552;17.794712171425637;1.1780905331829223;0.6803189308584736;7.186051627954385;0.4694013752015892;0.7072205978871791;-0.01976515221595254;0.22569277409483313
8612210;582;251;331;10.953772257600344;3.91597874202389;0.6744590561758869;12.303152365636864;6.478604597220052;2.2936330401121987;0.6958164277485409;11.892727590412484;0.5093732159689228;0.7097086087634978;0.02135737157265405;-0.4104247752243797
8627071;270;136;134;73.64218075751528;2.4159296246961195;0.19545090952461142;20.92899353899953;72.92256859132443;1.1979731819762809;0.16064425931381154;21.37691854266697;0.09629474888054101;0.19867927671531338;-0.03480665021079987;0.44792500366743937
8773113;457;155;302;13.001286657063293;3.725328623274979;0.8452131199203897;7.455640137009324;8.746928764817309;2.1597443848141618;0.7929145464868306;8.623680563291774;0.4924469603802404;0.8516776793229115;-0.05229857343355915;1.1680404262824506
9097838;944;401;543;15.345961767451852;2.3324201746838193;0.719247799163146;6.560236320596809;13.114033649402174;1.3197946477088542;0.7009590183660492;6.770539161676676;0.4863417807877032;0.7338210887037406;-0.018288780797096726;0.21030284107986663
9776611;1246;488;758;15.928546752743152;1.6800043498874966;0.7396268462336609;4.59778407219191;14.390001914068797;0.9403745888520382;0.6781735794980082;5.111652442799818;0.4201808212826448;0.7419502543273313;-0.06145326673565277;0.5138683706079075
9880798;587;277;310;31.630048960464677;3.4283646734958775;0.39579906030664713;18.59452121683422;29.04425715333054;1.8682815079680326;0.37149774473015396;18.964776214760445;0.24953799297033485;0.3990239612844598;-0.024301315576493177;0.3702549979262244
9889114;874;441;433;20.552423603241493;4.899664459830632;0.7174066553895315;13.119129891688535;17.10410392804912;2.6268767743275685;0.6677077186644915;14.22604551780004;0.4420877172208577;0.7228970956133055;-0.04969893672504;1.1069156261115047
9889190;1158;430;728;10.386176170164566;1.9265233782970062;0.6761148244431491;6.2166831130938265;7.842154846438486;1.1579732973745516;0.6970883744060187;6.012030372225018;0.5033233108901627;0.710094019996152;0.020973549962869598;-0.20465274086880836
9981041;1168;483;685;14.651492515346833;3.1640405983515003;0.7431100493329669;8.321679473766004;11.175995055982973;1.8344878863473544;0.7623745395842991;8.003573029400728;0.5672113953842978;0.7779078619097494;0.019264490251332256;-0.31810644436527546
