Household_ID;era;area;residents;hp_type;emitter;huellzahl;u_as_built;H_as_built;H_reference;T_bal_q_int_5.0;base_used;jaz_as_built;jaz_derived;E_as_built;E_reference;deficiency_kwh_yr;term_envelope;term_emitter;term_dhw;kwh_yr_actual
661091;< 1975;162.0;2;ground-source;both;2.0;1.35;516.4398;166.1958;18.43156937168669;18;3.7642857142857147;True;12488.562274536633;3814.353308061717;8674.208966474915;7316.0782450980905;396.7524605072619;961.3782608695652;10120.150685131195
120701;1986 - 90;236.0;2;ground-source;floor_only;1.65;0.8;426.6644;219.893;17.234360307539134;17;4.25;False;6677.233937975637;3799.6817818728528;2877.552156102784;2877.552156102785;0.0;0.0;9376.204913194444
412211;1991 - 95;300.0;2;air-source;floor_only;1.65;0.55;418.62;279.525;16.41679805073814;16;3.5;False;12928.435196976588;8878.421061438126;4050.014135538462;4050.0141355384626;0.0;0.0;20799.384615384613
706646;2000 - 10;160.0;4;air-source;floor_only;1.4;0.4;167.664;138.32;15.228552342780798;15;3.5;False;5779.111555190488;3440.285810031245;2338.8257451592426;416.069223420112;0.0;1922.7565217391304;8866.578833865815
1078861;< 1975;160.0;2;ground-source;radiator_only;2.0;1.35;510.06399999999996;164.144;18.43156937168669;18;3.4;True;4115.76834725731;1608.731286550959;2507.0370607063505;2289.7346738512197;217.3023868551311;0.0;7383.37603053435
190821;> 2010;155.0;4;ground-source;floor_only;1.4;0.24000000000000002;127.7045;133.9975;13.931302342517295;14;4.25;False;2850.5320111777837;2918.1159830632396;-67.58397188545587;-67.58397188545548;0.0;0.0;4932.890530185758
105898;1981 - 85;160.0;2;air-source;floor_only;1.65;0.8;289.264;149.07999999999998;17.234360307539134;17;3.5;False;5814.097373327426;3354.841085976525;2459.256287350901;2459.256287350901;0.0;0.0;14573.819461343473
889410;2000 - 10;240.0;4;air-source;floor_only;1.4;0.4;251.49599999999998;207.48;15.228552342780798;15;3.5;False;;;;;;1922.7565217391304;
1178890;2000 - 10;210.0;1;air-source;floor_only;1.4;0.4;220.05899999999997;181.545;15.228552342780798;15;3.5;False;3680.3585333092174;3100.9486549518842;579.4098783573331;579.409878357333;0.0;0.0;9650.69936111111
731201;1976 - 80;255.0;3;air-source;both;1.65;0.8;461.0145;237.59625;17.234360307539134;17;3.1;False;12982.150052674886;6528.970351676966;6453.17970099792;5753.865153516458;699.3145474814601;0.0;23025.539461966604
1228011;2000 - 10;120.0;3;air-source;floor_only;1.4;0.4;125.74799999999999;103.74;15.228552342780798;15;3.5;False;4083.562029930958;2373.3319453454405;1710.2300845855175;268.1626932811696;0.0;1442.0673913043477;8008.770243362831
114117;1991 - 95;260.0;2;air-source;floor_only;1.65;0.55;362.804;242.255;16.41679805073814;16;3.5;False;6583.028225492832;3999.4636726999825;2583.564552792849;1622.1862919232844;0.0;961.3782608695652;22438.444779411766
758039;1986 - 90;150.0;2;air-source;floor_only;1.65;0.8;271.185;139.7625;17.234360307539134;17;3.5;False;10129.161001173468;5083.253244104924;5045.907757068544;4084.52949619898;0.0;961.3782608695652;19456.01735714286
8627071;2000 - 10;250.0;3;ground-source;both;1.4;0.4;261.97499999999997;216.12499999999997;15.228552342780798;15;3.7642857142857147;True;5542.155387902171;3294.662592965805;2247.4927949363664;523.4408895326444;281.9845140993742;1442.0673913043477;29802.074259259258
867211;1991 - 95;245.0;2;ground-source;both;1.65;0.55;341.873;228.27875;16.41679805073814;16;3.7642857142857147;True;6150.25969365538;3370.951902144941;2779.307791510439;1478.3901547680357;339.53937587283923;961.3782608695652;5272.0559331476325
1114677;> 2010;220.0;3;air-source;floor_only;1.4;0.24000000000000002;181.25799999999998;190.19;13.931302342517295;14;3.5;False;6303.036656039824;5045.844223146955;1257.192432892869;-184.87495841147856;0.0;1442.0673913043477;21916.753500000003
611797;1976 - 80;275.0;2;air-source;floor_only;1.65;0.8;497.1725;256.23125;17.234360307539134;17;3.5;False;10388.649509022887;5216.98764157641;5171.661867446477;4210.283606576915;0.0;961.3782608695652;12082.345314159293
1137376;1981 - 85;200.0;5;ground-source;floor_only;1.65;0.8;361.58;186.35;17.234360307539134;17;4.25;False;9175.851631396612;4386.315172569597;4789.536458827015;2386.090806653101;0.0;2403.445652173913;15120.536984505363
779742;< 1975;650.0;7;ground-source;radiator_only;2.0;1.35;2072.135;666.835;18.43156937168669;18;3.4;True;68068.86604438518;19446.19137566095;48622.674668724234;44408.20834654811;4214.466322176107;0.0;54420.17015503876
700831;1976 - 80;450.0;2;ground-source;both;1.65;0.8;813.555;419.2875;17.234360307539134;17;3.7642857142857147;True;15558.351021598492;7065.1257101245055;8493.225311473987;6715.6400866051845;816.2069639992344;961.3782608695652;28077.360375000004
1191127;2000 - 10;220.0;3;ground-source;floor_only;1.4;0.4;230.53799999999998;190.19;15.228552342780798;15;4.25;False;3305.3195898182275;2920.976444157496;384.34314566073135;384.3431456607312;0.0;0.0;12906.403699324324
121798;1981 - 85;207.0;2;ground-source;both;1.65;0.8;374.2353;192.87225;17.234360307539134;17;3.7642857142857147;True;8138.602943808584;3678.183347384733;4460.4195964238515;3119.859192553731;379.18214300055433;961.3782608695652;10345.895731132076
114671;< 1975;260.0;4;ground-source;radiator_only;2.0;1.35;828.854;266.734;18.43156937168669;18;3.4;True;14695.611075810908;4881.628678129519;9813.98239768139;8963.336097714227;850.6462999671626;0.0;12789.988651488618
1121037;2000 - 10;150.0;4;ground-source;floor_only;1.4;0.4;157.18499999999997;129.67499999999998;15.228552342780798;15;4.25;False;3056.1465993245865;2780.127215410964;276.01938391362273;276.0193839136231;0.0;0.0;14483.567137628112
120912;< 1975;300.0;2;ground-source;radiator_only;2.0;1.35;956.37;307.77;18.43156937168669;18;3.4;True;36485.491320012785;9942.2671685422;26543.224151470586;24242.537794117652;2300.6863573529413;0.0;18920.593484848483
9880798;1991 - 95;150.0;4;ground-source;floor_only;1.65;0.55;209.31;139.7625;16.41679805073814;16;4.25;False;5909.370597018463;3153.4227987223517;2755.947798296111;833.1912765569803;0.0;1922.7565217391304;15802.115996592845
680861;1991 - 95;400.0;2;ground-source;floor_only;1.65;0.55;558.16;372.7;16.41679805073814;16;4.25;False;8082.23028249177;5642.466188949069;2439.7640935427007;2439.7640935426994;0.0;0.0;22998.057127071825
468185;1976 - 80;300.0;2;ground-source;both;1.65;0.8;542.37;279.525;17.234360307539134;17;3.7642857142857147;True;10910.740441398983;4943.599615901094;5967.140825497889;4463.30090310953;542.4616615187942;961.3782608695652;7962.671466237944
674801;1995 - 00;150.0;2;ground-source;floor_only;1.65;0.55;209.31;139.7625;16.41679805073814;16;4.25;False;5633.137070893163;4007.13395453098;1626.0031163621825;1626.0031163621816;0.0;0.0;11140.412258064516
781007;1986 - 90;200.0;2;ground-source;floor_only;1.65;0.8;361.58;186.35;17.234360307539134;17;4.25;False;6222.435903608506;3565.289355012089;2657.1465485964172;2657.1465485964163;0.0;0.0;7173.7546842783495
761079;1976 - 80;250.0;2;ground-source;radiator_only;1.65;0.8;451.97499999999997;232.9375;17.234360307539134;17;3.4;True;8962.23301606451;4129.7584700484385;4832.474546016072;3984.9153632865705;847.5591827295012;0.0;10551.193100944081
107998;1976 - 80;230.0;2;ground-source;floor_only;1.65;0.8;415.817;214.3025;17.234360307539134;17;4.25;False;2558.496923203529;1676.9796337928092;881.51728941072;881.5172894107207;0.0;0.0;5361.195591715976
461089;1976 - 80;235.0;2;ground-source;floor_only;1.65;0.8;424.8565;218.96125;17.234360307539134;17;4.25;False;6799.672557717498;3862.783825096748;2936.8887326207505;2936.88873262075;0.0;0.0;7985.784575736326
711368;< 1975;250.0;3;air-source;radiator_only;2.0;1.35;796.975;256.47499999999997;18.43156937168669;18;2.8;False;;;;;;1442.0673913043477;
114109;1976 - 80;200.0;1;ground-source;radiator_only;1.65;0.8;361.58;186.35;17.234360307539134;17;3.4;True;6775.109041689668;3010.695947557122;3764.4130941325457;3104.1793246345687;660.2337694979763;0.0;13300.992083911236
107114;1976 - 80;185.0;2;ground-source;floor_only;1.65;0.8;334.4615;172.37374999999997;17.234360307539134;17;4.25;False;5475.761248408708;3180.4704435776002;2295.2908048311074;2295.290804831108;0.0;0.0;11432.219685512366
671048;2000 - 10;240.0;2;air-source;floor_only;1.4;0.4;251.49599999999998;207.48;15.228552342780798;15;3.5;False;4821.603051043185;3314.0496402916465;1507.5534107515382;546.1751498819734;0.0;961.3782608695652;7798.3147120786525
109711;1995 - 00;160.0;2;ground-source;floor_only;1.65;0.55;223.26399999999998;149.07999999999998;16.41679805073814;16;4.25;False;4265.599866225231;2452.0479684233683;1813.551897801863;852.173636932298;0.0;961.3782608695652;6413.6133918539335
7610179;1995 - 00;280.0;4;air-source;both;1.65;0.55;390.712;260.89;16.41679805073814;16;3.1;False;12641.736247701097;6943.705501698296;5698.030746002802;3070.156543820133;705.1176804435389;1922.7565217391304;12192.36191629956
6569121;2000 - 10;150.0;3;air-source;floor_only;1.4;0.4;157.18499999999997;129.67499999999998;15.228552342780798;15;3.5;False;5187.207164905121;3283.820750751647;1903.386414153474;461.3190228491261;0.0;1442.0673913043477;9449.071773296244
5011111;< 1975;286.0;5;air-source;both;2.0;1.35;911.7394;293.4074;18.43156937168669;18;3.1;False;28341.812336389812;9400.165824118074;18941.646512271738;17967.27728952438;974.3692227473534;0.0;19190.898904347825
5661171;2000 - 10;250.0;4;ground-source;floor_only;1.4;0.4;261.97499999999997;216.12499999999997;15.228552342780798;15;4.25;False;4432.86864760023;3915.8999138881973;516.9687337120331;516.9687337120322;0.0;0.0;18133.33220970537
110119;2000 - 10;130.0;2;air-source;floor_only;1.4;0.4;136.22699999999998;112.38499999999999;15.228552342780798;15;3.5;False;3368.6236058380664;2115.3658628512185;1253.257742986848;291.8794821172834;0.0;961.3782608695652;7082.724485396383
102766;2000 - 10;216.0;2;ground-source;floor_only;1.4;0.4;226.3464;186.732;15.2285523427808;15;4.25;False;4826.716496734544;3318.268147592133;1508.4483491424112;547.070088272846;0.0;961.3782608695652;15505.927969401948
105900;2000 - 10;240.0;5;air-source;floor_only;1.4;0.4;251.49599999999998;207.48;15.228552342780798;15;3.5;False;9009.076347789945;5773.106645435026;3235.9697023549197;832.5240501810054;0.0;2403.445652173913;13947.219590316574
826780;< 1975;150.0;4;ground-source;radiator_only;2.0;1.35;478.185;153.885;18.43156937168669;18;3.4;True;11574.233709657687;4078.0348289029835;7496.198880754703;6846.451043094174;649.7478376605286;0.0;4869.689115201901
698310;< 1975;200.0;5;air-source;both;2.0;1.35;637.5799999999999;205.18;18.43156937168669;18;3.1;False;15707.588479852086;5799.004666642411;9908.583813209674;9398.880546265631;509.703266944042;0.0;9189.640556660039
24611;< 1975;160.0;1;air-source;radiator_only;2.0;1.35;510.06399999999996;164.144;18.43156937168669;18;2.8;False;11479.915817052197;3230.0533406281465;8249.86247642405;7534.789358658315;715.0731177657326;0.0;6995.852984550561
6683113;< 1975;160.0;4;air-source;radiator_only;2.0;1.35;510.06399999999996;164.144;18.43156937168669;18;2.8;False;11695.08607460018;4109.148086205786;7585.937988394394;6928.411836408163;657.5261519862293;0.0;8260.86809815951
896968;1976 - 80;200.0;2;air-source;floor_only;1.65;0.8;361.58;186.35;17.234360307539134;17;3.5;False;6250.487193982695;3579.7463436763687;2670.7408503063266;2670.740850306327;0.0;0.0;3779.684287790698
9981041;2000 - 10;410.0;2;ground-source;floor_only;1.4;0.4;429.63899999999995;354.445;15.228552342780798;15;4.25;False;5840.827412072442;4948.013727162086;892.8136849103557;892.8136849103577;0.0;0.0;9805.12875
111710;1991 - 95;290.0;3;ground-source;floor_only;1.65;0.55;404.666;270.2075;16.41679805073814;16;4.25;False;8094.662313137587;5773.627986088351;2321.0343270492367;2321.0343270492353;0.0;0.0;14188.724501763669
1027273;2000 - 10;200.0;4;air-source;floor_only;1.4;0.4;209.57999999999998;172.89999999999998;15.228552342780798;15;3.5;False;6781.351138351906;4267.116728671426;2514.23440968048;591.4778879413492;0.0;1922.7565217391304;10092.087837243402
6981151;< 1975;240.0;2;air-source;floor_only;2.0;1.35;765.096;246.216;18.43156937168669;18;3.5;False;14805.382907200508;5266.064909343769;9539.317997856739;9539.317997856737;0.0;0.0;20995.334919735596
876511;1995 - 00;500.0;8;air-source;floor_only;1.65;0.55;697.6999999999999;465.875;16.41679805073814;16;3.5;False;17403.301143474342;10035.822043544971;7367.479099929371;3521.966056451109;0.0;3845.513043478261;17719.577038834952
7412010;2000 - 10;250.0;5;air-source;floor_only;1.4;0.4;261.97499999999997;216.12499999999997;15.228552342780798;15;3.5;False;6720.925215816259;5868.222699174024;852.7025166422354;852.7025166422343;0.0;0.0;12032.318697318005
7101112;> 2010;200.0;3;air-source;both;1.4;0.24000000000000002;164.77999999999997;172.89999999999998;13.931302342517295;14;3.1;False;;;;;;0.0;
6810910;1976 - 80;160.0;2;air-source;both;1.65;0.8;289.264;149.07999999999998;17.234360307539134;17;3.1;False;8651.999170043786;4351.383587270881;4300.615582772904;3834.568892690267;466.0466900826383;0.0;12321.326522617124
9889190;< 1975;200.0;4;ground-source;radiator_only;2.0;1.35;637.5799999999999;205.18;18.43156937168669;18;3.4;True;15596.570378564225;5113.579278510869;10482.991100053358;9574.357149990858;908.6339500624999;0.0;6791.831429188256
6808461;> 2010;207.0;4;ground-source;floor_only;1.4;0.24000000000000002;170.5473;178.95149999999998;13.931302342517295;14;4.25;False;3342.0467136359284;3433.8514610036027;-91.80474736767428;-91.80474736767466;0.0;0.0;5989.272595581989
747511;1991 - 95;168.0;3;air-source;both;1.65;0.55;234.4272;156.534;16.41679805073814;16;3.1;False;;;;;;0.0;
6773102;< 1975;200.0;4;ground-source;radiator_only;2.0;1.35;637.5799999999999;205.18;18.43156937168669;18;3.4;True;13925.217159619402;4683.291937674457;9241.925221944944;8440.863107091547;801.0621148533969;0.0;13134.936957579974
4710670;< 1975;300.0;2;air-source;both;2.0;1.35;956.37;307.77;18.43156937168669;18;3.1;False;22896.35338261636;7054.933148115467;15841.420234500893;15026.52843979315;814.8917947077463;0.0;13775.070901213172
716869;1981 - 85;155.0;2;air-source;floor_only;1.65;0.8;280.22450000000003;144.42125;17.234360307539134;17;3.5;False;5903.550357921294;3400.943092943357;2502.6072649779367;2502.6072649779367;0.0;0.0;6254.067762148336
115508;< 1975;170.0;2;ground-source;both;2.0;1.35;541.943;174.403;18.43156937168669;18;3.7642857142857147;True;11189.642108146727;3718.1429818095676;7471.499126337159;7087.160901475335;384.3382248618232;0.0;9402.179418138043
781099;1981 - 85;150.0;2;ground-source;both;1.65;0.8;271.185;139.7625;17.234360307539134;17;3.7642857142857147;True;5373.18812346325;2854.6826323793525;2518.5054910838976;2245.5815048582313;272.9239862256665;0.0;9132.051729711142
105768;< 1975;294.0;1;ground-source;radiator_only;2.0;1.35;937.2426;301.6146;18.43156937168669;18;3.4;True;19508.760698856277;5297.067227950284;14211.693470905993;12979.866881309723;1231.826589596267;0.0;7652.79109671848
8010411;> 2010;375.0;5;air-source;floor_only;1.4;0.24000000000000002;308.9625;324.1875;13.931302342517295;14;3.5;False;5670.624091127307;5858.955055538072;-188.33096441076486;-188.3309644107656;0.0;0.0;11521.856456483125
7086681;2000 - 10;180.0;1;air-source;floor_only;1.4;0.4;188.62199999999996;155.60999999999999;15.228552342780798;15;3.5;False;2971.5725061163594;2516.212019291778;455.3604868245816;455.3604868245817;0.0;0.0;10366.932371060171
868122;1986 - 90;280.0;1;air-source;both;1.65;0.8;506.212;260.89;17.234360307539134;17;3.1;False;11097.302500381911;5266.634027055235;5830.668473326677;5198.813872360223;631.854600966454;0.0;9033.978451528952
881223;1976 - 80;240.0;2;air-source;radiator_only;1.65;0.8;433.896;223.62;17.234360307539134;17;2.8;False;11960.983574354152;4969.77025747967;6991.213316874481;4972.272926417604;1057.562129587309;961.3782608695652;16212.123454245671
118708;1991 - 95;186.0;2;ground-source;floor_only;1.65;0.55;259.5444;173.3055;16.41679805073814;16;4.25;False;4048.3391721662692;2948.9173556068135;1099.4218165594557;1099.421816559456;0.0;0.0;8721.785677419353
1037610;> 2010;222.0;5;ground-source;floor_only;1.4;0.24000000000000002;182.9058;191.91899999999998;13.931302342517295;14;4.25;False;3867.9384872729343;3967.437026005234;-99.49853873229995;-99.49853873229985;0.0;0.0;18065.002104838706
6885841;> 2010;170.0;4;air-source;floor_only;1.4;0.24000000000000002;140.063;146.96499999999997;13.931302342517295;14;3.5;False;3119.82551824278;3200.6796884373007;-80.85417019452052;-80.85417019452052;0.0;0.0;6852.998272515528
2794690;1976 - 80;140.0;6;air-source;floor_only;1.65;0.8;253.106;130.445;17.234360307539134;17;3.5;False;6999.158210300331;4682.372685250692;2316.7855250496395;2316.78552504964;0.0;0.0;8329.827355848434
111119;1981 - 85;180.0;2;ground-source;floor_only;1.65;0.8;325.422;167.71499999999997;17.234360307539134;17;4.25;False;5684.730989836716;3288.1686329550803;2396.5623568816354;2396.562356881636;0.0;0.0;6880.494432258064
105807;1981 - 85;200.0;2;ground-source;both;1.65;0.8;361.58;186.35;17.234360307539134;17;3.7642857142857147;True;7068.223167156422;3628.426691560794;3439.796475595628;3067.0345462497744;372.7619293458525;0.0;13048.352405470638
7374981;> 2010;200.0;5;air-source;floor_only;1.4;0.24000000000000002;164.77999999999997;172.89999999999998;13.931302342517295;14;3.5;False;4762.06132579315;4905.6202932715605;-143.55896747841052;-143.558967478411;0.0;0.0;10276.235823986195
861116;1976 - 80;195.0;2;air-source;floor_only;1.65;0.8;352.5405;181.69125;17.234360307539134;17;3.5;False;6793.915326684783;3859.816680888146;2934.0986457966374;2934.098645796639;0.0;0.0;6790.1821840759685
108511;2000 - 10;274.0;5;ground-source;floor_only;1.4;0.4;287.1246;236.873;15.2285523427808;15;4.25;False;5230.36537676255;4638.535724403597;591.8296523589534;591.8296523589535;0.0;0.0;14216.734110696518
119701;< 1975;200.0;2;air-source;radiator_only;2.0;1.35;637.5799999999999;205.18;18.43156937168669;18;2.8;False;29034.84533676471;7776.604337953965;21258.240998810743;18537.592088235295;1759.2706497058832;961.3782608695652;21342.32294117647
86109;1981 - 85;160.0;2;air-source;floor_only;1.65;0.8;289.264;149.07999999999998;17.234360307539134;17;3.5;False;6200.405456239176;3553.9353700923625;2646.470086146813;2646.470086146813;0.0;0.0;6879.594323570433
1037311;1976 - 80;180.0;3;ground-source;floor_only;1.65;0.8;325.422;167.71499999999997;17.234360307539134;17;4.25;False;6088.95464253591;3675.6908268109573;2413.263815724953;2413.263815724953;0.0;0.0;4205.425176268272
768498;1986 - 90;200.0;2;air-source;both;1.65;0.8;361.58;186.35;17.234360307539134;17;3.1;False;;;;;;961.3782608695652;
116121;< 1975;395.0;2;air-source;radiator_only;2.0;1.35;1259.2205;405.2305;18.43156937168669;18;2.8;False;36300.35157960043;9647.097855197331;26653.253724403097;23464.9814345168;2226.8940290167247;961.3782608695652;30533.18411764706
120741;1981 - 85;164.0;2;air-source;floor_only;1.65;0.8;296.4956;152.80700000000002;17.234360307539134;17;3.5;False;6356.8648965423035;3634.570960281222;2722.2939362610814;2722.2939362610805;0.0;0.0;11604.541688741723
114721;1981 - 85;140.0;2;air-source;both;1.65;0.8;253.106;130.445;17.234360307539134;17;3.1;False;5928.207562442223;3108.0360926739077;2820.1714697683155;2514.5567144723846;305.614755295932;0.0;11997.765638157893
815461;1981 - 85;240.0;2;ground-source;floor_only;1.65;0.8;433.896;223.62;17.234360307539134;17;4.25;False;7370.892879357931;4157.177616063323;3213.715263294608;3213.715263294607;0.0;0.0;6055.810245183889
1678757;1976 - 80;200.0;2;air-source;floor_only;1.65;0.8;361.58;186.35;17.234360307539134;17;3.5;False;7306.695291665989;4124.091658691806;3182.6036329741837;3182.6036329741833;0.0;0.0;6469.38928670842
971071;1981 - 85;250.0;2;air-source;floor_only;1.65;0.8;451.97499999999997;232.9375;17.234360307539134;17;3.5;False;9044.390037040796;5019.659488219421;4024.730548821374;4024.7305488213747;0.0;0.0;12370.920526819924
121728;> 2010;455.0;7;ground-source;floor_only;1.4;0.24000000000000002;374.8745;393.34749999999997;13.931302342517295;14;4.25;False;6689.9107713985;6892.027943613993;-202.11717221549225;-202.11717221549205;0.0;0.0;13039.604189622038
114798;< 1975;301.0;3;ground-source;radiator_only;2.0;1.35;959.5579;308.79589999999996;18.43156937168669;18;3.4;True;20611.76709522627;6130.1675385194885;14481.599556706782;13226.378324250823;1255.2212324559594;0.0;14162.964618604652
1081057;> 2010;200.0;4;ground-source;floor_only;1.4;0.24000000000000002;164.77999999999997;172.89999999999998;13.931302342517295;14;4.25;False;3316.6540073023953;3407.2074573316295;-90.55345002923423;-90.55345002923413;0.0;0.0;7893.569149291076
9776611;> 2010;180.0;3;air-source;floor_only;1.4;0.24000000000000002;148.302;155.60999999999999;13.931302342517295;14;3.5;False;3113.352723288732;3212.1089396408115;-98.75621635207972;-98.7562163520803;0.0;0.0;8332.658527287318
996610;2000 - 10;240.0;2;air-source;floor_only;1.4;0.4;251.49599999999998;207.48;15.228552342780798;15;3.5;False;;;;;;961.3782608695652;
7411010;> 2010;260.0;4;air-source;floor_only;1.4;0.24000000000000002;214.214;224.76999999999998;13.931302342517295;14;3.5;False;4261.53512557566;4398.650261976897;-137.11513640123758;-137.11513640123832;0.0;0.0;8850.473699291693
512280;> 2010;300.0;4;ground-source;floor_only;1.4;0.24000000000000002;247.17;259.34999999999997;13.931302342517295;14;4.25;False;4130.5048967667835;4261.163148485851;-130.65825171906727;-130.65825171906772;0.0;0.0;10814.24046250876
7710511;< 1975;200.0;3;air-source;radiator_only;2.0;1.35;637.5799999999999;205.18;18.43156937168669;18;2.8;False;17357.583612483235;5292.382956833469;12065.200655649765;11019.425568615312;1045.7750870344544;0.0;21571.84375505254
823761;1991 - 95;240.0;2;air-source;floor_only;1.65;0.55;334.89599999999996;223.62;16.416798050738137;16;3.5;False;6274.481538469937;4435.378692716919;1839.1028457530174;1839.1028457530165;0.0;0.0;8246.849899741268
1101758;1976 - 80;192.0;2;ground-source;floor_only;1.65;0.8;347.1168;178.896;17.234360307539134;17;4.25;False;5916.774634225321;3407.7585802193553;2509.016054005966;2509.016054005966;0.0;0.0;6418.670951910409
1061168;> 2010;160.0;2;ground-source;floor_only;1.4;0.24000000000000002;131.824;138.32;13.931302342517295;14;4.25;False;2062.3515921263984;2127.5377700990116;-65.18617797261322;-65.18617797261314;0.0;0.0;7849.5691927346115
808112;1981 - 85;140.0;2;air-source;floor_only;1.65;0.8;253.106;130.445;17.234360307539134;17;3.5;False;5995.00270052749;2952.6033206429565;3042.399379884533;2081.0211190149676;0.0;961.3782608695652;10928.190558235701
1019970;> 2010;170.0;4;ground-source;floor_only;1.4;0.24000000000000002;140.063;146.96499999999997;13.931302342517295;14;4.25;False;2914.171021391542;2984.8909852841325;-70.71996389259039;-70.71996389259036;0.0;0.0;6756.145440852314
1148611;1991 - 95;240.0;3;ground-source;floor_only;1.65;0.55;334.89599999999996;223.62;16.416798050738137;16;4.25;False;6634.02362057328;3835.404972153552;2798.618648419728;1356.5512571153795;0.0;1442.0673913043477;13176.672286450663
7048688;1986 - 90;135.0;4;ground-source;floor_only;1.65;0.8;244.06650000000002;125.78625;17.234360307539134;17;4.25;False;5564.402657927047;3584.5434592631154;1979.8591986639312;1979.8591986639315;0.0;0.0;6193.306605504587
109104;< 1975;200.0;2;air-source;radiator_only;2.0;1.35;637.5799999999999;205.18;18.43156937168669;18;2.8;False;17980.945066323948;4930.794547823741;13050.150518500206;11040.954055457314;1047.8182021733267;961.3782608695652;14308.08245950554
468646;1986 - 90;150.0;2;air-source;floor_only;1.65;0.8;271.185;139.7625;17.234360307539134;17;3.5;False;4888.585685729489;2877.853689041198;2010.7319966882915;2010.7319966882912;0.0;0.0;9543.947109609608
1114639;1976 - 80;195.0;5;ground-source;floor_only;1.65;0.8;352.5405;181.69125;17.234360307539134;17;4.25;False;6402.716746547036;4195.785860912123;2206.9308856349126;2206.930885634913;0.0;0.0;9175.702229102168
671781;< 1975;180.0;4;air-source;floor_only;2.0;1.35;573.822;184.66199999999998;18.43156937168669;18;3.5;False;15900.104495251791;5501.13030083335;10398.974194418442;8476.21767267931;0.0;1922.7565217391304;10323.94161637931
768113;1976 - 80;150.0;2;air-source;radiator_only;1.65;0.8;271.185;139.7625;17.234360307539134;17;2.8;False;7308.020027490315;3447.723865433579;3860.2961620567366;3183.2456304809502;677.0505315757862;0.0;6783.463094713656
122850;2000 - 10;220.0;1;ground-source;floor_only;1.4;0.4;230.53799999999998;190.19;15.228552342780798;15;4.25;False;3617.0687630324364;2652.1751463488235;964.8936166836129;484.20448624882977;0.0;480.6891304347826;8368.94947426068
461104;1991 - 95;210.0;3;air-source;floor_only;1.65;0.55;293.034;195.6675;16.41679805073814;16;3.5;False;6365.422438534872;4618.963192365348;1746.4592461695238;1746.4592461695245;0.0;0.0;7315.983383311604
112810;1991 - 95;180.0;4;air-source;floor_only;1.65;0.55;251.17199999999997;167.71499999999997;16.416798050738137;16;3.5;False;5531.996962501717;4185.320824499518;1346.676138002199;1346.676138002199;0.0;0.0;11367.184706227965
610891;2000 - 10;240.0;4;air-source;floor_only;1.4;0.4;251.49599999999998;207.48;15.228552342780798;15;3.5;False;6896.781713038109;4362.3450250892365;2534.4366879488725;611.6801662097424;0.0;1922.7565217391304;12389.383258495145
858577;1981 - 85;180.0;1;air-source;floor_only;1.65;0.8;325.422;167.71499999999997;17.234360307539134;17;3.5;False;6638.930661299027;3353.010416644905;3285.9202446541217;2805.2311142193394;0.0;480.6891304347826;9451.5914418811
8399121;2000 - 10;168.0;4;air-source;floor_only;1.4;0.4;176.04719999999998;145.236;15.228552342780798;15;3.5;False;6362.252248540251;3921.3671435562674;2440.885104983983;518.1285832448532;0.0;1922.7565217391304;10574.741820083682
108987;2000 - 10;180.0;3;air-source;floor_only;1.4;0.4;188.62199999999996;155.60999999999999;15.228552342780798;15;3.5;False;6387.334995367459;4273.906168668138;2113.428826699321;671.3614353949723;0.0;1442.0673913043477;11799.694335937502
788488;2000 - 10;250.0;3;air-source;floor_only;1.4;0.4;261.97499999999997;216.12499999999997;15.228552342780798;15;3.5;False;5825.792188194819;5000.324245757422;825.4679424373962;825.4679424373958;0.0;0.0;8709.507520868114
865116;1981 - 85;200.0;2;air-source;floor_only;1.65;0.8;361.58;186.35;17.234360307539134;17;3.5;False;7654.993779820126;3808.1244712214802;3846.869308598646;2885.4910477290796;0.0;961.3782608695652;8357.440417789758
991118;1981 - 85;234.5;2;ground-source;floor_only;1.65;0.8;423.95255;218.49537499999997;17.234360307539134;17;4.25;False;8127.56094153742;4051.67469685901;4075.88624467841;3114.507983808845;0.0;961.3782608695652;18679.467049075844
816910;1995 - 00;180.0;3;air-source;floor_only;1.65;0.55;251.17199999999997;167.71499999999997;16.416798050738137;16;3.5;False;8359.636784154476;4987.648103274936;3371.98868087954;1929.9212895751916;0.0;1442.0673913043477;14925.86218487395
1001228;2000 - 10;170.0;3;air-source;floor_only;1.4;0.4;178.14299999999997;146.96499999999997;15.228552342780798;15;3.5;False;2849.3384928747937;2544.799654093942;304.5388387808516;304.5388387808519;0.0;0.0;8746.511084745762
107461;1981 - 85;120.0;2;air-source;floor_only;1.65;0.8;216.948;111.81;17.234360307539134;17;3.5;False;3639.0899665938755;2233.892387915799;1405.1975786780763;1405.1975786780754;0.0;0.0;7855.154878682842
106100;1976 - 80;140.0;2;air-source;floor_only;1.65;0.8;253.106;130.445;17.234360307539134;17;3.5;False;4850.0129885233755;2857.974209743783;1992.0387787795926;1992.0387787795923;0.0;0.0;6298.234380053908
5845834;2000 - 10;180.0;4;ground-source;floor_only;1.4;0.4;188.62199999999996;155.60999999999999;15.228552342780798;15;4.25;False;3442.0782190475393;3098.51435659857;343.5638624489693;343.56386244896936;0.0;0.0;9758.632136445241
1111201;< 1975;250.0;4;air-source;both;2.0;1.35;796.975;256.47499999999997;18.43156937168669;18;3.1;False;21908.738222176024;6754.117580657358;15154.620641518664;12551.209396889666;680.6547228898695;1922.7565217391304;25144.537263279446
8612210;1981 - 85;300.0;6;ground-source;floor_only;1.65;0.8;542.37;279.525;17.234360307539134;17;4.25;False;9998.32178556832;6228.0724812880535;3770.249304280266;3770.2493042802653;0.0;0.0;9249.467508591066
998988;> 2010;205.0;2;ground-source;floor_only;1.4;0.24000000000000002;168.8995;177.2225;13.931302342517295;14;4.25;False;2625.6346224409162;2718.5781629948747;-92.94354055395843;-92.94354055395756;0.0;0.0;13282.585192069391
7211010;< 1975;180.0;4;ground-source;radiator_only;2.0;1.35;573.822;184.66199999999998;18.43156937168669;18;3.4;True;12923.968266557378;4425.521935003775;8498.446331553603;7761.826717367877;736.6196141857264;0.0;10819.852599309153
1211151;< 1975;245.0;4;ground-source;both;2.0;1.35;781.0355;251.3455;18.43156937168669;18;3.7642857142857147;True;16834.14074729015;5855.741285928357;10978.39946136179;10413.66426037244;564.7352009893527;0.0;11238.497203296703
7771161;< 1975;240.0;3;air-source;radiator_only;2.0;1.35;765.096;246.216;18.43156937168669;18;2.8;False;20190.635452705807;6021.747838513404;14168.887614192403;12940.771306737961;1228.1163074544384;0.0;25784.651381059753
5769106;> 2010;200.0;4;ground-source;floor_only;1.4;0.24000000000000002;164.77999999999997;172.89999999999998;13.931302342517295;14;4.25;False;3141.558187351906;3223.4832962111077;-81.92510885920183;-81.9251088592015;0.0;0.0;8575.611030927836
901187;< 1975;180.0;2;air-source;radiator_only;2.0;1.35;573.822;184.66199999999998;18.43156937168669;18;2.8;False;14217.15032880517;4209.316693839756;10007.833634965413;9140.384896288084;867.4487386773308;0.0;10852.892102900552
7411491;1991 - 95;180.0;4;air-source;floor_only;1.65;0.55;251.17199999999997;167.71499999999997;16.416798050738137;16;3.5;False;5462.752055252236;4139.083944515496;1323.6681107367394;1323.6681107367401;0.0;0.0;7586.079390459364
1071058;> 2010;250.0;4;air-source;floor_only;1.4;0.24000000000000002;205.97499999999997;216.12499999999997;13.931302342517295;14;3.5;False;3907.967844335838;4027.6599541339247;-119.69210979808668;-119.69210979808686;0.0;0.0;12421.795118035883
1091217;2000 - 10;150.0;6;ground-source;floor_only;1.4;0.4;157.18499999999997;129.67499999999998;15.228552342780798;15;4.25;False;3924.0289525573908;3625.5443175450227;298.484635012368;298.4846350123678;0.0;0.0;7163.174932562621
7069411;1995 - 00;190.0;4;air-source;floor_only;1.65;0.55;265.126;177.0325;16.41679805073814;16;3.5;False;5474.11291218292;4146.669925915213;1327.442986267707;1327.442986267707;0.0;0.0;10857.544438314944
679810;1981 - 85;320.0;2;ground-source;floor_only;1.65;0.8;578.528;298.15999999999997;17.234360307539134;17;4.25;False;9306.144125459265;5154.561513709718;4151.582611749546;4151.582611749547;0.0;0.0;8826.73581081081
721074;> 2010;134.0;1;air-source;floor_only;1.4;0.24000000000000002;110.40259999999999;115.84299999999999;13.931302342517295;14;3.5;False;1699.2627355617526;1764.7776958232644;-65.51496026151176;-65.51496026151148;0.0;0.0;4751.388328792007
778721;1995 - 00;290.0;2;ground-source;floor_only;1.65;0.55;404.666;270.2075;16.41679805073814;16;4.25;False;5796.694693447086;4116.346234031208;1680.348459415878;1680.3484594158774;0.0;0.0;12340.597277777779
712718;1981 - 85;200.0;2;ground-source;floor_only;1.65;0.8;361.58;186.35;17.234360307539134;17;4.25;False;6069.734146813012;3486.5903883135975;2583.143758499414;2583.143758499413;0.0;0.0;8873.924893048128
7211189;< 1975;202.0;5;air-source;floor_only;2.0;1.35;643.9558000000001;207.2318;18.43156937168669;18;3.5;False;14439.743341502104;5900.701933576023;8539.04140792608;8539.04140792608;0.0;0.0;14084.152787102474
811080;1986 - 90;190.0;2;air-source;floor_only;1.65;0.8;343.501;177.0325;17.234360307539134;17;3.5;False;6428.91751523778;3671.705219626048;2757.2122956117323;2757.212295611732;0.0;0.0;12509.355880654475
5831058;< 1975;160.0;4;air-source;radiator_only;2.0;1.35;510.06399999999996;164.144;18.43156937168669;18;2.8;False;14077.269112075795;4722.4374812674205;9354.831630808374;8543.983130056733;810.8485007516381;0.0;8858.04004472272
760117;1976 - 80;155.0;2;air-source;floor_only;1.65;0.8;280.22450000000003;144.42125;17.234360307539134;17;3.5;False;5550.08896602586;3218.777236480848;2331.311729545012;2331.3117295450124;0.0;0.0;12822.175670897554
468980;< 1975;160.0;2;air-source;radiator_only;2.0;1.35;510.06399999999996;164.144;18.43156937168669;18;2.8;False;14004.337392720916;4154.528327547506;9849.80906517341;8996.05741806914;853.751647104268;0.0;7445.478699753897
103721;2000 - 10;160.0;2;ground-source;floor_only;1.4;0.4;167.664;138.32;15.228552342780798;15;4.25;False;2555.442044309739;2237.6256649129605;317.8163793967783;317.81637939677864;0.0;0.0;9747.132156580214
821088;1995 - 00;220.0;2;ground-source;floor_only;1.65;0.55;306.988;204.985;16.41679805073814;16;4.25;False;4487.478026512073;3242.143403719686;1245.3346227923867;1245.3346227923864;0.0;0.0;9069.217712355212
796869;2000 - 10;150.0;2;air-source;floor_only;1.4;0.4;157.18499999999997;129.67499999999998;15.228552342780798;15;3.5;False;2806.441164330077;2444.695747227668;361.74541710240874;361.7454171024089;0.0;0.0;5611.907832535886
727690;1976 - 80;157.0;2;ground-source;radiator_only;1.65;0.8;283.8403;146.28474999999997;17.234360307539134;17;3.4;True;5486.208023490483;2696.5879244072635;2789.62009908322;2300.353552764012;489.26654631920735;0.0;8688.51555876686
669010;1986 - 90;170.0;1;air-source;floor_only;1.65;0.8;307.34299999999996;158.39749999999998;17.234360307539134;17;3.5;False;5954.5140922765295;3000.277888193824;2954.2362040827056;2473.547073647924;0.0;480.6891304347826;28686.06218337731
9889114;< 1975;200.0;4;air-source;radiator_only;2.0;1.35;637.5799999999999;205.18;18.43156937168669;18;2.8;False;14832.824914458866;4916.95417192015;9915.870742538717;9056.393069123897;859.4776734148204;0.0;13106.306821705426
7984107;< 1975;120.0;2;air-source;both;2.0;1.35;382.548;123.108;18.43156937168669;18;3.1;False;10210.379530272878;3439.0215732883803;6771.357956984497;6423.03539773831;348.32255924618653;0.0;11880.816130617977
721077;1981 - 85;234.0;3;ground-source;both;1.65;0.8;423.04859999999996;218.02949999999998;17.234360307539134;17;3.7642857142857147;True;8115.727039756498;4307.561473011303;3808.165566745195;3395.484422962531;412.6811437826642;0.0;10843.7485
658466;1986 - 90;162.0;2;ground-source;floor_only;1.65;0.8;292.8798;150.94349999999997;17.234360307539134;17;4.25;False;4715.7616305123665;2788.7841534205586;1926.977477091808;1926.9774770918082;0.0;0.0;5132.672115384616
461158;1976 - 80;167.0;2;ground-source;floor_only;1.65;0.8;301.9193;155.60225;17.234360307539134;17;4.25;False;5575.947018544659;2736.631678578958;2839.315339965701;1877.9370790961354;0.0;961.3782608695652;16733.86331420373
112120;1976 - 80;136.0;2;air-source;floor_only;1.65;0.8;245.8744;126.718;17.234360307539134;17;3.5;False;5050.54892988971;2961.3258129121455;2089.2231169775646;2089.223116977564;0.0;0.0;5279.925408878505
1159664;< 1975;152.0;4;air-source;radiator_only;2.0;1.35;484.56080000000003;155.9368;18.43156937168669;18;2.8;False;14587.700050331992;4853.847148962652;9733.85290136934;8890.151983693895;843.7009176754458;0.0;12317.551288546256
122887;2000 - 10;232.0;3;air-source;floor_only;1.4;0.4;243.1128;200.564;15.2285523427808;15;3.5;False;4442.295769066926;3858.9628044595293;583.3329646073971;583.3329646073975;0.0;0.0;10812.33820746133
706817;2000 - 10;168.0;3;air-source;floor_only;1.4;0.4;176.04719999999998;145.236;15.228552342780798;15;3.5;False;3422.633620490543;3017.758560310008;404.875060180535;404.8750601805352;0.0;0.0;11896.795679425835
748773;1981 - 85;200.0;2;ground-source;floor_only;1.65;0.8;361.58;186.35;17.234360307539134;17;4.25;False;5094.186434024182;2983.81557699052;2110.3708570336617;2110.3708570336607;0.0;0.0;6930.518675078864
877881;1981 - 85;160.0;2;ground-source;floor_only;1.65;0.8;289.264;149.07999999999998;17.234360307539134;17;4.25;False;6591.9586306127885;3755.7328534833764;2836.225777129412;2836.2257771294126;0.0;0.0;16031.7125
100119;1986 - 90;160.0;3;ground-source;floor_only;1.65;0.8;289.264;149.07999999999998;17.234360307539134;17;4.25;False;4759.375562599028;2990.456406914287;1768.9191556847409;1768.9191556847406;0.0;0.0;10541.951313868612
8087988;2000 - 10;198.0;2;air-source;floor_only;1.4;0.4;207.4842;171.171;15.2285523427808;15;3.5;False;5406.335759502204;3796.444359695045;1609.8913998071594;648.5131389375936;0.0;961.3782608695652;12322.351899224806
5610182;1995 - 00;140.0;2;air-source;floor_only;1.65;0.55;195.356;130.445;16.41679805073814;16;3.5;False;4800.1597787211;2808.9894894696818;1991.1702892514186;1029.7920283818535;0.0;961.3782608695652;11416.451088082902
113115;2000 - 10;305.0;2;ground-source;floor_only;1.4;0.4;319.60949999999997;263.6725;15.228552342780798;15;4.25;False;7072.541772123528;5171.036494355925;1901.5052777676028;940.1270168980383;0.0;961.3782608695652;11082.993833333332
757271;< 1975;150.0;2;ground-source;radiator_only;2.0;1.35;478.185;153.885;18.43156937168669;18;3.4;True;9699.7589634187;3046.321166564754;6653.437796853947;6076.737939995369;576.6998568585799;0.0;10452.09688976378
6901131;2000 - 10;195.0;4;air-source;floor_only;1.4;0.4;204.34049999999996;168.5775;15.228552342780798;15;3.5;False;6609.620848378835;4125.4421073509575;2484.1787410278775;561.4222192887471;0.0;1922.7565217391304;12959.808045634918
7474976;< 1975;180.0;2;air-source;radiator_only;2.0;1.35;573.822;184.66199999999998;18.43156937168669;18;2.8;False;12270.91778689145;3708.262089931407;8562.655696960042;7820.470609259802;742.1850877002433;0.0;11250.693546195653
1171127;1981 - 85;160.0;6;air-source;both;1.65;0.8;289.264;149.07999999999998;17.234360307539134;17;3.1;False;8114.2815291303305;4909.822538471768;3204.4589906585625;2857.1999814868905;347.2590091716728;0.0;7961.190716228469
801031;2000 - 10;120.0;2;air-source;floor_only;1.4;0.4;125.74799999999999;103.74;15.228552342780798;15;3.5;False;2435.8801669149943;2138.9891127536357;296.8910541613586;296.8910541613591;0.0;0.0;9776.495861344538
730976;1995 - 00;130.0;3;air-source;floor_only;1.65;0.55;181.402;121.1275;16.41679805073814;16;3.5;False;4076.051795160427;3090.282457834648;985.7693373257789;985.7693373257795;0.0;0.0;11827.06566964286
104118;1986 - 90;150.0;3;ground-source;floor_only;1.65;0.8;271.185;139.7625;17.234360307539134;17;4.25;False;5553.824179734103;2656.688613987566;2897.1355657465374;1455.0681744421897;0.0;1442.0673913043477;9536.134078947367
119498;1976 - 80;131.0;3;air-source;floor_only;1.65;0.8;236.8349;122.05924999999999;17.234360307539134;17;3.5;False;5577.334660463568;3412.013677468679;2165.320982994889;2165.320982994889;0.0;0.0;17770.565802752295
767371;1981 - 85;180.0;2;air-source;floor_only;1.65;0.8;325.422;167.71499999999997;17.234360307539134;17;3.5;False;6755.686340454743;3840.114342307559;2915.571998147184;2915.571998147184;0.0;0.0;6328.536611764705
841211;< 1975;112.0;2;air-source;both;2.0;1.35;357.0448;114.9008;18.43156937168669;18;3.1;False;8392.89112794547;2920.9787783416105;5471.912349603859;5190.434021963708;281.4783276401517;0.0;10072.914188811188
611629;< 1975;108.0;2;air-source;radiator_only;2.0;1.35;344.2932;110.7972;18.43156937168669;18;2.8;False;9370.669142366654;2961.5974933209777;6409.071649045676;5853.552710498043;555.5189385476359;0.0;9990.93991638796
8190108;2000 - 10;160.0;3;air-source;floor_only;1.4;0.4;167.664;138.32;15.228552342780798;15;3.5;False;4770.541411281721;2940.0784623582613;1830.4629489234594;388.3955576191121;0.0;1442.0673913043477;13853.82377631579
105714;1981 - 85;145.0;3;air-source;floor_only;1.65;0.8;262.14549999999997;135.10375;17.234360307539134;17;3.5;False;5358.113835525892;3299.03231586921;2059.081519656682;2059.081519656681;0.0;0.0;11659.883865079364
698983;< 1975;140.0;4;air-source;radiator_only;2.0;1.35;446.306;143.626;18.43156937168669;18;2.8;False;13163.509601631762;3992.180748643008;9171.328852988754;6620.288013654088;628.2843175955348;1922.7565217391304;11517.487767295595
417510;2000 - 10;180.0;4;air-source;floor_only;1.4;0.4;188.62199999999996;155.60999999999999;15.228552342780798;15;3.5;False;3552.2508012667886;3189.404897039968;362.8459042268205;362.8459042268206;0.0;0.0;7827.018700305811
7646451;> 2010;219.0;5;air-source;floor_only;1.4;0.24000000000000002;180.4341;189.32549999999998;13.931302342517295;14;3.5;False;3739.5272321015714;3832.6979434762343;-93.17071137466291;-93.17071137466253;0.0;0.0;5035.61064516129
477661;2000 - 10;230.0;4;ground-source;floor_only;1.4;0.4;241.01699999999997;198.83499999999998;15.228552342780798;15;4.25;False;6341.3958395295485;3904.1609544258617;2437.234885103687;514.4783633645569;0.0;1922.7565217391304;10917.550523114354
122671;1976 - 80;300.0;3;air-source;both;1.65;0.8;542.37;279.525;17.234360307539134;17;3.1;False;11278.714679539413;5751.391737555006;5527.3229419844065;4928.3411189057815;598.9818230786265;0.0;22815.306295811515
7747482;1981 - 85;200.0;2;ground-source;floor_only;1.65;0.8;361.58;186.35;17.234360307539134;17;4.25;False;6813.105485111779;3374.2346440216893;3438.8708410900895;2477.4925802205235;0.0;961.3782608695652;8829.208955613576
100120;1976 - 80;130.0;2;air-source;radiator_only;1.65;0.8;235.027;121.1275;17.234360307539134;17;2.8;False;5924.941280702214;2877.4783331276712;3047.4629475745423;2512.973799075233;534.4891484993093;0.0;7996.641212121211
776736;< 1975;180.0;2;air-source;radiator_only;2.0;1.35;573.822;184.66199999999998;18.43156937168669;18;2.8;False;12776.57803663587;3838.443551134782;8938.134485501088;8163.404032500001;774.7304530010871;0.0;6378.575537790697
731027;1995 - 00;220.0;3;ground-source;floor_only;1.65;0.55;306.988;204.985;16.41679805073814;16;4.25;False;8102.010271538788;5778.534436024083;2323.475835514705;2323.4758355147055;0.0;0.0;14377.083854166667
7679818;> 2010;180.0;2;air-source;floor_only;1.4;0.24000000000000002;148.302;155.60999999999999;13.931302342517295;14;3.5;False;3577.5310888682598;2708.6291263456437;868.901962522616;-92.47629834694902;0.0;961.3782608695652;5618.490347137637
751108;1995 - 00;180.0;2;ground-source;floor_only;1.65;0.55;251.17199999999997;167.71499999999997;16.416798050738137;16;4.25;False;5418.9323447861525;3222.1622990089627;2196.77004577719;1235.3917849076247;0.0;961.3782608695652;13461.033660907127
816571;1986 - 90;120.0;2;air-source;floor_only;1.65;0.8;216.948;111.81;17.234360307539134;17;3.5;False;5122.409196362065;2998.360938353606;2124.048258008459;2124.048258008458;0.0;0.0;8145.472246376811
310610;1981 - 85;160.0;2;air-source;floor_only;1.65;0.8;289.264;149.07999999999998;17.234360307539134;17;3.5;False;5449.283085154777;3166.8242083810464;2282.4588767737305;2282.458876773731;0.0;0.0;7260.6006603773585
8773113;1976 - 80;160.0;1;air-source;radiator_only;1.65;0.8;289.264;149.07999999999998;17.234360307539134;17;2.8;False;7796.182166022033;3431.685995058281;4364.496170963752;3599.0148895904863;765.4812813732661;0.0;10751.641914893618
897731;< 1975;639.0;2;air-source;radiator_only;2.0;1.35;2037.0681000000002;655.5500999999999;18.43156937168669;18;2.8;False;58258.58059263194;15547.715842535728;42710.86475009621;39008.81622424489;3702.0485258513254;0.0;28542.43011792453
9073879;1976 - 80;138.0;2;air-source;radiator_only;1.65;0.8;249.4902;128.5815;17.234360307539134;17;2.8;False;11752.828526206786;4883.947605292578;6868.880920914207;4871.396193504107;1036.1064665405358;961.3782608695652;13220.10655
461222;< 1975;204.0;2;air-source;both;2.0;1.35;650.3316000000001;209.28359999999998;18.43156937168669;18;3.1;False;22437.203742935988;6650.036895155393;15787.166847780594;14063.14147000458;762.6471169064463;961.3782608695652;8648.115973684211
468665;< 1975;170.0;4;air-source;radiator_only;2.0;1.35;541.943;174.403;18.43156937168669;18;2.8;False;2704.884852037324;1794.6344730492292;910.2503789880948;831.3526302910049;78.89774869708991;0.0;4502.64
1191021;< 1975;380.0;3;air-source;both;2.0;1.35;1211.402;389.842;18.43156937168669;18;3.1;False;28255.95638771196;8846.95991105482;19408.996476657143;18410.586502159185;998.4099744979573;0.0;22647.240288944722
9097838;1981 - 85;213.5;5;ground-source;both;1.65;0.8;385.98665;198.928625;17.234360307539134;17;3.7642857142857147;True;8205.512462759583;4750.493701200055;3455.0187615595287;3080.6072320919207;374.41152946760843;0.0;8830.783320974577
112691;1991 - 95;320.0;2;air-source;floor_only;1.65;0.55;446.52799999999996;298.15999999999997;16.41679805073814;16;3.5;False;2138.4301366497434;1673.6144002947;464.8157363550433;464.8157363550433;0.0;0.0;3410.0466858789623
699801;1976 - 80;225.0;2;air-source;floor_only;1.65;0.8;406.7775;209.64375;17.234360307539134;17;3.5;False;4498.6859826134105;2676.908366634867;1821.7776159785435;1821.777615978543;0.0;0.0;7444.5178340080965
808410;1991 - 95;204.0;2;air-source;floor_only;1.65;0.55;284.66159999999996;190.077;16.416798050738137;16;3.5;False;9176.080608572296;6372.862520700204;2803.218087872092;2803.218087872093;0.0;0.0;11802.207093023258
111901;< 1975;209.0;3;air-source;radiator_only;2.0;1.35;666.2711;214.4131;18.43156937168669;18;2.8;False;18022.67962284611;5463.610911795987;12559.068711050124;11470.486635275034;1088.5820757750841;0.0;14111.405996884736
7146661;< 1975;186.0;3;air-source;floor_only;2.0;1.35;592.9494000000001;190.81740000000002;18.43156937168669;18;3.5;False;13122.233758598502;4975.177581776781;8147.056176821721;8147.056176821719;0.0;0.0;8330.455688836104
876790;2000 - 10;180.0;3;air-source;floor_only;1.4;0.4;188.62199999999996;155.60999999999999;15.228552342780798;15;3.5;False;5347.681017072928;3416.2089988660364;1931.4720182068913;489.40462690254276;0.0;1442.0673913043477;14139.375665188472
1015877;< 1975;170.0;2;air-source;radiator_only;2.0;1.35;541.943;174.403;18.43156937168669;18;2.8;False;14613.791670670222;4311.431403239513;10302.360267430708;9409.38285140344;892.97741602727;0.0;8727.330810185184
8280779;< 1975;175.0;1;air-source;radiator_only;2.0;1.35;557.8825;179.5325;18.43156937168669;18;2.8;False;12322.894581308738;3447.076939674738;8875.817641634;8106.488624106618;769.3290175273804;0.0;16674.49843382353
970979;< 1975;165.0;3;air-source;both;2.0;1.35;526.0035;169.2735;18.43156937168669;18;3.1;False;10895.012257027554;3898.531074393489;6996.481182634066;6636.578154802087;359.90302783197893;0.0;7677.081075581395
1141047;1995 - 00;148.0;2;air-source;floor_only;1.65;0.55;206.5192;137.899;16.41679805073814;16;3.5;False;4654.857580563283;3353.907700327981;1300.9498802353019;1300.9498802353016;0.0;0.0;5386.660641025641
