household_id;schema_version;generated_utc;phys_status;phys_status_reason;phys_no_result_reason;phys_no_result_is_fixable;phys_excess_confirmed;phys_era;phys_rank_in_era;phys_n_excess_confirmed_in_era;phys_deficiency_kwh_yr;phys_deficiency_lo_kwh_yr;phys_deficiency_hi_kwh_yr;phys_deficiency_band_kwh_yr;phys_rank_on;phys_deficiency_pct_of_reference;phys_deficiency_pct_lo;phys_deficiency_pct_hi;phys_term_envelope_kwh_yr;phys_term_emitter_kwh_yr;phys_term_dhw_kwh_yr;phys_scenario_capacity_lo_kwh_yr;phys_scenario_capacity_mid_kwh_yr;phys_scenario_capacity_hi_kwh_yr;phys_scenario_never_sum_into_total;phys_context_e_as_built_kwh_yr;phys_context_e_reference_kwh_yr;phys_level_is_not_a_prediction;phys_completeness_tier;phys_jaz_derived;phys_geometry_reconciles;phys_hdd_correction_extrapolated;phys_pv_level;phys_n_meter_days;visit_status;visit_technician_recoverable_kwh;visit_slope_excess_pct;visit_fault_axis_available;visit_fault_probability;visit_named_fault;visit_advisory_night_setback_prob;visit_in_training_set;visit_rank_in_era;visit_never_sum_with_phys_deficiency;setting_fault_flag;setting_fault_name
661091;physical_baseline_v1;2026-09-10T23:31:55Z;INCOMPLETE_AUDIT;never computed - required building data missing, see phys_no_result_reason;insufficient usable meter days;True;;;;;;;;;phys_deficiency_lo_kwh_yr;;;;;;;;;;True;;;True;;;;False;Unknown;;NOT_ASSESSABLE;;;False;;;;;;True;;
120701;physical_baseline_v1;2026-09-10T23:31:55Z;HIGH_EXCESS;confirmed excess over code, in the worst 25% of its era by lower bound;;;True;1976_1990;15.0;62.0;1811.0;1367.0;2468.0;1101.0;phys_deficiency_lo_kwh_yr;71.5;54.0;97.4;1811.0;0.0;0.0;0.0;0.0;0.0;True;4344.0;2533.0;True;T1;False;True;False;no PV;576.0;NO_SLOPE_EXCESS;-776.0;-21.5;False;;;;;;True;;
412211;physical_baseline_v1;2026-09-10T23:31:55Z;INCOMPLETE_AUDIT;never computed - required building data missing, see phys_no_result_reason;insufficient usable meter days;True;;;;;;;;;phys_deficiency_lo_kwh_yr;;;;;;;;;;True;;;True;;;;False;Unknown;;NOT_ASSESSABLE;;;False;;;;;;True;;
706646;physical_baseline_v1;2026-09-10T23:31:55Z;HIGH_EXCESS;confirmed excess over code, in the worst 25% of its era by lower bound;;;True;2001_2010;2.0;35.0;2453.0;2114.0;2891.0;776.0;phys_deficiency_lo_kwh_yr;75.9;65.4;89.4;530.0;0.0;1923.0;0.0;0.0;0.0;True;5685.0;3233.0;True;T1;False;True;False;Unknown;939.0;SLOPE_EXCESS;1665.0;72.9;False;;;;;11.0;True;;
1078861;physical_baseline_v1;2026-09-10T23:31:55Z;EXCESS_CONFIRMED;confirmed excess over code, ranked below the action cut for its era;;;True;pre1975;37.0;37.0;317.0;257.0;522.0;265.0;phys_deficiency_lo_kwh_yr;36.7;29.8;60.4;286.0;31.0;0.0;0.0;0.0;0.0;True;1182.0;865.0;True;T2;True;True;False;PV;393.0;SLOPE_EXCESS;229.0;51.8;False;;;;;12.0;True;;
190821;physical_baseline_v1;2026-09-10T23:31:55Z;INCONCLUSIVE;band straddles zero - the excess cannot be resolved at this precision;band straddles zero;False;False;post2010;;1.0;-70.0;-239.0;89.0;328.0;phys_deficiency_lo_kwh_yr;-2.6;-8.8;3.3;-70.0;0.0;0.0;;;;True;2635.0;2705.0;True;T1;False;True;False;PV;1292.0;SLOPE_EXCESS;466.0;40.3;False;;;;;9.0;True;;
105898;physical_baseline_v1;2026-09-10T23:31:55Z;EXCESS_CONFIRMED;confirmed excess over code, ranked below the action cut for its era;;;True;1976_1990;55.0;62.0;1138.0;643.0;1876.0;1232.0;phys_deficiency_lo_kwh_yr;54.0;30.5;89.0;1138.0;0.0;0.0;15.0;30.0;46.0;True;3245.0;2108.0;True;T2;False;True;False;Unknown;789.0;SLOPE_EXCESS;2328.0;92.9;False;;;;;11.0;True;;
889410;physical_baseline_v1;2026-09-10T23:31:55Z;INCOMPLETE_AUDIT;never computed - required building data missing, see phys_no_result_reason;insufficient usable meter days;True;;;;;;;;;phys_deficiency_lo_kwh_yr;;;;;;;;;;True;;;True;;;;False;Unknown;;NOT_ASSESSABLE;;;False;;;;;;True;;
1178890;physical_baseline_v1;2026-09-10T23:31:55Z;EXCESS_CONFIRMED;confirmed excess over code, ranked below the action cut for its era;;;True;2001_2010;25.0;35.0;433.0;233.0;766.0;532.0;phys_deficiency_lo_kwh_yr;21.0;11.3;37.1;433.0;0.0;0.0;51.0;102.0;153.0;True;2497.0;2065.0;True;T1;False;True;True;Unknown;180.0;SLOPE_EXCESS;540.0;25.4;False;;;;;31.0;True;;
731201;physical_baseline_v1;2026-09-10T23:31:55Z;EXCESS_CONFIRMED;confirmed excess over code, ranked below the action cut for its era;;;True;1976_1990;31.0;62.0;2511.0;1027.0;4813.0;3786.0;phys_deficiency_lo_kwh_yr;63.7;26.1;122.1;2146.0;365.0;0.0;0.0;0.0;0.0;True;6452.0;3941.0;True;T2;False;True;False;Unknown;539.0;SLOPE_EXCESS;2253.0;42.2;False;;;;;12.0;True;;
1194992;physical_baseline_v1;2026-09-10T23:31:55Z;INCOMPLETE_AUDIT;never computed - required building data missing, see phys_no_result_reason;insufficient usable meter days;True;;;;;;;;;phys_deficiency_lo_kwh_yr;;;;;;;;;;True;;;True;;;;False;Unknown;;NOT_ASSESSABLE;;;False;;;;;;True;;
1228011;physical_baseline_v1;2026-09-10T23:31:55Z;EXCESS_CONFIRMED;confirmed excess over code, ranked below the action cut for its era;;;True;2001_2010;13.0;35.0;1722.0;1479.0;1964.0;485.0;phys_deficiency_lo_kwh_yr;79.3;68.1;90.5;280.0;0.0;1442.0;67.0;134.0;201.0;True;3894.0;2171.0;True;T1;False;True;False;no PV;678.0;SLOPE_EXCESS;1431.0;106.6;False;;;;;15.0;True;;
114117;physical_baseline_v1;2026-09-10T23:31:55Z;EXCESS_CONFIRMED;confirmed excess over code, ranked below the action cut for its era;;;True;1991_2000;7.0;20.0;1775.0;1557.0;2088.0;531.0;phys_deficiency_lo_kwh_yr;77.4;67.9;91.1;813.0;0.0;961.0;118.0;237.0;355.0;True;4067.0;2292.0;True;T1;False;True;True;Unknown;340.0;SLOPE_EXCESS;887.0;37.5;False;;;;;11.0;True;;
758039;physical_baseline_v1;2026-09-10T23:31:55Z;INCOMPLETE_AUDIT;never computed - required building data missing, see phys_no_result_reason;insufficient usable meter days;True;;;;;;;;;phys_deficiency_lo_kwh_yr;;;;;;;;;;True;;;True;;;;False;Unknown;;NOT_ASSESSABLE;;;False;;;;;;True;;
8627071;physical_baseline_v1;2026-09-10T23:31:55Z;HIGH_EXCESS;confirmed excess over code, in the worst 25% of its era by lower bound;;;True;2001_2010;9.0;35.0;2016.0;1629.0;2496.0;867.0;phys_deficiency_lo_kwh_yr;80.8;65.3;100.1;395.0;179.0;1442.0;68.0;137.0;205.0;True;4509.0;2493.0;True;T2;True;True;True;Unknown;270.0;SLOPE_EXCESS;377.0;19.2;False;;;;;33.0;True;;
867211;physical_baseline_v1;2026-09-10T23:31:55Z;EXCESS_CONFIRMED;confirmed excess over code, ranked below the action cut for its era;;;True;1991_2000;6.0;20.0;2413.0;1839.0;3139.0;1300.0;phys_deficiency_lo_kwh_yr;93.2;71.0;121.2;1213.0;239.0;961.0;0.0;0.0;0.0;True;5003.0;2590.0;True;T2;True;True;False;Unknown;718.0;NO_SLOPE_EXCESS;-1271.0;-38.5;False;;;;;;True;;
1114677;physical_baseline_v1;2026-09-10T23:31:55Z;HIGH_EXCESS;confirmed excess over code, in the worst 25% of its era by lower bound;;;True;post2010;1.0;1.0;1261.0;832.0;1674.0;842.0;phys_deficiency_lo_kwh_yr;29.8;19.7;39.6;-181.0;0.0;1442.0;106.0;211.0;317.0;True;5487.0;4226.0;True;T1;False;True;False;Unknown;500.0;SLOPE_EXCESS;6162.0;209.9;False;;;;;1.0;True;;
611797;physical_baseline_v1;2026-09-10T23:31:55Z;EXCESS_CONFIRMED;confirmed excess over code, ranked below the action cut for its era;;;True;1976_1990;23.0;62.0;2249.0;1254.0;3689.0;2435.0;phys_deficiency_lo_kwh_yr;78.4;43.7;128.6;1288.0;0.0;961.0;171.0;342.0;513.0;True;5118.0;2869.0;True;T2;False;True;False;Unknown;1130.0;SLOPE_EXCESS;3342.0;97.8;False;;;;;5.0;True;;
1137376;physical_baseline_v1;2026-09-10T23:31:55Z;HIGH_EXCESS;confirmed excess over code, in the worst 25% of its era by lower bound;;;True;1976_1990;2.0;62.0;3897.0;3498.0;4838.0;1341.0;phys_deficiency_lo_kwh_yr;119.8;107.5;148.7;1494.0;0.0;2403.0;15.0;29.0;44.0;True;7151.0;3254.0;True;T1;False;True;False;no PV;1678.0;SLOPE_EXCESS;1751.0;60.4;False;;;;;13.0;True;;
779742;physical_baseline_v1;2026-09-10T23:31:55Z;INCOMPLETE_AUDIT;never computed - required building data missing, see phys_no_result_reason;insufficient usable meter days;True;;;;;;;;;phys_deficiency_lo_kwh_yr;;;;;;;;;;True;;;True;;;;False;Unknown;;NOT_ASSESSABLE;;;False;;;;;;True;;
700831;physical_baseline_v1;2026-09-10T23:31:55Z;HIGH_EXCESS;confirmed excess over code, in the worst 25% of its era by lower bound;;;True;1976_1990;1.0;62.0;5045.0;3891.0;7597.0;3706.0;phys_deficiency_lo_kwh_yr;125.8;97.0;189.5;3662.0;422.0;961.0;0.0;0.0;0.0;True;9055.0;4010.0;True;T2;True;True;False;Unknown;836.0;SLOPE_EXCESS;2608.0;35.5;False;;;;;10.0;True;;
1191127;physical_baseline_v1;2026-09-10T23:31:55Z;EXCESS_CONFIRMED;confirmed excess over code, ranked below the action cut for its era;;;True;2001_2010;32.0;35.0;248.0;130.0;425.0;295.0;phys_deficiency_lo_kwh_yr;11.5;6.0;19.7;248.0;0.0;0.0;2.0;5.0;7.0;True;2406.0;2158.0;True;T1;False;True;True;PV;296.0;SLOPE_EXCESS;1673.0;129.0;False;;;;;10.0;True;;
121798;physical_baseline_v1;2026-09-10T23:31:55Z;HIGH_EXCESS;confirmed excess over code, in the worst 25% of its era by lower bound;;;True;1976_1990;11.0;62.0;2299.0;1922.0;3116.0;1194.0;phys_deficiency_lo_kwh_yr;118.7;99.3;160.9;1183.0;154.0;961.0;2.0;5.0;7.0;True;4235.0;1936.0;True;T2;True;True;False;Unknown;424.0;SLOPE_EXCESS;2681.0;105.8;False;;;;;7.0;True;;
114671;physical_baseline_v1;2026-09-10T23:31:55Z;EXCESS_CONFIRMED;confirmed excess over code, ranked below the action cut for its era;;;True;pre1975;27.0;37.0;2860.0;1452.0;4437.0;2986.0;phys_deficiency_lo_kwh_yr;101.0;51.3;156.8;2522.0;338.0;0.0;0.0;0.0;0.0;True;5690.0;2830.0;True;T3;True;True;False;Unknown;571.0;NO_SLOPE_EXCESS;-147.0;-3.5;False;;;;;;True;;
1121037;physical_baseline_v1;2026-09-10T23:31:55Z;EXCESS_CONFIRMED;confirmed excess over code, ranked below the action cut for its era;;;True;2001_2010;34.0;35.0;268.0;120.0;405.0;284.0;phys_deficiency_lo_kwh_yr;10.6;4.8;16.0;268.0;0.0;0.0;10.0;21.0;31.0;True;2796.0;2528.0;True;T1;False;True;False;Unknown;683.0;SLOPE_EXCESS;3008.0;228.4;False;;;;;3.0;True;;
120912;physical_baseline_v1;2026-09-10T23:31:55Z;INCOMPLETE_AUDIT;never computed - required building data missing, see phys_no_result_reason;insufficient usable meter days;True;;;;;;;;;phys_deficiency_lo_kwh_yr;;;;;;;;;;True;;;True;;;;False;Unknown;;NOT_ASSESSABLE;;;False;;;;;;True;;
9880798;physical_baseline_v1;2026-09-10T23:31:55Z;HIGH_EXCESS;confirmed excess over code, in the worst 25% of its era by lower bound;;;True;1991_2000;3.0;20.0;2550.0;2199.0;2881.0;681.0;phys_deficiency_lo_kwh_yr;97.5;84.1;110.1;627.0;0.0;1923.0;;;;True;5165.0;2616.0;True;T1;False;True;False;no PV;587.0;SLOPE_EXCESS;2689.0;152.5;False;;;;;3.0;True;;
680861;physical_baseline_v1;2026-09-10T23:31:55Z;EXCESS_CONFIRMED;confirmed excess over code, ranked below the action cut for its era;;;True;1991_2000;12.0;20.0;1007.0;761.0;1547.0;786.0;phys_deficiency_lo_kwh_yr;34.0;25.7;52.2;1007.0;0.0;0.0;0.0;0.0;0.0;True;3969.0;2962.0;True;T1;False;True;False;no PV;543.0;SLOPE_EXCESS;5504.0;170.4;True;0.833;heating curve too high;0.931;False;1.0;True;True;heating curve too high
468185;physical_baseline_v1;2026-09-10T23:31:55Z;HIGH_EXCESS;confirmed excess over code, in the worst 25% of its era by lower bound;;;True;1976_1990;8.0;62.0;2853.0;2039.0;4703.0;2665.0;phys_deficiency_lo_kwh_yr;103.9;74.2;171.3;1632.0;259.0;961.0;0.0;0.0;0.0;True;5598.0;2746.0;True;T3;True;True;False;no PV;1555.0;NO_SLOPE_EXCESS;-145.0;-3.7;False;;;;;;True;;
674801;physical_baseline_v1;2026-09-10T23:31:55Z;INCOMPLETE_AUDIT;never computed - required building data missing, see phys_no_result_reason;insufficient usable meter days;True;;;;;;;;;phys_deficiency_lo_kwh_yr;;;;;;;;;;True;;;True;;;;False;Unknown;;NOT_ASSESSABLE;;;False;;;;;;True;;
781007;physical_baseline_v1;2026-09-10T23:31:55Z;EXCESS_CONFIRMED;confirmed excess over code, ranked below the action cut for its era;;;True;1976_1990;27.0;62.0;1481.0;1167.0;2055.0;888.0;phys_deficiency_lo_kwh_yr;66.3;52.3;92.0;1481.0;0.0;0.0;;;;True;3714.0;2233.0;True;T1;False;True;False;no PV;1552.0;NO_SLOPE_EXCESS;-890.0;-29.9;False;;;;;;True;;
761079;physical_baseline_v1;2026-09-10T23:31:55Z;HIGH_EXCESS;confirmed excess over code, in the worst 25% of its era by lower bound;;;True;1976_1990;9.0;62.0;2717.0;2022.0;4100.0;2078.0;phys_deficiency_lo_kwh_yr;107.1;79.7;161.6;2267.0;449.0;0.0;;;;True;5254.0;2537.0;True;T2;True;True;False;no PV;1377.0;SLOPE_EXCESS;782.0;17.3;True;0.896;heating curve too high;0.666;True;32.0;True;True;heating curve too high
107998;physical_baseline_v1;2026-09-10T23:31:55Z;INCOMPLETE_AUDIT;never computed - required building data missing, see phys_no_result_reason;insufficient usable meter days;True;;;;;;;;;phys_deficiency_lo_kwh_yr;;;;;;;;;;True;;;True;;;;False;Unknown;;NOT_ASSESSABLE;;;False;;;;;;True;;
461089;physical_baseline_v1;2026-09-10T23:31:55Z;EXCESS_CONFIRMED;confirmed excess over code, ranked below the action cut for its era;;;True;1976_1990;17.0;62.0;1677.0;1356.0;2470.0;1114.0;phys_deficiency_lo_kwh_yr;70.0;56.5;103.0;1677.0;0.0;0.0;0.0;0.0;0.0;True;4075.0;2397.0;True;T1;False;True;False;no PV;1426.0;NO_SLOPE_EXCESS;-816.0;-24.5;True;0.746;heating curve too high;0.702;False;;True;True;heating curve too high
711368;physical_baseline_v1;2026-09-10T23:31:55Z;INCOMPLETE_AUDIT;never computed - required building data missing, see phys_no_result_reason;insufficient usable meter days;True;;;;;;;;;phys_deficiency_lo_kwh_yr;;;;;;;;;;True;;;True;;;;False;Unknown;;NOT_ASSESSABLE;;;False;;;;;;True;;
114109;physical_baseline_v1;2026-09-10T23:31:55Z;HIGH_EXCESS;confirmed excess over code, in the worst 25% of its era by lower bound;;;True;1976_1990;13.0;62.0;2034.0;1500.0;3166.0;1665.0;phys_deficiency_lo_kwh_yr;117.2;86.5;182.4;1693.0;341.0;0.0;0.0;0.0;0.0;True;3770.0;1736.0;True;T2;True;True;False;no PV;1442.0;SLOPE_EXCESS;1412.0;41.5;False;;;;;17.0;True;;
107114;physical_baseline_v1;2026-09-10T23:31:55Z;EXCESS_CONFIRMED;confirmed excess over code, ranked below the action cut for its era;;;True;1976_1990;53.0;62.0;1132.0;652.0;1961.0;1309.0;phys_deficiency_lo_kwh_yr;54.5;31.4;94.5;1132.0;0.0;0.0;0.0;0.0;0.0;True;3208.0;2076.0;True;T2;False;True;False;no PV;1415.0;SLOPE_EXCESS;788.0;31.9;True;0.725;heating curve too high;0.691;True;31.0;True;True;heating curve too high
671048;physical_baseline_v1;2026-09-10T23:31:55Z;EXCESS_CONFIRMED;confirmed excess over code, ranked below the action cut for its era;;;True;2001_2010;16.0;35.0;1412.0;1137.0;1678.0;541.0;phys_deficiency_lo_kwh_yr;53.3;42.9;63.3;451.0;0.0;961.0;;;;True;4062.0;2649.0;True;T1;False;True;False;Unknown;712.0;SLOPE_EXCESS;1044.0;44.2;False;;;;;20.0;True;;
109711;physical_baseline_v1;2026-09-10T23:31:55Z;EXCESS_CONFIRMED;confirmed excess over code, ranked below the action cut for its era;;;True;1991_2000;10.0;20.0;1300.0;779.0;1879.0;1100.0;phys_deficiency_lo_kwh_yr;66.0;39.5;95.3;339.0;0.0;961.0;;;;True;3271.0;1971.0;True;T2;False;True;False;PV;712.0;SLOPE_EXCESS;747.0;47.6;False;;;;;13.0;True;;
7610179;physical_baseline_v1;2026-09-10T23:31:55Z;HIGH_EXCESS;confirmed excess over code, in the worst 25% of its era by lower bound;;;True;1991_2000;5.0;20.0;3221.0;1876.0;4895.0;3019.0;phys_deficiency_lo_kwh_yr;67.2;39.2;102.2;871.0;427.0;1923.0;;;;True;8011.0;4790.0;True;T2;False;True;False;Unknown;1135.0;SLOPE_EXCESS;974.0;21.1;False;;;;;10.0;True;;
6569121;physical_baseline_v1;2026-09-10T23:31:55Z;EXCESS_CONFIRMED;confirmed excess over code, ranked below the action cut for its era;;;True;2001_2010;10.0;35.0;1950.0;1594.0;2311.0;717.0;phys_deficiency_lo_kwh_yr;63.9;52.2;75.7;508.0;0.0;1442.0;;;;True;5004.0;3054.0;True;T1;False;True;False;Unknown;719.0;SLOPE_EXCESS;1052.0;42.9;False;;;;;19.0;True;;
5011111;physical_baseline_v1;2026-09-10T23:31:55Z;HIGH_EXCESS;confirmed excess over code, in the worst 25% of its era by lower bound;;;True;pre1975;2.0;37.0;7850.0;6819.0;11241.0;4422.0;phys_deficiency_lo_kwh_yr;148.3;128.9;212.4;7406.0;444.0;0.0;;;;True;13142.0;5292.0;True;T1;False;True;False;Unknown;1150.0;NO_SLOPE_EXCESS;-3048.0;-27.0;False;;;;;;True;;
5661171;physical_baseline_v1;2026-09-10T23:31:55Z;EXCESS_CONFIRMED;confirmed excess over code, ranked below the action cut for its era;;;True;2001_2010;21.0;35.0;718.0;286.0;1120.0;835.0;phys_deficiency_lo_kwh_yr;18.3;7.3;28.6;718.0;0.0;0.0;32.0;63.0;95.0;True;4636.0;3917.0;True;T1;False;True;False;Unknown;561.0;SLOPE_EXCESS;2803.0;88.8;False;;;;;4.0;True;;
110119;physical_baseline_v1;2026-09-10T23:31:55Z;EXCESS_CONFIRMED;confirmed excess over code, ranked below the action cut for its era;;;True;2001_2010;17.0;35.0;1255.0;1022.0;1464.0;442.0;phys_deficiency_lo_kwh_yr;67.3;54.8;78.5;293.0;0.0;961.0;28.0;56.0;84.0;True;3119.0;1864.0;True;T1;False;True;False;Unknown;719.0;SLOPE_EXCESS;817.0;57.6;False;;;;;28.0;True;;
102766;physical_baseline_v1;2026-09-10T23:31:55Z;EXCESS_CONFIRMED;confirmed excess over code, ranked below the action cut for its era;;;True;2001_2010;14.0;35.0;1678.0;1247.0;2151.0;904.0;phys_deficiency_lo_kwh_yr;51.2;38.0;65.6;717.0;0.0;961.0;6.0;12.0;18.0;True;4958.0;3280.0;True;T1;False;True;False;Unknown;719.0;SLOPE_EXCESS;4493.0;137.9;False;;;;;1.0;True;;
105900;physical_baseline_v1;2026-09-10T23:31:55Z;HIGH_EXCESS;confirmed excess over code, in the worst 25% of its era by lower bound;;;True;2001_2010;1.0;35.0;3012.0;2548.0;3564.0;1016.0;phys_deficiency_lo_kwh_yr;68.4;57.8;80.9;609.0;0.0;2403.0;57.0;115.0;172.0;True;7417.0;4405.0;True;T1;False;True;False;no PV;537.0;SLOPE_EXCESS;1514.0;47.8;False;;;;;14.0;True;;
826780;physical_baseline_v1;2026-09-10T23:31:55Z;EXCESS_CONFIRMED;confirmed excess over code, ranked below the action cut for its era;;;True;pre1975;33.0;37.0;2355.0;1029.0;4422.0;3393.0;phys_deficiency_lo_kwh_yr;89.2;39.0;167.6;2065.0;290.0;0.0;;;;True;4994.0;2639.0;True;T3;True;True;False;PV;842.0;NO_SLOPE_EXCESS;-1016.0;-28.9;True;0.742;heating curve too high;0.542;False;;True;True;heating curve too high
698310;physical_baseline_v1;2026-09-10T23:31:55Z;EXCESS_CONFIRMED;confirmed excess over code, ranked below the action cut for its era;;;True;pre1975;32.0;37.0;2608.0;1087.0;4621.0;3533.0;phys_deficiency_lo_kwh_yr;78.2;32.6;138.6;2417.0;192.0;0.0;0.0;0.0;0.0;True;5942.0;3334.0;True;T2;False;True;False;PV;503.0;NO_SLOPE_EXCESS;-848.0;-20.7;False;;;;;;True;;
24611;physical_baseline_v1;2026-09-10T23:31:55Z;EXCESS_CONFIRMED;confirmed excess over code, ranked below the action cut for its era;;;True;pre1975;19.0;37.0;3071.0;1729.0;4357.0;2629.0;phys_deficiency_lo_kwh_yr;177.3;99.8;251.6;2730.0;341.0;0.0;0.0;0.0;0.0;True;4803.0;1732.0;True;T2;False;True;False;Unknown;707.0;SLOPE_EXCESS;590.0;13.3;False;;;;;8.0;True;;
6683113;physical_baseline_v1;2026-09-10T23:31:55Z;EXCESS_CONFIRMED;confirmed excess over code, ranked below the action cut for its era;;;True;pre1975;28.0;37.0;2145.0;1325.0;3406.0;2081.0;phys_deficiency_lo_kwh_yr;88.2;54.5;140.1;1907.0;238.0;0.0;4.0;8.0;12.0;True;4575.0;2430.0;True;T2;False;True;True;no PV;322.0;NO_SLOPE_EXCESS;-326.0;-10.5;False;;;;;;True;;
896968;physical_baseline_v1;2026-09-10T23:31:55Z;EXCESS_CONFIRMED;confirmed excess over code, ranked below the action cut for its era;;;True;1976_1990;57.0;62.0;1038.0;558.0;1715.0;1157.0;phys_deficiency_lo_kwh_yr;52.2;28.1;86.3;1038.0;0.0;0.0;0.0;0.0;0.0;True;3026.0;1988.0;True;T2;False;True;True;PV;344.0;SLOPE_EXCESS;184.0;8.1;False;;;;;44.0;True;;
9981041;physical_baseline_v1;2026-09-10T23:31:55Z;EXCESS_CONFIRMED;confirmed excess over code, ranked below the action cut for its era;;;True;2001_2010;22.0;35.0;575.0;264.0;1050.0;787.0;phys_deficiency_lo_kwh_yr;16.9;7.8;30.9;575.0;0.0;0.0;1.0;2.0;3.0;True;3972.0;3398.0;True;T1;False;True;False;PV;1168.0;SLOPE_EXCESS;906.0;28.0;False;;;;;25.0;True;;
111710;physical_baseline_v1;2026-09-10T23:31:55Z;EXCESS_CONFIRMED;confirmed excess over code, ranked below the action cut for its era;;;True;1991_2000;9.0;20.0;1813.0;1412.0;2745.0;1332.0;phys_deficiency_lo_kwh_yr;42.0;32.7;63.5;1813.0;0.0;0.0;74.0;147.0;221.0;True;6132.0;4319.0;True;T1;False;True;False;Unknown;1134.0;SLOPE_EXCESS;1132.0;22.5;False;;;;;9.0;True;;
1027273;physical_baseline_v1;2026-09-10T23:31:55Z;HIGH_EXCESS;confirmed excess over code, in the worst 25% of its era by lower bound;;;True;2001_2010;3.0;35.0;2480.0;2096.0;2992.0;896.0;phys_deficiency_lo_kwh_yr;65.7;55.5;79.3;558.0;0.0;1923.0;65.0;131.0;196.0;True;6254.0;3773.0;True;T1;False;True;False;Unknown;682.0;SLOPE_EXCESS;1091.0;38.3;False;;;;;18.0;True;;
118117;physical_baseline_v1;2026-09-10T23:31:55Z;INCOMPLETE_AUDIT;never computed - required building data missing, see phys_no_result_reason;insufficient usable meter days;True;;;;;;;;;phys_deficiency_lo_kwh_yr;;;;;;;;;;True;;;True;;;;False;Unknown;;NOT_ASSESSABLE;;;False;;;;;;True;;
6981151;physical_baseline_v1;2026-09-10T23:31:55Z;EXCESS_CONFIRMED;confirmed excess over code, ranked below the action cut for its era;;;True;pre1975;25.0;37.0;2722.0;1515.0;4670.0;3155.0;phys_deficiency_lo_kwh_yr;107.5;59.8;184.5;2722.0;0.0;0.0;109.0;217.0;326.0;True;5253.0;2531.0;True;T2;False;True;False;no PV;1059.0;SLOPE_EXCESS;5660.0;125.4;True;0.981;heating limit too high;0.448;False;1.0;True;True;heating limit too high
876511;physical_baseline_v1;2026-09-10T23:31:55Z;HIGH_EXCESS;confirmed excess over code, in the worst 25% of its era by lower bound;;;True;1991_2000;1.0;20.0;5346.0;4697.0;6155.0;1459.0;phys_deficiency_lo_kwh_yr;86.1;75.6;99.1;1500.0;0.0;3846.0;98.0;195.0;293.0;True;11558.0;6212.0;True;T1;False;True;False;Unknown;412.0;SLOPE_EXCESS;1310.0;27.6;False;;;;;8.0;True;;
7412010;physical_baseline_v1;2026-09-10T23:31:55Z;EXCESS_CONFIRMED;confirmed excess over code, ranked below the action cut for its era;;;True;2001_2010;20.0;35.0;698.0;362.0;1193.0;831.0;phys_deficiency_lo_kwh_yr;14.7;7.6;25.1;698.0;0.0;0.0;21.0;41.0;62.0;True;5449.0;4751.0;True;T1;False;True;False;Unknown;783.0;NO_SLOPE_EXCESS;-88.0;-2.4;False;;;;;;True;;
7101112;physical_baseline_v1;2026-09-10T23:31:55Z;INCOMPLETE_AUDIT;never computed - required building data missing, see phys_no_result_reason;insufficient usable meter days;True;;;;;;;;;phys_deficiency_lo_kwh_yr;;;;;;;;;;True;;;True;;;;False;Unknown;;NOT_ASSESSABLE;;;False;;;;;;True;;
6810910;physical_baseline_v1;2026-09-10T23:31:55Z;EXCESS_CONFIRMED;confirmed excess over code, ranked below the action cut for its era;;;True;1976_1990;45.0;62.0;2143.0;787.0;3811.0;3024.0;phys_deficiency_lo_kwh_yr;70.8;26.0;125.9;1847.0;295.0;0.0;184.0;369.0;553.0;True;5171.0;3028.0;True;T2;False;True;False;no PV;1238.0;SLOPE_EXCESS;1733.0;39.1;False;;;;;14.0;True;;
9889190;physical_baseline_v1;2026-09-10T23:31:55Z;EXCESS_CONFIRMED;confirmed excess over code, ranked below the action cut for its era;;;True;pre1975;23.0;37.0;3870.0;1643.0;7761.0;6118.0;phys_deficiency_lo_kwh_yr;117.9;50.1;236.4;3419.0;451.0;0.0;0.0;0.0;0.0;True;7152.0;3282.0;True;T3;True;True;False;no PV;1158.0;NO_SLOPE_EXCESS;-2887.0;-50.9;True;0.775;heating curve too high;0.476;True;;True;True;heating curve too high
6808461;physical_baseline_v1;2026-09-10T23:31:55Z;INCONCLUSIVE;band straddles zero - the excess cannot be resolved at this precision;band straddles zero;False;False;post2010;;1.0;-84.0;-284.0;86.0;370.0;phys_deficiency_lo_kwh_yr;-2.8;-9.4;2.8;-84.0;0.0;0.0;1.0;1.0;2.0;True;2952.0;3035.0;True;T1;False;True;False;no PV;1177.0;SLOPE_EXCESS;420.0;28.5;True;0.564;heating curve too high;0.638;True;10.0;True;True;heating curve too high
747511;physical_baseline_v1;2026-09-10T23:31:55Z;INCOMPLETE_AUDIT;never computed - required building data missing, see phys_no_result_reason;insufficient usable meter days;True;;;;;;;;;phys_deficiency_lo_kwh_yr;;;;;;;;;;True;;;True;;;;False;Unknown;;NOT_ASSESSABLE;;;False;;;;;;True;;
6773102;physical_baseline_v1;2026-09-10T23:31:55Z;EXCESS_CONFIRMED;confirmed excess over code, ranked below the action cut for its era;;;True;pre1975;31.0;37.0;2647.0;1225.0;4928.0;3702.0;phys_deficiency_lo_kwh_yr;93.5;43.3;174.0;2309.0;338.0;0.0;0.0;0.0;0.0;True;5480.0;2832.0;True;T3;True;True;False;no PV;1438.0;NO_SLOPE_EXCESS;-520.0;-13.0;False;;;;;;True;;
4710670;physical_baseline_v1;2026-09-10T23:31:55Z;HIGH_EXCESS;confirmed excess over code, in the worst 25% of its era by lower bound;;;True;pre1975;4.0;37.0;5230.0;4567.0;7979.0;3412.0;phys_deficiency_lo_kwh_yr;162.8;142.2;248.3;4911.0;319.0;0.0;0.0;0.0;0.0;True;8443.0;3213.0;True;T1;False;True;False;PV;1154.0;NO_SLOPE_EXCESS;-718.0;-9.3;False;;;;;;True;;
716869;physical_baseline_v1;2026-09-10T23:31:55Z;EXCESS_CONFIRMED;confirmed excess over code, ranked below the action cut for its era;;;True;1976_1990;35.0;62.0;1514.0;943.0;2453.0;1510.0;phys_deficiency_lo_kwh_yr;63.3;39.5;102.6;1514.0;0.0;0.0;0.0;0.0;0.0;True;3904.0;2391.0;True;T2;False;True;False;no PV;1166.0;NO_SLOPE_EXCESS;-91.0;-2.9;True;0.55;heating curve too high;0.596;False;;True;True;heating curve too high
115508;physical_baseline_v1;2026-09-10T23:31:55Z;EXCESS_CONFIRMED;confirmed excess over code, ranked below the action cut for its era;;;True;pre1975;26.0;37.0;2620.0;1505.0;5127.0;3621.0;phys_deficiency_lo_kwh_yr;125.6;72.1;245.7;2447.0;174.0;0.0;0.0;0.0;0.0;True;4707.0;2087.0;True;T3;True;True;False;no PV;1217.0;SLOPE_EXCESS;481.0;12.1;False;;;;;10.0;True;;
781099;physical_baseline_v1;2026-09-10T23:31:55Z;EXCESS_CONFIRMED;confirmed excess over code, ranked below the action cut for its era;;;True;1976_1990;28.0;62.0;1520.0;1115.0;2346.0;1230.0;phys_deficiency_lo_kwh_yr;79.5;58.3;122.7;1369.0;151.0;0.0;0.0;0.0;0.0;True;3432.0;1912.0;True;T2;True;True;False;no PV;1454.0;SLOPE_EXCESS;1312.0;48.7;True;0.624;heating curve too high;0.713;True;19.0;True;True;heating curve too high
105768;physical_baseline_v1;2026-09-10T23:31:55Z;EXCESS_CONFIRMED;confirmed excess over code, ranked below the action cut for its era;;;True;pre1975;22.0;37.0;4009.0;1664.0;7870.0;6205.0;phys_deficiency_lo_kwh_yr;163.9;68.1;321.8;3490.0;519.0;0.0;0.0;0.0;0.0;True;6455.0;2446.0;True;T3;True;True;False;PV;1158.0;NO_SLOPE_EXCESS;-2196.0;-36.1;False;;;;;;True;;
8010411;physical_baseline_v1;2026-09-10T23:31:55Z;INCONCLUSIVE;band straddles zero - the excess cannot be resolved at this precision;band straddles zero;False;False;post2010;;1.0;-156.0;-518.0;171.0;690.0;phys_deficiency_lo_kwh_yr;-3.2;-10.6;3.5;-156.0;0.0;0.0;144.0;287.0;431.0;True;4731.0;4887.0;True;T1;False;True;False;no PV;1126.0;SLOPE_EXCESS;2714.0;94.2;True;0.334;;0.305;True;3.0;True;False;
7086681;physical_baseline_v1;2026-09-10T23:31:55Z;EXCESS_CONFIRMED;confirmed excess over code, ranked below the action cut for its era;;;True;2001_2010;26.0;35.0;382.0;180.0;630.0;450.0;phys_deficiency_lo_kwh_yr;20.0;9.4;33.0;382.0;0.0;0.0;11.0;22.0;34.0;True;2289.0;1907.0;True;T1;False;True;False;no PV;1396.0;SLOPE_EXCESS;2032.0;105.9;False;;;;;6.0;True;;
868122;physical_baseline_v1;2026-09-10T23:31:55Z;HIGH_EXCESS;confirmed excess over code, in the worst 25% of its era by lower bound;;;True;1976_1990;4.0;62.0;2958.0;2455.0;4144.0;1689.0;phys_deficiency_lo_kwh_yr;104.0;86.3;145.7;2639.0;319.0;0.0;0.0;0.0;0.0;True;5803.0;2845.0;True;T1;False;True;False;no PV;1537.0;NO_SLOPE_EXCESS;-614.0;-11.3;True;0.411;;0.298;True;;True;False;
881223;physical_baseline_v1;2026-09-10T23:31:55Z;HIGH_EXCESS;confirmed excess over code, in the worst 25% of its era by lower bound;;;True;1976_1990;3.0;62.0;3340.0;2590.0;5155.0;2565.0;phys_deficiency_lo_kwh_yr;119.2;92.4;184.0;1863.0;516.0;961.0;121.0;241.0;362.0;True;6142.0;2802.0;True;T2;False;True;False;no PV;1206.0;SLOPE_EXCESS;5435.0;122.4;True;0.204;;0.297;False;1.0;True;False;
118708;physical_baseline_v1;2026-09-10T23:31:55Z;EXCESS_CONFIRMED;confirmed excess over code, ranked below the action cut for its era;;;True;1991_2000;18.0;20.0;458.0;350.0;730.0;380.0;phys_deficiency_lo_kwh_yr;25.2;19.2;40.1;458.0;0.0;0.0;17.0;35.0;52.0;True;2277.0;1819.0;True;T2;False;False;False;no PV;1395.0;SLOPE_EXCESS;1612.0;104.8;False;;;;;7.0;True;;
1037610;physical_baseline_v1;2026-09-10T23:31:55Z;INCONCLUSIVE;band straddles zero - the excess cannot be resolved at this precision;band straddles zero;False;False;post2010;;1.0;-88.0;-326.0;110.0;436.0;phys_deficiency_lo_kwh_yr;-2.5;-9.3;3.1;-88.0;0.0;0.0;19.0;39.0;58.0;True;3423.0;3511.0;True;T1;False;True;False;no PV;1240.0;SLOPE_EXCESS;12.0;0.7;True;0.568;heating curve too high;0.535;True;14.0;True;True;heating curve too high
6885841;physical_baseline_v1;2026-09-10T23:31:55Z;INCONCLUSIVE;band straddles zero - the excess cannot be resolved at this precision;band straddles zero;False;False;post2010;;1.0;-94.0;-285.0;82.0;367.0;phys_deficiency_lo_kwh_yr;-3.1;-9.4;2.7;-94.0;0.0;0.0;23.0;46.0;69.0;True;2936.0;3030.0;True;T1;False;True;False;no PV;1288.0;SLOPE_EXCESS;615.0;42.2;True;0.68;heating curve too high;0.318;False;7.0;True;True;heating curve too high
2794690;physical_baseline_v1;2026-09-10T23:31:55Z;EXCESS_CONFIRMED;confirmed excess over code, ranked below the action cut for its era;;;True;1976_1990;49.0;62.0;1186.0;678.0;2034.0;1356.0;phys_deficiency_lo_kwh_yr;32.8;18.7;56.3;1186.0;0.0;0.0;0.0;0.0;0.0;True;4802.0;3616.0;True;T2;False;True;False;no PV;1214.0;SLOPE_EXCESS;1063.0;41.1;True;0.084;;0.216;False;26.0;True;False;
111119;physical_baseline_v1;2026-09-10T23:31:55Z;HIGH_EXCESS;confirmed excess over code, in the worst 25% of its era by lower bound;;;True;1976_1990;14.0;62.0;1704.0;1414.0;2535.0;1121.0;phys_deficiency_lo_kwh_yr;74.9;62.2;111.5;1704.0;0.0;0.0;0.0;0.0;0.0;True;3977.0;2274.0;True;T1;False;True;False;no PV;1550.0;NO_SLOPE_EXCESS;-732.0;-22.6;True;0.874;heating limit too high;0.344;True;;True;True;heating limit too high
105807;physical_baseline_v1;2026-09-10T23:31:55Z;EXCESS_CONFIRMED;confirmed excess over code, ranked below the action cut for its era;;;True;1976_1990;39.0;62.0;1590.0;878.0;2885.0;2008.0;phys_deficiency_lo_kwh_yr;70.0;38.6;127.0;1392.0;198.0;0.0;82.0;164.0;247.0;True;3862.0;2272.0;True;T3;True;True;False;no PV;1243.0;SLOPE_EXCESS;3516.0;112.6;False;;;;;3.0;True;;
7374981;physical_baseline_v1;2026-09-10T23:31:55Z;INCONCLUSIVE;band straddles zero - the excess cannot be resolved at this precision;band straddles zero;False;False;post2010;;1.0;-140.0;-466.0;146.0;613.0;phys_deficiency_lo_kwh_yr;-3.2;-10.5;3.3;-140.0;0.0;0.0;106.0;212.0;319.0;True;4291.0;4431.0;True;T1;False;True;False;PV;1159.0;SLOPE_EXCESS;3752.0;153.6;True;0.515;heating curve too high;0.546;True;2.0;True;True;heating curve too high
861116;physical_baseline_v1;2026-09-10T23:31:55Z;EXCESS_CONFIRMED;confirmed excess over code, ranked below the action cut for its era;;;True;1976_1990;44.0;62.0;1328.0;789.0;2182.0;1393.0;phys_deficiency_lo_kwh_yr;55.7;33.1;91.5;1328.0;0.0;0.0;23.0;46.0;69.0;True;3713.0;2385.0;True;T2;False;True;False;no PV;1365.0;SLOPE_EXCESS;623.0;21.0;True;0.608;heating curve too high;0.811;False;34.0;True;True;heating curve too high
108511;physical_baseline_v1;2026-09-10T23:31:55Z;EXCESS_CONFIRMED;confirmed excess over code, ranked below the action cut for its era;;;True;2001_2010;24.0;35.0;468.0;243.0;834.0;591.0;phys_deficiency_lo_kwh_yr;12.4;6.5;22.2;468.0;0.0;0.0;0.0;0.0;0.0;True;4224.0;3756.0;True;T1;False;True;False;no PV;804.0;SLOPE_EXCESS;2149.0;90.5;True;0.837;heating curve too high;0.76;True;5.0;True;True;heating curve too high
119701;physical_baseline_v1;2026-09-10T23:31:55Z;INCOMPLETE_AUDIT;never computed - required building data missing, see phys_no_result_reason;insufficient usable meter days;True;;;;;;;;;phys_deficiency_lo_kwh_yr;;;;;;;;;;True;;;True;;;;False;Unknown;;NOT_ASSESSABLE;;;False;;;;;;True;;
86109;physical_baseline_v1;2026-09-10T23:31:55Z;EXCESS_CONFIRMED;confirmed excess over code, ranked below the action cut for its era;;;True;1976_1990;47.0;62.0;1425.0;776.0;2335.0;1559.0;phys_deficiency_lo_kwh_yr;59.7;32.5;97.9;1425.0;0.0;0.0;0.0;0.0;0.0;True;3811.0;2386.0;True;T2;False;True;False;no PV;1434.0;NO_SLOPE_EXCESS;-148.0;-4.8;False;;;;;;True;;
1037311;physical_baseline_v1;2026-09-10T23:31:55Z;EXCESS_CONFIRMED;confirmed excess over code, ranked below the action cut for its era;;;True;1976_1990;58.0;62.0;947.0;236.0;1829.0;1593.0;phys_deficiency_lo_kwh_yr;37.7;9.4;72.9;947.0;0.0;0.0;0.0;0.0;0.0;True;3457.0;2510.0;True;T2;False;True;False;no PV;1163.0;NO_SLOPE_EXCESS;-969.0;-41.3;True;0.663;heating curve too high;0.797;True;;True;True;heating curve too high
768498;physical_baseline_v1;2026-09-10T23:31:55Z;INCOMPLETE_AUDIT;never computed - required building data missing, see phys_no_result_reason;insufficient usable meter days;True;;;;;;;;;phys_deficiency_lo_kwh_yr;;;;;;;;;;True;;;True;;;;False;Unknown;;NOT_ASSESSABLE;;;False;;;;;;True;;
116121;physical_baseline_v1;2026-09-10T23:31:55Z;HIGH_EXCESS;confirmed excess over code, in the worst 25% of its era by lower bound;;;True;pre1975;1.0;37.0;10242.0;9139.0;14739.0;5600.0;phys_deficiency_lo_kwh_yr;233.2;208.1;335.6;8367.0;913.0;961.0;0.0;0.0;0.0;True;14633.0;4391.0;True;T1;False;True;False;no PV;1241.0;NO_SLOPE_EXCESS;-4161.0;-32.2;True;0.753;heating limit too high;0.345;False;;True;True;heating limit too high
120741;physical_baseline_v1;2026-09-10T23:31:55Z;HIGH_EXCESS;confirmed excess over code, in the worst 25% of its era by lower bound;;;True;1976_1990;16.0;62.0;1634.0;1364.0;2437.0;1073.0;phys_deficiency_lo_kwh_yr;69.8;58.3;104.1;1634.0;0.0;0.0;48.0;95.0;143.0;True;3975.0;2341.0;True;T1;False;True;False;no PV;1208.0;SLOPE_EXCESS;3468.0;107.2;True;0.914;heating limit too high;0.273;True;4.0;True;True;heating limit too high
114721;physical_baseline_v1;2026-09-10T23:31:55Z;EXCESS_CONFIRMED;confirmed excess over code, ranked below the action cut for its era;;;True;1976_1990;36.0;62.0;1565.0;929.0;2525.0;1596.0;phys_deficiency_lo_kwh_yr;73.6;43.7;118.7;1386.0;179.0;0.0;58.0;115.0;173.0;True;3692.0;2127.0;True;T2;False;True;False;no PV;1520.0;SLOPE_EXCESS;3099.0;104.9;True;0.229;;0.276;True;6.0;True;False;
815461;physical_baseline_v1;2026-09-10T23:31:55Z;EXCESS_CONFIRMED;confirmed excess over code, ranked below the action cut for its era;;;True;1976_1990;46.0;62.0;1385.0;785.0;2393.0;1608.0;phys_deficiency_lo_kwh_yr;55.2;31.3;95.4;1385.0;0.0;0.0;;;;True;3893.0;2508.0;True;T2;False;True;False;PV;1142.0;SLOPE_EXCESS;799.0;25.3;False;;;;;30.0;True;;
1678757;physical_baseline_v1;2026-09-10T23:31:55Z;EXCESS_CONFIRMED;confirmed excess over code, ranked below the action cut for its era;;;True;1976_1990;40.0;62.0;1436.0;862.0;2390.0;1528.0;phys_deficiency_lo_kwh_yr;56.9;34.1;94.7;1436.0;0.0;0.0;0.0;0.0;0.0;True;3960.0;2524.0;True;T2;False;True;False;no PV;1437.0;NO_SLOPE_EXCESS;-1013.0;-31.4;False;;;;;;True;;
971071;physical_baseline_v1;2026-09-10T23:31:55Z;EXCESS_CONFIRMED;confirmed excess over code, ranked below the action cut for its era;;;True;1976_1990;32.0;62.0;1686.0;1003.0;3031.0;2029.0;phys_deficiency_lo_kwh_yr;57.8;34.4;103.9;1686.0;0.0;0.0;0.0;0.0;0.0;True;4604.0;2918.0;True;T2;False;True;False;no PV;1566.0;SLOPE_EXCESS;588.0;15.2;True;0.646;heating curve too high;0.231;True;36.0;True;True;heating curve too high
121728;physical_baseline_v1;2026-09-10T23:31:55Z;INCONCLUSIVE;band straddles zero - the excess cannot be resolved at this precision;band straddles zero;False;False;post2010;;1.0;-136.0;-489.0;191.0;680.0;phys_deficiency_lo_kwh_yr;-2.4;-8.8;3.4;-136.0;0.0;0.0;0.0;0.0;0.0;True;5431.0;5567.0;True;T1;False;True;False;no PV;1561.0;NO_SLOPE_EXCESS;-917.0;-32.2;True;0.849;heating curve too high;0.814;True;;True;True;heating curve too high
114798;physical_baseline_v1;2026-09-10T23:31:55Z;EXCESS_CONFIRMED;confirmed excess over code, ranked below the action cut for its era;;;True;pre1975;15.0;37.0;4199.0;2306.0;8377.0;6071.0;phys_deficiency_lo_kwh_yr;134.9;74.1;269.1;3698.0;501.0;0.0;0.0;0.0;0.0;True;7312.0;3113.0;True;T3;True;True;False;no PV;1075.0;NO_SLOPE_EXCESS;-2651.0;-42.7;True;0.567;heating limit too high;0.631;True;;True;True;heating limit too high
1081057;physical_baseline_v1;2026-09-10T23:31:55Z;INCONCLUSIVE;band straddles zero - the excess cannot be resolved at this precision;band straddles zero;False;False;post2010;;1.0;-94.0;-336.0;94.0;429.0;phys_deficiency_lo_kwh_yr;-3.0;-10.7;3.0;-94.0;0.0;0.0;21.0;43.0;64.0;True;3032.0;3126.0;True;T1;False;True;False;no PV;1199.0;NO_SLOPE_EXCESS;-91.0;-5.9;True;0.707;heating curve too high;0.585;True;;True;True;heating curve too high
9776611;physical_baseline_v1;2026-09-10T23:31:55Z;INCONCLUSIVE;band straddles zero - the excess cannot be resolved at this precision;band straddles zero;False;False;post2010;;1.0;-94.0;-324.0;120.0;444.0;phys_deficiency_lo_kwh_yr;-3.3;-11.5;4.3;-94.0;0.0;0.0;31.0;61.0;92.0;True;2726.0;2820.0;True;T1;False;True;False;no PV;1246.0;SLOPE_EXCESS;722.0;44.6;True;0.466;;0.377;False;6.0;True;False;
996610;physical_baseline_v1;2026-09-10T23:31:55Z;INCOMPLETE_AUDIT;never computed - required building data missing, see phys_no_result_reason;insufficient usable meter days;True;;;;;;;;;phys_deficiency_lo_kwh_yr;;;;;;;;;;True;;;True;;;;False;Unknown;;NOT_ASSESSABLE;;;False;;;;;;True;;
7411010;physical_baseline_v1;2026-09-10T23:31:55Z;INCONCLUSIVE;band straddles zero - the excess cannot be resolved at this precision;band straddles zero;False;False;post2010;;1.0;-131.0;-457.0;133.0;590.0;phys_deficiency_lo_kwh_yr;-3.4;-11.8;3.4;-131.0;0.0;0.0;112.0;224.0;337.0;True;3729.0;3861.0;True;T1;False;True;False;no PV;1553.0;SLOPE_EXCESS;1187.0;52.7;False;;;;;5.0;True;;
512280;physical_baseline_v1;2026-09-10T23:31:55Z;INCONCLUSIVE;band straddles zero - the excess cannot be resolved at this precision;band straddles zero;False;False;post2010;;1.0;-123.0;-460.0;138.0;598.0;phys_deficiency_lo_kwh_yr;-3.3;-12.3;3.7;-123.0;0.0;0.0;28.0;56.0;84.0;True;3607.0;3729.0;True;T1;False;True;False;no PV;1427.0;SLOPE_EXCESS;149.0;7.0;True;0.042;;0.132;True;12.0;True;False;
7710511;physical_baseline_v1;2026-09-10T23:31:55Z;HIGH_EXCESS;confirmed excess over code, in the worst 25% of its era by lower bound;;;True;pre1975;9.0;37.0;4209.0;2661.0;7124.0;4463.0;phys_deficiency_lo_kwh_yr;141.4;89.4;239.3;3742.0;467.0;0.0;72.0;144.0;217.0;True;7186.0;2977.0;True;T2;False;True;False;no PV;1237.0;SLOPE_EXCESS;3262.0;53.7;True;0.332;;0.171;False;2.0;True;False;
823761;physical_baseline_v1;2026-09-10T23:31:55Z;EXCESS_CONFIRMED;confirmed excess over code, ranked below the action cut for its era;;;True;1991_2000;19.0;20.0;886.0;342.0;1629.0;1287.0;phys_deficiency_lo_kwh_yr;29.8;11.5;54.7;886.0;0.0;0.0;0.0;0.0;0.0;True;3865.0;2979.0;True;T2;False;True;False;no PV;1546.0;NO_SLOPE_EXCESS;-180.0;-5.8;True;0.726;heating limit too high;0.392;True;;True;True;heating limit too high
1101758;physical_baseline_v1;2026-09-10T23:31:55Z;EXCESS_CONFIRMED;confirmed excess over code, ranked below the action cut for its era;;;True;1976_1990;59.0;62.0;829.0;230.0;1730.0;1500.0;phys_deficiency_lo_kwh_yr;40.1;11.2;83.8;829.0;0.0;0.0;0.0;0.0;0.0;True;2893.0;2064.0;True;T2;False;True;False;no PV;1518.0;SLOPE_EXCESS;96.0;4.5;True;0.885;heating curve too high;0.709;True;45.0;True;True;heating curve too high
1061168;physical_baseline_v1;2026-09-10T23:31:55Z;INCONCLUSIVE;band straddles zero - the excess cannot be resolved at this precision;band straddles zero;False;False;post2010;;1.0;-63.0;-207.0;81.0;288.0;phys_deficiency_lo_kwh_yr;-3.4;-11.2;4.4;-63.0;0.0;0.0;6.0;13.0;19.0;True;1793.0;1856.0;True;T1;False;True;False;no PV;962.0;NO_SLOPE_EXCESS;-684.0;-64.9;False;;;;;;True;;
808112;physical_baseline_v1;2026-09-10T23:31:55Z;HIGH_EXCESS;confirmed excess over code, in the worst 25% of its era by lower bound;;;True;1976_1990;10.0;62.0;2221.0;1956.0;2741.0;785.0;phys_deficiency_lo_kwh_yr;114.2;100.6;141.0;1260.0;0.0;961.0;43.0;86.0;128.0;True;4166.0;1945.0;True;T1;False;True;False;no PV;1451.0;SLOPE_EXCESS;298.0;12.1;True;0.494;;0.512;True;40.0;True;False;
1019970;physical_baseline_v1;2026-09-10T23:31:55Z;INCONCLUSIVE;band straddles zero - the excess cannot be resolved at this precision;band straddles zero;False;False;post2010;;1.0;-69.0;-253.0;64.0;317.0;phys_deficiency_lo_kwh_yr;-2.5;-9.3;2.4;-69.0;0.0;0.0;10.0;20.0;30.0;True;2652.0;2721.0;True;T1;False;True;False;no PV;1361.0;NO_SLOPE_EXCESS;-3.0;-0.3;True;0.772;heating curve too high;0.846;True;;True;True;heating curve too high
1148611;physical_baseline_v1;2026-09-10T23:31:55Z;HIGH_EXCESS;confirmed excess over code, in the worst 25% of its era by lower bound;;;True;1991_2000;4.0;20.0;2297.0;2047.0;2718.0;671.0;phys_deficiency_lo_kwh_yr;84.9;75.7;100.5;855.0;0.0;1442.0;6.0;12.0;17.0;True;5002.0;2705.0;True;T1;False;True;False;PV;1358.0;SLOPE_EXCESS;2624.0;107.1;True;0.685;heating curve too high;0.976;True;4.0;True;True;heating curve too high
7048688;physical_baseline_v1;2026-09-10T23:31:55Z;EXCESS_CONFIRMED;confirmed excess over code, ranked below the action cut for its era;;;True;1976_1990;60.0;62.0;834.0;189.0;1582.0;1393.0;phys_deficiency_lo_kwh_yr;31.5;7.1;59.7;834.0;0.0;0.0;23.0;46.0;69.0;True;3486.0;2652.0;True;T2;False;True;False;PV;981.0;SLOPE_EXCESS;479.0;23.9;False;;;;;39.0;True;;
109104;physical_baseline_v1;2026-09-10T23:31:55Z;EXCESS_CONFIRMED;confirmed excess over code, ranked below the action cut for its era;;;True;pre1975;11.0;37.0;4553.0;2614.0;7358.0;4744.0;phys_deficiency_lo_kwh_yr;176.8;101.5;285.7;3133.0;459.0;961.0;0.0;0.0;0.0;True;7129.0;2576.0;True;T2;False;True;False;no PV;1173.0;NO_SLOPE_EXCESS;-1153.0;-21.2;False;;;;;;True;;
468646;physical_baseline_v1;2026-09-10T23:31:55Z;EXCESS_CONFIRMED;confirmed excess over code, ranked below the action cut for its era;;;True;1976_1990;33.0;62.0;1323.0;992.0;1759.0;767.0;phys_deficiency_lo_kwh_yr;65.5;49.1;87.1;1323.0;0.0;0.0;0.0;0.0;0.0;True;3342.0;2019.0;True;T1;False;True;False;no PV;666.0;SLOPE_EXCESS;1207.0;46.4;True;0.638;heating limit too high;0.513;True;23.0;True;True;heating limit too high
1114639;physical_baseline_v1;2026-09-10T23:31:55Z;EXCESS_CONFIRMED;confirmed excess over code, ranked below the action cut for its era;;;True;1976_1990;34.0;62.0;1346.0;966.0;1676.0;710.0;phys_deficiency_lo_kwh_yr;42.0;30.2;52.3;1346.0;0.0;0.0;0.0;0.0;0.0;True;4549.0;3203.0;True;T1;False;True;False;no PV;646.0;SLOPE_EXCESS;1275.0;47.2;False;;;;;20.0;True;;
671781;physical_baseline_v1;2026-09-10T23:31:55Z;HIGH_EXCESS;confirmed excess over code, in the worst 25% of its era by lower bound;;;True;pre1975;8.0;37.0;4112.0;2682.0;5997.0;3316.0;phys_deficiency_lo_kwh_yr;134.4;87.7;196.1;2189.0;0.0;1923.0;0.0;0.0;0.0;True;7170.0;3058.0;True;T2;False;True;False;no PV;464.0;NO_SLOPE_EXCESS;-1774.0;-47.1;False;;;;;;True;;
768113;physical_baseline_v1;2026-09-10T23:31:55Z;EXCESS_CONFIRMED;confirmed excess over code, ranked below the action cut for its era;;;True;1976_1990;21.0;62.0;1924.0;1260.0;2900.0;1640.0;phys_deficiency_lo_kwh_yr;86.7;56.7;130.6;1554.0;370.0;0.0;0.0;0.0;0.0;True;4145.0;2220.0;True;T2;False;True;False;PV;908.0;SLOPE_EXCESS;206.0;6.1;False;;;;;43.0;True;;
122850;physical_baseline_v1;2026-09-10T23:31:55Z;EXCESS_CONFIRMED;confirmed excess over code, ranked below the action cut for its era;;;True;2001_2010;18.0;35.0;861.0;668.0;1194.0;526.0;phys_deficiency_lo_kwh_yr;44.7;34.7;62.0;380.0;0.0;481.0;13.0;26.0;38.0;True;2787.0;1926.0;True;T1;False;True;False;no PV;913.0;SLOPE_EXCESS;1176.0;60.7;True;0.518;heating limit too high;0.838;True;17.0;True;True;heating limit too high
461104;physical_baseline_v1;2026-09-10T23:31:55Z;EXCESS_CONFIRMED;confirmed excess over code, ranked below the action cut for its era;;;True;1991_2000;11.0;20.0;1038.0;761.0;1449.0;688.0;phys_deficiency_lo_kwh_yr;33.4;24.5;46.6;1038.0;0.0;0.0;0.0;0.0;0.0;True;4146.0;3108.0;True;T1;False;True;False;no PV;767.0;SLOPE_EXCESS;69.0;2.3;False;;;;;16.0;True;;
112810;physical_baseline_v1;2026-09-10T23:31:55Z;EXCESS_CONFIRMED;confirmed excess over code, ranked below the action cut for its era;;;True;1991_2000;13.0;20.0;870.0;708.0;1309.0;601.0;phys_deficiency_lo_kwh_yr;28.4;23.1;42.7;870.0;0.0;0.0;0.0;0.0;0.0;True;3935.0;3065.0;True;T1;False;True;False;PV;851.0;SLOPE_EXCESS;667.0;27.2;True;0.346;;0.233;True;14.0;True;False;
610891;physical_baseline_v1;2026-09-10T23:31:55Z;HIGH_EXCESS;confirmed excess over code, in the worst 25% of its era by lower bound;;;True;2001_2010;4.0;35.0;2412.0;2072.0;2953.0;881.0;phys_deficiency_lo_kwh_yr;69.7;59.9;85.4;489.0;0.0;1923.0;38.0;75.0;113.0;True;5871.0;3459.0;True;T1;False;True;False;no PV;824.0;SLOPE_EXCESS;892.0;36.1;True;0.728;heating curve too high;0.206;True;27.0;True;True;heating curve too high
858577;physical_baseline_v1;2026-09-10T23:31:55Z;EXCESS_CONFIRMED;confirmed excess over code, ranked below the action cut for its era;;;True;1976_1990;24.0;62.0;1772.0;1216.0;2562.0;1347.0;phys_deficiency_lo_kwh_yr;90.9;62.4;131.4;1291.0;0.0;481.0;27.0;54.0;81.0;True;3722.0;1950.0;True;T2;False;True;False;no PV;1127.0;SLOPE_EXCESS;1108.0;38.6;True;0.14;;0.532;True;25.0;True;False;
8399121;physical_baseline_v1;2026-09-10T23:31:55Z;HIGH_EXCESS;confirmed excess over code, in the worst 25% of its era by lower bound;;;True;2001_2010;6.0;35.0;2336.0;2033.0;2707.0;674.0;phys_deficiency_lo_kwh_yr;74.7;65.1;86.6;413.0;0.0;1923.0;27.0;54.0;80.0;True;5461.0;3125.0;True;T1;False;True;False;no PV;478.0;SLOPE_EXCESS;667.0;32.4;True;0.414;;0.711;True;29.0;True;False;
108987;physical_baseline_v1;2026-09-10T23:31:55Z;HIGH_EXCESS;confirmed excess over code, in the worst 25% of its era by lower bound;;;True;2001_2010;8.0;35.0;2004.0;1645.0;2396.0;751.0;phys_deficiency_lo_kwh_yr;60.9;50.0;72.8;562.0;0.0;1442.0;19.0;38.0;57.0;True;5296.0;3292.0;True;T1;False;True;False;no PV;512.0;SLOPE_EXCESS;1735.0;63.2;True;0.787;heating curve too high;0.422;True;8.0;True;True;heating curve too high
788488;physical_baseline_v1;2026-09-10T23:31:55Z;EXCESS_CONFIRMED;confirmed excess over code, ranked below the action cut for its era;;;True;2001_2010;19.0;35.0;882.0;458.0;1430.0;971.0;phys_deficiency_lo_kwh_yr;19.2;10.0;31.2;882.0;0.0;0.0;0.0;0.0;0.0;True;5465.0;4583.0;True;T1;False;True;False;no PV;599.0;SLOPE_EXCESS;1044.0;24.0;True;0.16;;0.502;False;20.0;True;False;
7099511;physical_baseline_v1;2026-09-10T23:31:55Z;INCOMPLETE_AUDIT;never computed - required building data missing, see phys_no_result_reason;insufficient usable meter days;True;;;;;;;;;phys_deficiency_lo_kwh_yr;;;;;;;;;;True;;;True;;;;False;Unknown;;NOT_ASSESSABLE;;;False;;;;;;True;;
865116;physical_baseline_v1;2026-09-10T23:31:55Z;HIGH_EXCESS;confirmed excess over code, in the worst 25% of its era by lower bound;;;True;1976_1990;7.0;62.0;2697.0;2171.0;3120.0;950.0;phys_deficiency_lo_kwh_yr;108.3;87.2;125.3;1735.0;0.0;961.0;0.0;0.0;0.0;True;5186.0;2490.0;True;T1;False;True;False;PV;726.0;SLOPE_EXCESS;494.0;14.2;True;0.298;;0.417;True;38.0;True;False;
991118;physical_baseline_v1;2026-09-10T23:31:55Z;HIGH_EXCESS;confirmed excess over code, in the worst 25% of its era by lower bound;;;True;1976_1990;5.0;62.0;2581.0;2255.0;3445.0;1190.0;phys_deficiency_lo_kwh_yr;106.1;92.7;141.6;1619.0;0.0;961.0;165.0;330.0;495.0;True;5013.0;2432.0;True;T1;False;True;False;no PV;1569.0;SLOPE_EXCESS;5004.0;151.1;True;0.223;;0.742;False;2.0;True;False;
816910;physical_baseline_v1;2026-09-10T23:31:55Z;HIGH_EXCESS;confirmed excess over code, in the worst 25% of its era by lower bound;;;True;1991_2000;2.0;20.0;2622.0;2300.0;3146.0;846.0;phys_deficiency_lo_kwh_yr;78.9;69.2;94.6;1180.0;0.0;1442.0;77.0;155.0;232.0;True;5947.0;3324.0;True;T1;False;True;False;no PV;476.0;SLOPE_EXCESS;3896.0;114.7;True;0.035;;0.999;True;2.0;True;False;
1001228;physical_baseline_v1;2026-09-10T23:31:55Z;EXCESS_CONFIRMED;confirmed excess over code, ranked below the action cut for its era;;;True;2001_2010;35.0;35.0;211.0;106.0;348.0;242.0;phys_deficiency_lo_kwh_yr;10.8;5.4;17.9;211.0;0.0;0.0;24.0;48.0;72.0;True;2156.0;1945.0;True;T1;False;True;True;no PV;295.0;SLOPE_EXCESS;893.0;85.3;True;0.061;;0.136;True;26.0;True;False;
107461;physical_baseline_v1;2026-09-10T23:31:55Z;EXCESS_CONFIRMED;confirmed excess over code, ranked below the action cut for its era;;;True;1976_1990;61.0;62.0;645.0;149.0;1123.0;974.0;phys_deficiency_lo_kwh_yr;39.4;9.1;68.5;645.0;0.0;0.0;64.0;127.0;191.0;True;2285.0;1640.0;True;T2;False;True;False;no PV;577.0;SLOPE_EXCESS;1242.0;80.4;True;0.364;;0.45;True;21.0;True;False;
106100;physical_baseline_v1;2026-09-10T23:31:55Z;EXCESS_CONFIRMED;confirmed excess over code, ranked below the action cut for its era;;;True;1976_1990;56.0;62.0;1107.0;605.0;1800.0;1194.0;phys_deficiency_lo_kwh_yr;56.9;31.1;92.5;1107.0;0.0;0.0;0.0;0.0;0.0;True;3052.0;1945.0;True;T2;False;True;False;no PV;742.0;NO_SLOPE_EXCESS;-352.0;-15.2;True;0.655;heating curve too high;0.266;True;;True;True;heating curve too high
5845834;physical_baseline_v1;2026-09-10T23:31:55Z;EXCESS_CONFIRMED;confirmed excess over code, ranked below the action cut for its era;;;True;2001_2010;30.0;35.0;322.0;145.0;509.0;364.0;phys_deficiency_lo_kwh_yr;11.7;5.3;18.4;322.0;0.0;0.0;7.0;13.0;20.0;True;3086.0;2764.0;True;T1;False;True;False;no PV;557.0;SLOPE_EXCESS;445.0;27.7;True;0.653;heating curve too high;0.784;True;32.0;True;True;heating curve too high
1111201;physical_baseline_v1;2026-09-10T23:31:55Z;HIGH_EXCESS;confirmed excess over code, in the worst 25% of its era by lower bound;;;True;pre1975;3.0;37.0;6290.0;5705.0;8528.0;2823.0;phys_deficiency_lo_kwh_yr;179.8;163.1;243.8;4107.0;260.0;1923.0;0.0;0.0;0.0;True;9788.0;3498.0;True;T1;False;True;False;PV;866.0;SLOPE_EXCESS;2767.0;43.3;False;;;;;4.0;True;;
8612210;physical_baseline_v1;2026-09-10T23:31:55Z;EXCESS_CONFIRMED;confirmed excess over code, ranked below the action cut for its era;;;True;1976_1990;42.0;62.0;1671.0;854.0;2580.0;1726.0;phys_deficiency_lo_kwh_yr;37.8;19.3;58.4;1671.0;0.0;0.0;76.0;152.0;228.0;True;6092.0;4421.0;True;T2;False;True;False;PV;582.0;SLOPE_EXCESS;1619.0;41.8;True;0.119;;0.981;True;15.0;True;False;
998988;physical_baseline_v1;2026-09-10T23:31:55Z;INCOMPLETE_AUDIT;never computed - required building data missing, see phys_no_result_reason;insufficient usable meter days;True;;;;;;;;;phys_deficiency_lo_kwh_yr;;;;;;;;;;True;;;True;;;;False;Unknown;;NOT_ASSESSABLE;;;False;;;;;;True;;
7211010;physical_baseline_v1;2026-09-10T23:31:55Z;EXCESS_CONFIRMED;confirmed excess over code, ranked below the action cut for its era;;;True;pre1975;21.0;37.0;3168.0;1681.0;5252.0;3572.0;phys_deficiency_lo_kwh_yr;109.0;57.8;180.7;2811.0;357.0;0.0;0.0;0.0;0.0;True;6075.0;2906.0;True;T3;True;True;False;PV;579.0;NO_SLOPE_EXCESS;-1393.0;-30.3;True;0.661;heating curve too high;0.613;True;;True;True;heating curve too high
1211151;physical_baseline_v1;2026-09-10T23:31:55Z;EXCESS_CONFIRMED;confirmed excess over code, ranked below the action cut for its era;;;True;pre1975;16.0;37.0;3696.0;2035.0;7262.0;5226.0;phys_deficiency_lo_kwh_yr;108.8;59.9;213.7;3449.0;248.0;0.0;0.0;0.0;0.0;True;7094.0;3398.0;True;T3;True;True;False;PV;910.0;NO_SLOPE_EXCESS;-1626.0;-29.0;True;0.392;;0.643;True;;True;False;
7771161;physical_baseline_v1;2026-09-10T23:31:55Z;HIGH_EXCESS;confirmed excess over code, in the worst 25% of its era by lower bound;;;True;pre1975;7.0;37.0;4472.0;2804.0;6981.0;4178.0;phys_deficiency_lo_kwh_yr;142.2;89.1;221.9;3963.0;509.0;0.0;100.0;201.0;301.0;True;7617.0;3145.0;True;T2;False;True;False;no PV;887.0;SLOPE_EXCESS;1862.0;28.6;True;0.999;heating limit too high;0.019;True;5.0;True;True;heating limit too high
5769106;physical_baseline_v1;2026-09-10T23:31:55Z;INCONCLUSIVE;band straddles zero - the excess cannot be resolved at this precision;band straddles zero;False;False;post2010;;1.0;-84.0;-254.0;102.0;356.0;phys_deficiency_lo_kwh_yr;-2.8;-8.4;3.3;-84.0;0.0;0.0;26.0;53.0;79.0;True;2948.0;3032.0;True;T1;False;True;False;no PV;582.0;SLOPE_EXCESS;606.0;41.3;True;0.755;heating curve too high;0.845;True;8.0;True;True;heating curve too high
901187;physical_baseline_v1;2026-09-10T23:31:55Z;HIGH_EXCESS;confirmed excess over code, in the worst 25% of its era by lower bound;;;True;pre1975;5.0;37.0;4376.0;3888.0;6602.0;2714.0;phys_deficiency_lo_kwh_yr;193.5;171.9;291.9;3996.0;380.0;0.0;0.0;0.0;0.0;True;6638.0;2261.0;True;T1;False;True;False;no PV;1448.0;NO_SLOPE_EXCESS;-863.0;-14.6;False;;;;;;True;;
7411491;physical_baseline_v1;2026-09-10T23:31:55Z;EXCESS_CONFIRMED;confirmed excess over code, ranked below the action cut for its era;;;True;1991_2000;14.0;20.0;925.0;708.0;1298.0;590.0;phys_deficiency_lo_kwh_yr;29.5;22.6;41.4;925.0;0.0;0.0;;;;True;4058.0;3133.0;True;T1;False;True;False;no PV;1132.0;SLOPE_EXCESS;57.0;2.2;True;0.313;;0.282;True;17.0;True;False;
1071058;physical_baseline_v1;2026-09-10T23:31:55Z;INCONCLUSIVE;band straddles zero - the excess cannot be resolved at this precision;band straddles zero;False;False;post2010;;1.0;-103.0;-382.0;98.0;481.0;phys_deficiency_lo_kwh_yr;-3.0;-11.2;2.9;-103.0;0.0;0.0;90.0;181.0;271.0;True;3303.0;3407.0;True;T1;False;True;False;no PV;1059.0;SLOPE_EXCESS;1196.0;65.5;True;0.539;heating limit too high;0.173;True;4.0;True;True;heating limit too high
1091217;physical_baseline_v1;2026-09-10T23:31:55Z;EXCESS_CONFIRMED;confirmed excess over code, ranked below the action cut for its era;;;True;2001_2010;31.0;35.0;266.0;138.0;463.0;324.0;phys_deficiency_lo_kwh_yr;8.2;4.3;14.3;266.0;0.0;0.0;0.0;0.0;0.0;True;3503.0;3237.0;True;T1;False;True;False;no PV;1038.0;SLOPE_EXCESS;1032.0;80.3;True;0.243;;0.203;False;22.0;True;False;
7069411;physical_baseline_v1;2026-09-10T23:31:55Z;EXCESS_CONFIRMED;confirmed excess over code, ranked below the action cut for its era;;;True;1991_2000;15.0;20.0;889.0;693.0;1356.0;663.0;phys_deficiency_lo_kwh_yr;28.9;22.5;44.0;889.0;0.0;0.0;37.0;75.0;112.0;True;3968.0;3079.0;True;T1;False;True;False;no PV;997.0;SLOPE_EXCESS;1875.0;75.3;True;0.163;;0.916;True;6.0;True;False;
679810;physical_baseline_v1;2026-09-10T23:31:55Z;EXCESS_CONFIRMED;confirmed excess over code, ranked below the action cut for its era;;;True;1976_1990;25.0;62.0;1440.0;1200.0;1998.0;798.0;phys_deficiency_lo_kwh_yr;54.8;45.7;76.1;1440.0;0.0;0.0;0.0;0.0;0.0;True;4065.0;2626.0;True;T2;False;False;False;no PV;1147.0;SLOPE_EXCESS;1129.0;34.0;True;0.516;heating curve too high;0.727;True;24.0;True;True;heating curve too high
721074;physical_baseline_v1;2026-09-10T23:31:55Z;INCONCLUSIVE;band straddles zero - the excess cannot be resolved at this precision;band straddles zero;False;False;post2010;;1.0;-67.0;-203.0;71.0;274.0;phys_deficiency_lo_kwh_yr;-4.4;-13.2;4.6;-67.0;0.0;0.0;29.0;57.0;86.0;True;1476.0;1543.0;True;T1;False;True;False;no PV;1101.0;SLOPE_EXCESS;29.0;2.6;False;;;;;13.0;True;;
778721;physical_baseline_v1;2026-09-10T23:31:55Z;INCOMPLETE_AUDIT;never computed - required building data missing, see phys_no_result_reason;insufficient usable meter days;True;;;;;;;;;phys_deficiency_lo_kwh_yr;;;;;;;;;;True;;;True;;;;False;Unknown;;NOT_ASSESSABLE;;;False;;;;;;True;;
728210;physical_baseline_v1;2026-09-10T23:31:55Z;INCOMPLETE_AUDIT;never computed - required building data missing, see phys_no_result_reason;insufficient usable meter days;True;;;;;;;;;phys_deficiency_lo_kwh_yr;;;;;;;;;;True;;;True;;;;False;Unknown;;NOT_ASSESSABLE;;;False;;;;;;True;;
712718;physical_baseline_v1;2026-09-10T23:31:55Z;EXCESS_CONFIRMED;confirmed excess over code, ranked below the action cut for its era;;;True;1976_1990;19.0;62.0;1620.0;1300.0;2275.0;975.0;phys_deficiency_lo_kwh_yr;71.2;57.2;100.0;1620.0;0.0;0.0;9.0;19.0;28.0;True;3894.0;2275.0;True;T1;False;True;False;no PV;1122.0;NO_SLOPE_EXCESS;-90.0;-2.9;True;0.94;heating limit too high;0.474;True;;True;True;heating limit too high
7211189;physical_baseline_v1;2026-09-10T23:31:55Z;EXCESS_CONFIRMED;confirmed excess over code, ranked below the action cut for its era;;;True;pre1975;35.0;37.0;2355.0;922.0;4381.0;3459.0;phys_deficiency_lo_kwh_yr;65.8;25.8;122.5;2355.0;0.0;0.0;0.0;0.0;0.0;True;5933.0;3577.0;True;T2;False;True;False;no PV;1132.0;NO_SLOPE_EXCESS;-534.0;-13.1;False;;;;;;True;;
811080;physical_baseline_v1;2026-09-10T23:31:55Z;EXCESS_CONFIRMED;confirmed excess over code, ranked below the action cut for its era;;;True;1976_1990;26.0;62.0;1466.0;1193.0;2055.0;862.0;phys_deficiency_lo_kwh_yr;66.4;54.1;93.1;1466.0;0.0;0.0;0.0;0.0;0.0;True;3673.0;2207.0;True;T1;False;True;False;no PV;1039.0;SLOPE_EXCESS;2641.0;90.0;True;0.186;;0.34;True;9.0;True;False;
5831058;physical_baseline_v1;2026-09-10T23:31:55Z;EXCESS_CONFIRMED;confirmed excess over code, ranked below the action cut for its era;;;True;pre1975;17.0;37.0;3227.0;2017.0;5798.0;3781.0;phys_deficiency_lo_kwh_yr;110.8;69.2;199.0;2869.0;358.0;0.0;0.0;0.0;0.0;True;6140.0;2913.0;True;T2;False;True;False;no PV;1118.0;SLOPE_EXCESS;212.0;4.5;False;;;;;13.0;True;;
760117;physical_baseline_v1;2026-09-10T23:31:55Z;EXCESS_CONFIRMED;confirmed excess over code, ranked below the action cut for its era;;;True;1976_1990;54.0;62.0;1109.0;649.0;1888.0;1239.0;phys_deficiency_lo_kwh_yr;53.7;31.4;91.4;1109.0;0.0;0.0;46.0;92.0;138.0;True;3175.0;2067.0;True;T2;False;True;False;no PV;1103.0;SLOPE_EXCESS;1007.0;41.4;False;;;;;27.0;True;;
468980;physical_baseline_v1;2026-09-10T23:31:55Z;EXCESS_CONFIRMED;confirmed excess over code, ranked below the action cut for its era;;;True;pre1975;13.0;37.0;3858.0;2481.0;6623.0;4141.0;phys_deficiency_lo_kwh_yr;162.1;104.2;278.2;3448.0;410.0;0.0;0.0;0.0;0.0;True;6238.0;2380.0;True;T2;False;True;False;no PV;1219.0;NO_SLOPE_EXCESS;-1807.0;-32.9;True;0.606;heating curve too high;0.246;True;;True;True;heating curve too high
103721;physical_baseline_v1;2026-09-10T23:31:55Z;EXCESS_CONFIRMED;confirmed excess over code, ranked below the action cut for its era;;;True;2001_2010;33.0;35.0;264.0;125.0;450.0;326.0;phys_deficiency_lo_kwh_yr;14.8;7.0;25.3;264.0;0.0;0.0;0.0;0.0;0.0;True;2047.0;1783.0;True;T1;False;True;False;no PV;1041.0;SLOPE_EXCESS;1011.0;77.3;True;0.304;;0.549;True;23.0;True;False;
821088;physical_baseline_v1;2026-09-10T23:31:55Z;EXCESS_CONFIRMED;confirmed excess over code, ranked below the action cut for its era;;;True;1991_2000;20.0;20.0;521.0;175.0;935.0;760.0;phys_deficiency_lo_kwh_yr;24.7;8.3;44.3;521.0;0.0;0.0;8.0;15.0;23.0;True;2633.0;2113.0;True;T2;False;True;False;no PV;1036.0;SLOPE_EXCESS;874.0;46.2;True;0.859;heating limit too high;0.507;False;12.0;True;True;heating limit too high
121887;physical_baseline_v1;2026-09-10T23:31:55Z;INCOMPLETE_AUDIT;never computed - required building data missing, see phys_no_result_reason;insufficient usable meter days;True;;;;;;;;;phys_deficiency_lo_kwh_yr;;;;;;;;;;True;;;True;;;;False;Unknown;;NOT_ASSESSABLE;;;False;;;;;;True;;
796869;physical_baseline_v1;2026-09-10T23:31:55Z;EXCESS_CONFIRMED;confirmed excess over code, ranked below the action cut for its era;;;True;2001_2010;28.0;35.0;350.0;170.0;592.0;422.0;phys_deficiency_lo_kwh_yr;17.2;8.4;29.2;350.0;0.0;0.0;0.0;0.0;0.0;True;2377.0;2028.0;True;T1;False;True;False;no PV;1045.0;SLOPE_EXCESS;551.0;33.6;True;0.449;;0.773;True;30.0;True;False;
727690;physical_baseline_v1;2026-09-10T23:31:55Z;EXCESS_CONFIRMED;confirmed excess over code, ranked below the action cut for its era;;;True;1976_1990;50.0;62.0;1162.0;666.0;1870.0;1203.0;phys_deficiency_lo_kwh_yr;71.2;40.8;114.6;939.0;223.0;0.0;19.0;39.0;58.0;True;2793.0;1631.0;True;T3;True;True;False;no PV;503.0;SLOPE_EXCESS;717.0;34.9;True;0.528;heating curve too high;0.459;True;33.0;True;True;heating curve too high
669010;physical_baseline_v1;2026-09-10T23:31:55Z;EXCESS_CONFIRMED;confirmed excess over code, ranked below the action cut for its era;;;True;1976_1990;22.0;62.0;1791.0;1258.0;2839.0;1581.0;phys_deficiency_lo_kwh_yr;97.7;68.6;154.9;1311.0;0.0;481.0;73.0;145.0;218.0;True;3624.0;1833.0;True;T2;False;True;False;no PV;758.0;SLOPE_EXCESS;830.0;29.9;True;0.944;heating limit too high;0.313;True;29.0;True;True;heating limit too high
9889114;physical_baseline_v1;2026-09-10T23:31:55Z;EXCESS_CONFIRMED;confirmed excess over code, ranked below the action cut for its era;;;True;pre1975;30.0;37.0;2940.0;1256.0;5295.0;4039.0;phys_deficiency_lo_kwh_yr;101.0;43.1;181.8;2582.0;358.0;0.0;63.0;126.0;189.0;True;5852.0;2912.0;True;T2;False;True;False;no PV;874.0;SLOPE_EXCESS;554.0;12.7;False;;;;;9.0;True;;
7984107;physical_baseline_v1;2026-09-10T23:31:55Z;EXCESS_CONFIRMED;confirmed excess over code, ranked below the action cut for its era;;;True;pre1975;12.0;37.0;3303.0;2550.0;4509.0;1959.0;phys_deficiency_lo_kwh_yr;155.5;120.1;212.3;3125.0;179.0;0.0;0.0;0.0;0.0;True;5427.0;2124.0;True;T1;False;True;False;no PV;712.0;NO_SLOPE_EXCESS;-648.0;-13.8;True;0.218;;0.979;True;;True;False;
721077;physical_baseline_v1;2026-09-10T23:31:55Z;EXCESS_CONFIRMED;confirmed excess over code, ranked below the action cut for its era;;;True;1976_1990;43.0;62.0;1442.0;854.0;2811.0;1957.0;phys_deficiency_lo_kwh_yr;54.8;32.4;106.8;1246.0;196.0;0.0;40.0;80.0;120.0;True;4074.0;2631.0;True;T3;True;True;False;no PV;1140.0;SLOPE_EXCESS;1227.0;41.4;True;0.618;heating curve too high;0.417;True;22.0;True;True;heating curve too high
658466;physical_baseline_v1;2026-09-10T23:31:55Z;EXCESS_CONFIRMED;confirmed excess over code, ranked below the action cut for its era;;;True;1976_1990;41.0;62.0;1070.0;861.0;1503.0;642.0;phys_deficiency_lo_kwh_yr;59.9;48.2;84.2;1070.0;0.0;0.0;0.0;0.0;0.0;True;2856.0;1786.0;True;T1;False;True;False;no PV;962.0;NO_SLOPE_EXCESS;-741.0;-35.0;False;;;;;;True;;
461158;physical_baseline_v1;2026-09-10T23:31:55Z;INCOMPLETE_AUDIT;never computed - required building data missing, see phys_no_result_reason;insufficient usable meter days;True;;;;;;;;;phys_deficiency_lo_kwh_yr;;;;;;;;;;True;;;True;;;;False;Unknown;;NOT_ASSESSABLE;;;False;;;;;;True;;
112120;physical_baseline_v1;2026-09-10T23:31:55Z;EXCESS_CONFIRMED;confirmed excess over code, ranked below the action cut for its era;;;True;1976_1990;29.0;62.0;1325.0;1100.0;1816.0;715.0;phys_deficiency_lo_kwh_yr;66.6;55.3;91.2;1325.0;0.0;0.0;0.0;0.0;0.0;True;3316.0;1991.0;True;T1;False;True;False;no PV;1284.0;NO_SLOPE_EXCESS;-466.0;-18.1;True;0.635;heating limit too high;0.32;True;;True;True;heating limit too high
1159664;physical_baseline_v1;2026-09-10T23:31:55Z;EXCESS_CONFIRMED;confirmed excess over code, ranked below the action cut for its era;;;True;pre1975;29.0;37.0;2765.0;1273.0;4862.0;3589.0;phys_deficiency_lo_kwh_yr;97.2;44.8;171.0;2424.0;341.0;0.0;0.0;0.0;0.0;True;5608.0;2843.0;True;T2;False;True;False;no PV;454.0;NO_SLOPE_EXCESS;-1689.0;-40.9;True;0.478;;0.332;True;;True;False;
122887;physical_baseline_v1;2026-09-10T23:31:55Z;EXCESS_CONFIRMED;confirmed excess over code, ranked below the action cut for its era;;;True;2001_2010;23.0;35.0;488.0;250.0;900.0;651.0;phys_deficiency_lo_kwh_yr;15.9;8.1;29.4;488.0;0.0;0.0;15.0;29.0;44.0;True;3554.0;3066.0;True;T1;False;True;False;no PV;1099.0;NO_SLOPE_EXCESS;-236.0;-9.7;False;;;;;;True;;
706817;physical_baseline_v1;2026-09-10T23:31:55Z;EXCESS_CONFIRMED;confirmed excess over code, ranked below the action cut for its era;;;True;2001_2010;29.0;35.0;318.0;165.0;542.0;376.0;phys_deficiency_lo_kwh_yr;13.3;6.9;22.6;318.0;0.0;0.0;0.0;0.0;0.0;True;2719.0;2401.0;True;T1;False;True;False;no PV;1045.0;SLOPE_EXCESS;1576.0;97.9;True;0.271;;0.506;True;13.0;True;False;
748773;physical_baseline_v1;2026-09-10T23:31:55Z;EXCESS_CONFIRMED;confirmed excess over code, ranked below the action cut for its era;;;True;1976_1990;38.0;62.0;1090.0;889.0;1493.0;604.0;phys_deficiency_lo_kwh_yr;61.5;50.1;84.2;1090.0;0.0;0.0;6.0;13.0;19.0;True;2863.0;1773.0;True;T1;False;True;True;no PV;317.0;NO_SLOPE_EXCESS;-580.0;-27.3;True;0.852;heating limit too high;0.354;True;;True;True;heating limit too high
877881;physical_baseline_v1;2026-09-10T23:31:55Z;INCOMPLETE_AUDIT;never computed - required building data missing, see phys_no_result_reason;insufficient usable meter days;True;;;;;;;;;phys_deficiency_lo_kwh_yr;;;;;;;;;;True;;;True;;;;False;Unknown;;NOT_ASSESSABLE;;;False;;;;;;True;;
100119;physical_baseline_v1;2026-09-10T23:31:55Z;EXCESS_CONFIRMED;confirmed excess over code, ranked below the action cut for its era;;;True;1976_1990;37.0;62.0;1101.0;904.0;1534.0;630.0;phys_deficiency_lo_kwh_yr;52.5;43.1;73.2;1101.0;0.0;0.0;0.0;0.0;0.0;True;3198.0;2097.0;True;T1;False;True;True;no PV;274.0;SLOPE_EXCESS;900.0;43.1;True;0.707;heating curve too high;0.406;True;28.0;True;True;heating curve too high
8087988;physical_baseline_v1;2026-09-10T23:31:55Z;EXCESS_CONFIRMED;confirmed excess over code, ranked below the action cut for its era;;;True;2001_2010;15.0;35.0;1458.0;1182.0;1883.0;702.0;phys_deficiency_lo_kwh_yr;53.2;43.1;68.8;496.0;0.0;961.0;61.0;122.0;184.0;True;4196.0;2739.0;True;T1;False;True;False;no PV;387.0;SLOPE_EXCESS;975.0;39.1;True;0.86;heating curve too high;0.381;True;24.0;True;True;heating curve too high
5610182;physical_baseline_v1;2026-09-10T23:31:55Z;EXCESS_CONFIRMED;confirmed excess over code, ranked below the action cut for its era;;;True;1991_2000;8.0;20.0;1598.0;1415.0;1858.0;443.0;phys_deficiency_lo_kwh_yr;86.0;76.2;100.0;636.0;0.0;961.0;0.0;0.0;0.0;True;3455.0;1857.0;True;T1;False;True;False;no PV;373.0;NO_SLOPE_EXCESS;-617.0;-35.2;False;;;;;;True;;
113115;physical_baseline_v1;2026-09-10T23:31:55Z;INCOMPLETE_AUDIT;never computed - required building data missing, see phys_no_result_reason;insufficient usable meter days;True;;;;;;;;;phys_deficiency_lo_kwh_yr;;;;;;;;;;True;;;True;;;;False;Unknown;;NOT_ASSESSABLE;;;False;;;;;;True;;
757271;physical_baseline_v1;2026-09-10T23:31:55Z;INCOMPLETE_AUDIT;never computed - required building data missing, see phys_no_result_reason;insufficient usable meter days;True;;;;;;;;;phys_deficiency_lo_kwh_yr;;;;;;;;;;True;;;True;;;;False;Unknown;;NOT_ASSESSABLE;;;False;;;;;;True;;
6901131;physical_baseline_v1;2026-09-10T23:31:55Z;HIGH_EXCESS;confirmed excess over code, in the worst 25% of its era by lower bound;;;True;2001_2010;5.0;35.0;2411.0;2068.0;2893.0;824.0;phys_deficiency_lo_kwh_yr;73.5;63.0;88.1;488.0;0.0;1923.0;0.0;0.0;0.0;True;5693.0;3282.0;True;T1;False;True;False;no PV;504.0;SLOPE_EXCESS;1772.0;77.3;True;0.357;;0.104;False;7.0;True;False;
7474976;physical_baseline_v1;2026-09-10T23:31:55Z;EXCESS_CONFIRMED;confirmed excess over code, ranked below the action cut for its era;;;True;pre1975;34.0;37.0;1978.0;997.0;3664.0;2668.0;phys_deficiency_lo_kwh_yr;110.2;55.5;204.2;1714.0;264.0;0.0;0.0;0.0;0.0;True;3773.0;1795.0;True;T2;False;True;False;no PV;1075.0;SLOPE_EXCESS;192.0;6.3;True;0.958;heating limit too high;0.201;True;14.0;True;True;heating limit too high
1171127;physical_baseline_v1;2026-09-10T23:31:55Z;INCOMPLETE_AUDIT;never computed - required building data missing, see phys_no_result_reason;insufficient usable meter days;True;;;;;;;;;phys_deficiency_lo_kwh_yr;;;;;;;;;;True;;;True;;;;False;Unknown;;NOT_ASSESSABLE;;;False;;;;;;True;;
801031;physical_baseline_v1;2026-09-10T23:31:55Z;EXCESS_CONFIRMED;confirmed excess over code, ranked below the action cut for its era;;;True;2001_2010;27.0;35.0;317.0;171.0;544.0;372.0;phys_deficiency_lo_kwh_yr;17.0;9.2;29.1;317.0;0.0;0.0;17.0;34.0;51.0;True;2182.0;1865.0;True;T1;False;True;False;no PV;952.0;SLOPE_EXCESS;3490.0;241.9;True;0.438;;0.458;True;2.0;True;False;
730976;physical_baseline_v1;2026-09-10T23:31:55Z;EXCESS_CONFIRMED;confirmed excess over code, ranked below the action cut for its era;;;True;1991_2000;17.0;20.0;611.0;486.0;917.0;432.0;phys_deficiency_lo_kwh_yr;27.6;21.9;41.4;611.0;0.0;0.0;86.0;172.0;257.0;True;2825.0;2213.0;True;T1;False;True;True;PV;336.0;SLOPE_EXCESS;2596.0;151.3;False;;;;;5.0;True;;
104118;physical_baseline_v1;2026-09-10T23:31:55Z;HIGH_EXCESS;confirmed excess over code, in the worst 25% of its era by lower bound;;;True;1976_1990;6.0;62.0;2394.0;2185.0;2906.0;721.0;phys_deficiency_lo_kwh_yr;124.8;113.9;151.5;952.0;0.0;1442.0;0.0;0.0;0.0;True;4313.0;1919.0;True;T1;False;True;False;no PV;456.0;SLOPE_EXCESS;615.0;34.9;True;0.676;heating curve too high;0.515;True;35.0;True;True;heating curve too high
119498;physical_baseline_v1;2026-09-10T23:31:55Z;EXCESS_CONFIRMED;confirmed excess over code, ranked below the action cut for its era;;;True;1976_1990;52.0;62.0;1133.0;660.0;1900.0;1240.0;phys_deficiency_lo_kwh_yr;48.4;28.2;81.1;1133.0;0.0;0.0;54.0;108.0;163.0;True;3474.0;2341.0;True;T2;False;True;False;no PV;436.0;SLOPE_EXCESS;2652.0;112.2;True;0.817;heating limit too high;0.125;True;8.0;True;True;heating limit too high
767371;physical_baseline_v1;2026-09-10T23:31:55Z;EXCESS_CONFIRMED;confirmed excess over code, ranked below the action cut for its era;;;True;1976_1990;51.0;62.0;1170.0;663.0;1923.0;1260.0;phys_deficiency_lo_kwh_yr;53.9;30.5;88.5;1170.0;0.0;0.0;0.0;0.0;0.0;True;3342.0;2172.0;True;T2;False;True;False;no PV;425.0;SLOPE_EXCESS;74.0;2.8;True;0.365;;0.515;True;46.0;True;False;
841211;physical_baseline_v1;2026-09-10T23:31:55Z;EXCESS_CONFIRMED;confirmed excess over code, ranked below the action cut for its era;;;True;pre1975;36.0;37.0;2120.0;786.0;3497.0;2711.0;phys_deficiency_lo_kwh_yr;110.9;41.1;182.9;1969.0;151.0;0.0;91.0;182.0;274.0;True;4032.0;1912.0;True;T2;False;True;False;PV;715.0;SLOPE_EXCESS;3146.0;95.5;False;;;;;3.0;True;;
611629;physical_baseline_v1;2026-09-10T23:31:55Z;EXCESS_CONFIRMED;confirmed excess over code, ranked below the action cut for its era;;;True;pre1975;20.0;37.0;2823.0;1710.0;4516.0;2806.0;phys_deficiency_lo_kwh_yr;151.7;91.9;242.7;2543.0;280.0;0.0;0.0;0.0;0.0;True;4684.0;1861.0;True;T2;False;True;False;no PV;897.0;NO_SLOPE_EXCESS;-584.0;-14.8;True;0.916;heating curve too high;0.533;False;;True;True;heating curve too high
8190108;physical_baseline_v1;2026-09-10T23:31:55Z;EXCESS_CONFIRMED;confirmed excess over code, ranked below the action cut for its era;;;True;2001_2010;12.0;35.0;1764.0;1503.0;2103.0;601.0;phys_deficiency_lo_kwh_yr;74.1;63.1;88.4;322.0;0.0;1442.0;0.0;0.0;0.0;True;4144.0;2380.0;True;T1;False;True;False;no PV;760.0;SLOPE_EXCESS;1404.0;88.2;True;0.245;;0.194;False;16.0;True;False;
105714;physical_baseline_v1;2026-09-10T23:31:55Z;EXCESS_CONFIRMED;confirmed excess over code, ranked below the action cut for its era;;;True;1976_1990;48.0;62.0;1340.0;703.0;2068.0;1366.0;phys_deficiency_lo_kwh_yr;52.0;27.3;80.2;1340.0;0.0;0.0;0.0;0.0;0.0;True;3919.0;2579.0;True;T2;False;True;False;no PV;630.0;SLOPE_EXCESS;1335.0;47.5;True;0.754;heating limit too high;0.144;True;18.0;True;True;heating limit too high
698983;physical_baseline_v1;2026-09-10T23:31:55Z;HIGH_EXCESS;confirmed excess over code, in the worst 25% of its era by lower bound;;;True;pre1975;10.0;37.0;3841.0;2654.0;5375.0;2722.0;phys_deficiency_lo_kwh_yr;159.0;109.8;222.5;1685.0;234.0;1923.0;27.0;53.0;80.0;True;6257.0;2416.0;True;T2;False;True;True;PV;318.0;SLOPE_EXCESS;1002.0;35.1;True;0.932;heating limit too high;0.062;True;6.0;True;True;heating limit too high
417510;physical_baseline_v1;2026-09-10T23:31:55Z;INCOMPLETE_AUDIT;never computed - required building data missing, see phys_no_result_reason;insufficient usable meter days;True;;;;;;;;;phys_deficiency_lo_kwh_yr;;;;;;;;;;True;;;True;;;;False;Unknown;;NOT_ASSESSABLE;;;False;;;;;;True;;
7646451;physical_baseline_v1;2026-09-10T23:31:55Z;INCONCLUSIVE;band straddles zero - the excess cannot be resolved at this precision;band straddles zero;False;False;post2010;;1.0;-79.0;-266.0;103.0;369.0;phys_deficiency_lo_kwh_yr;-2.4;-8.2;3.2;-79.0;0.0;0.0;0.0;0.0;0.0;True;3160.0;3239.0;True;T1;False;True;True;PV;341.0;SLOPE_EXCESS;270.0;20.6;True;0.602;heating curve too high;0.321;False;11.0;True;True;heating curve too high
477661;physical_baseline_v1;2026-09-10T23:31:55Z;HIGH_EXCESS;confirmed excess over code, in the worst 25% of its era by lower bound;;;True;2001_2010;7.0;35.0;2353.0;1999.0;2830.0;831.0;phys_deficiency_lo_kwh_yr;73.6;62.5;88.5;431.0;0.0;1923.0;13.0;25.0;38.0;True;5550.0;3197.0;True;T1;False;True;False;no PV;822.0;SLOPE_EXCESS;1686.0;78.5;True;0.713;heating curve too high;0.438;True;9.0;True;True;heating curve too high
122671;physical_baseline_v1;2026-09-10T23:31:55Z;INCOMPLETE_AUDIT;never computed - required building data missing, see phys_no_result_reason;insufficient usable meter days;True;;;;;;;;;phys_deficiency_lo_kwh_yr;;;;;;;;;;True;;;True;;;;False;Unknown;;NOT_ASSESSABLE;;;False;;;;;;True;;
7747482;physical_baseline_v1;2026-09-10T23:31:55Z;HIGH_EXCESS;confirmed excess over code, in the worst 25% of its era by lower bound;;;True;1976_1990;12.0;62.0;2134.0;1861.0;2614.0;753.0;phys_deficiency_lo_kwh_yr;111.0;96.8;136.0;1172.0;0.0;961.0;28.0;56.0;84.0;True;4056.0;1922.0;True;T1;False;True;False;no PV;383.0;SLOPE_EXCESS;524.0;22.2;True;0.48;;0.442;True;37.0;True;False;
100120;physical_baseline_v1;2026-09-10T23:31:55Z;INCOMPLETE_AUDIT;never computed - required building data missing, see phys_no_result_reason;insufficient usable meter days;True;;;;;;;;;phys_deficiency_lo_kwh_yr;;;;;;;;;;True;;;True;;;;False;Unknown;;NOT_ASSESSABLE;;;False;;;;;;True;;
776736;physical_baseline_v1;2026-09-10T23:31:55Z;EXCESS_CONFIRMED;confirmed excess over code, ranked below the action cut for its era;;;True;pre1975;24.0;37.0;2413.0;1515.0;3822.0;2307.0;phys_deficiency_lo_kwh_yr;132.1;82.9;209.2;2142.0;272.0;0.0;42.0;85.0;127.0;True;4240.0;1827.0;True;T2;False;True;True;PV;344.0;SLOPE_EXCESS;270.0;7.7;False;;;;;11.0;True;;
731027;physical_baseline_v1;2026-09-10T23:31:55Z;INCOMPLETE_AUDIT;never computed - required building data missing, see phys_no_result_reason;insufficient usable meter days;True;;;;;;;;;phys_deficiency_lo_kwh_yr;;;;;;;;;;True;;;True;;;;False;Unknown;;NOT_ASSESSABLE;;;False;;;;;;True;;
7679818;physical_baseline_v1;2026-09-10T23:31:55Z;INCOMPLETE_AUDIT;never computed - required building data missing, see phys_no_result_reason;insufficient usable meter days;True;;;;;;;;;phys_deficiency_lo_kwh_yr;;;;;;;;;;True;;;True;;;;False;Unknown;;NOT_ASSESSABLE;;;False;;;;;;True;;
751108;physical_baseline_v1;2026-09-10T23:31:55Z;INCOMPLETE_AUDIT;never computed - required building data missing, see phys_no_result_reason;insufficient usable meter days;True;;;;;;;;;phys_deficiency_lo_kwh_yr;;;;;;;;;;True;;;True;;;;False;Unknown;;NOT_ASSESSABLE;;;False;;;;;;True;;
816571;physical_baseline_v1;2026-09-10T23:31:55Z;INCOMPLETE_AUDIT;never computed - required building data missing, see phys_no_result_reason;insufficient usable meter days;True;;;;;;;;;phys_deficiency_lo_kwh_yr;;;;;;;;;;True;;;True;;;;False;Unknown;;NOT_ASSESSABLE;;;False;;;;;;True;;
310610;physical_baseline_v1;2026-09-10T23:31:55Z;EXCESS_CONFIRMED;confirmed excess over code, ranked below the action cut for its era;;;True;1976_1990;30.0;62.0;1283.0;1030.0;1749.0;719.0;phys_deficiency_lo_kwh_yr;64.4;51.7;87.8;1283.0;0.0;0.0;0.0;0.0;0.0;True;3276.0;1992.0;True;T1;False;True;False;no PV;954.0;SLOPE_EXCESS;287.0;11.3;False;;;;;41.0;True;;
8773113;physical_baseline_v1;2026-09-10T23:31:55Z;EXCESS_CONFIRMED;confirmed excess over code, ranked below the action cut for its era;;;True;1976_1990;20.0;62.0;1915.0;1267.0;2840.0;1573.0;phys_deficiency_lo_kwh_yr;103.2;68.3;153.2;1543.0;371.0;0.0;0.0;0.0;0.0;True;3769.0;1854.0;True;T2;False;True;False;no PV;457.0;SLOPE_EXCESS;1570.0;46.2;True;0.836;heating limit too high;0.157;True;16.0;True;True;heating limit too high
897731;physical_baseline_v1;2026-09-10T23:31:55Z;HIGH_EXCESS;confirmed excess over code, in the worst 25% of its era by lower bound;;;True;pre1975;6.0;37.0;7435.0;3551.0;12794.0;9244.0;phys_deficiency_lo_kwh_yr;140.2;67.0;241.3;6294.0;1141.0;0.0;0.0;0.0;0.0;True;12738.0;5303.0;True;T2;False;True;True;no PV;212.0;SLOPE_EXCESS;122.0;1.0;False;;;;;15.0;True;;
9073879;physical_baseline_v1;2026-09-10T23:31:55Z;INCOMPLETE_AUDIT;never computed - required building data missing, see phys_no_result_reason;insufficient usable meter days;True;;;;;;;;;phys_deficiency_lo_kwh_yr;;;;;;;;;;True;;;True;;;;False;Unknown;;NOT_ASSESSABLE;;;False;;;;;;True;;
461222;physical_baseline_v1;2026-09-10T23:31:55Z;INCOMPLETE_AUDIT;never computed - required building data missing, see phys_no_result_reason;insufficient usable meter days;True;;;;;;;;;phys_deficiency_lo_kwh_yr;;;;;;;;;;True;;;True;;;;False;Unknown;;NOT_ASSESSABLE;;;False;;;;;;True;;
468665;physical_baseline_v1;2026-09-10T23:31:55Z;INCOMPLETE_AUDIT;never computed - required building data missing, see phys_no_result_reason;insufficient usable meter days;True;;;;;;;;;phys_deficiency_lo_kwh_yr;;;;;;;;;;True;;;True;;;;False;Unknown;;NOT_ASSESSABLE;;;False;;;;;;True;;
1191021;physical_baseline_v1;2026-09-10T23:31:55Z;EXCESS_CONFIRMED;confirmed excess over code, ranked below the action cut for its era;;;True;pre1975;14.0;37.0;5106.0;2322.0;9899.0;7578.0;phys_deficiency_lo_kwh_yr;124.6;56.6;241.5;4721.0;386.0;0.0;0.0;0.0;0.0;True;9206.0;4099.0;True;T2;False;True;False;no PV;398.0;SLOPE_EXCESS;987.0;12.2;True;0.168;;0.198;True;7.0;True;False;
9097838;physical_baseline_v1;2026-09-10T23:31:55Z;EXCESS_CONFIRMED;confirmed excess over code, ranked below the action cut for its era;;;True;1976_1990;18.0;62.0;1839.0;1347.0;3024.0;1677.0;phys_deficiency_lo_kwh_yr;55.4;40.6;91.1;1649.0;190.0;0.0;0.0;0.0;0.0;True;5160.0;3321.0;True;T2;True;True;False;PV;944.0;NO_SLOPE_EXCESS;-407.0;-12.3;True;0.735;heating curve too high;0.379;True;;True;True;heating curve too high
112691;physical_baseline_v1;2026-09-10T23:31:55Z;INCOMPLETE_AUDIT;never computed - required building data missing, see phys_no_result_reason;insufficient usable meter days;True;;;;;;;;;phys_deficiency_lo_kwh_yr;;;;;;;;;;True;;;True;;;;False;Unknown;;NOT_ASSESSABLE;;;False;;;;;;True;;
699801;physical_baseline_v1;2026-09-10T23:31:55Z;EXCESS_CONFIRMED;confirmed excess over code, ranked below the action cut for its era;;;True;1976_1990;62.0;62.0;518.0;143.0;1017.0;874.0;phys_deficiency_lo_kwh_yr;35.6;9.8;69.8;518.0;0.0;0.0;0.0;0.0;0.0;True;1976.0;1458.0;True;T2;False;True;True;PV;247.0;SLOPE_EXCESS;254.0;20.5;True;0.475;;0.384;True;42.0;True;False;
808410;physical_baseline_v1;2026-09-10T23:31:55Z;INCOMPLETE_AUDIT;never computed - required building data missing, see phys_no_result_reason;insufficient usable meter days;True;;;;;;;;;phys_deficiency_lo_kwh_yr;;;;;;;;;;True;;;True;;;;False;Unknown;;NOT_ASSESSABLE;;;False;;;;;;True;;
111901;physical_baseline_v1;2026-09-10T23:31:55Z;INCOMPLETE_AUDIT;never computed - required building data missing, see phys_no_result_reason;insufficient usable meter days;True;;;;;;;;;phys_deficiency_lo_kwh_yr;;;;;;;;;;True;;;True;;;;False;Unknown;;NOT_ASSESSABLE;;;False;;;;;;True;;
7146661;physical_baseline_v1;2026-09-10T23:31:55Z;INCOMPLETE_AUDIT;never computed - required building data missing, see phys_no_result_reason;insufficient usable meter days;True;;;;;;;;;phys_deficiency_lo_kwh_yr;;;;;;;;;;True;;;True;;;;False;Unknown;;NOT_ASSESSABLE;;;False;;;;;;True;;
876790;physical_baseline_v1;2026-09-10T23:31:55Z;EXCESS_CONFIRMED;confirmed excess over code, ranked below the action cut for its era;;;True;2001_2010;11.0;35.0;1882.0;1578.0;2236.0;659.0;phys_deficiency_lo_kwh_yr;67.3;56.4;79.9;440.0;0.0;1442.0;0.0;0.0;0.0;True;4680.0;2798.0;True;T1;False;True;False;no PV;902.0;SLOPE_EXCESS;1594.0;74.9;True;0.672;heating limit too high;0.004;False;12.0;True;True;heating limit too high
1015877;physical_baseline_v1;2026-09-10T23:31:55Z;EXCESS_CONFIRMED;confirmed excess over code, ranked below the action cut for its era;;;True;pre1975;18.0;37.0;3706.0;1733.0;7009.0;5277.0;phys_deficiency_lo_kwh_yr;150.9;70.6;285.4;3277.0;429.0;0.0;0.0;0.0;0.0;True;6162.0;2456.0;True;T2;False;True;False;PV;864.0;NO_SLOPE_EXCESS;-832.0;-15.3;True;0.627;heating limit too high;0.212;False;;True;True;heating limit too high
8280779;physical_baseline_v1;2026-09-10T23:31:55Z;INCOMPLETE_AUDIT;never computed - required building data missing, see phys_no_result_reason;insufficient usable meter days;True;;;;;;;;;phys_deficiency_lo_kwh_yr;;;;;;;;;;True;;;True;;;;False;Unknown;;NOT_ASSESSABLE;;;False;;;;;;True;;
970979;physical_baseline_v1;2026-09-10T23:31:55Z;INCOMPLETE_AUDIT;never computed - required building data missing, see phys_no_result_reason;insufficient usable meter days;True;;;;;;;;;phys_deficiency_lo_kwh_yr;;;;;;;;;;True;;;True;;;;False;Unknown;;NOT_ASSESSABLE;;;False;;;;;;True;;
1141047;physical_baseline_v1;2026-09-10T23:31:55Z;EXCESS_CONFIRMED;confirmed excess over code, ranked below the action cut for its era;;;True;1991_2000;16.0;20.0;907.0;687.0;1228.0;541.0;phys_deficiency_lo_kwh_yr;39.6;30.0;53.6;907.0;0.0;0.0;0.0;0.0;0.0;True;3198.0;2291.0;True;T1;False;True;False;PV;468.0;SLOPE_EXCESS;123.0;5.0;True;0.845;heating curve too high;0.703;True;15.0;True;True;heating curve too high
