Household_ID;n_pre;warm_pre;cold_pre;a_pre;b_pre;hdd_pre;n_post;warm_post;cold_post;a_post;b_post;hdd_post;area_m2;footprint_m2;n_storeys_above;heated_basement;era_raw;era;renovation_count;residents;hp_type;dhw_electric;installed_kw;building_type;visit_date;pv;label_correctly_planned;label_sizing_direction;label_curve_too_high;label_limit_too_high;label_night_setback;label_curve_changed;emitter;storey_sum_m2;storey_reconciles;geometry_complete;n_days;hdd_per_day;deficiency;d_slope;d_slope_pct;lvl_pre;lvl_post;d_level_pct;changed
86109;800;306;494;10.499569151155677;2.0166526691467563;4.31576901268116;634;266;368;9.910479647183967;2.125823935311118;3.99377447080876;160.0;60.0;3;False;1981 - 85;1976_1990;1;2;air-source;False;8.0;single family house;2022-01-13;False;True;;True;True;False;True;floor_only;160.0;True;True;1434;4.173408803791967;1425.2920445156228;0.10917126616436157;5.413488789348729;18.361278160544092;18.197781392446842;-0.8904432832382149;True
103721;642;304;338;20.443748773494377;2.3507750307502615;3.317035746534833;399;170;229;18.215931802151033;1.6201077891261253;3.713124659474774;160.0;80.0;2;False;2000 - 10;2001_2010;0;2;ground-source;False;6.1;single family house;2023-01-25;False;True;;;False;False;False;floor_only;160.0;True;True;1041;3.4688508053850113;263.8055278128654;-0.7306672416241362;-31.081972203479637;29.60799878096542;24.531752169642544;-17.1448487581887;False
105768;422;144;278;13.652854764478358;2.9573246843516037;4.359707895459853;736;330;406;7.466355226541207;2.935396405626875;3.5092880631695023;294.0;164.0;2;False;< 1975;pre1975;2;1;ground-source;False;17.8;single family house;2021-12-03;True;False;;True;True;True;True;radiator_only;294.0;True;True;1158;3.819199262846987;4009.4498885681055;-0.021928278724728578;-0.7414904031593127;25.181675007227767;18.909690373593143;-24.906939795841254;True
105807;461;149;312;18.036742784143325;4.400646920165773;4.769362161652363;782;339;443;15.233304389280441;5.047552908473475;3.681842099410653;200.0;100.0;2;False;1981 - 85;1976_1990;1;2;ground-source;False;16.2;single family house;2022-01-04;False;False;;;True;False;False;both;200.0;True;True;1243;4.085178180419042;1590.196590225079;0.6469059883077017;14.70024748732472;35.192203448593006;34.91066022899487;-0.8000158899098164;False
106100;245;158;87;11.676684614379559;1.7332636155209389;1.4908392487429751;497;181;316;10.997615037513931;1.8145378845241116;4.262296926486455;140.0;60.0;3;False;1976 - 80;1976_1990;1;2;air-source;False;8.0;single family house;2022-10-19;False;True;;True;False;False;True;floor_only;140.0;True;True;742;3.3471929762881363;1107.145249154269;0.0812742690031727;4.689088738457445;18.433631108071715;18.0714007483054;-1.9650515823098003;True
109104;477;138;339;31.001083851900248;2.9145148898912123;5.239558578677118;696;334;362;24.547943036779042;3.062240364476265;3.2021582437947695;200.0;100.0;2;False;< 1975;pre1975;2;2;air-source;True;8.6;single family house;2022-03-31;False;True;;True;False;False;True;radiator_only;200.0;True;True;1173;4.030666308363295;4553.042679683557;0.14772547458505247;5.06861279375953;42.36301459902733;36.485766059373105;-13.873537082484138;True
111119;752;293;459;11.93887717292651;1.8838801438536072;4.232577850370028;798;335;463;11.037125441108675;1.8094846567763063;3.7650931677018633;180.0;100.0;2;True;1981 - 85;1976_1990;0;2;ground-source;False;8.65;single family house;2021-12-22;False;True;;False;True;False;True;floor_only;180.0;True;True;1550;3.991898639551192;1703.8163821141761;-0.07439548707730093;-3.949056277280985;19.282986412029228;18.091211673294232;-6.1804469145481296;True
112120;911;384;527;8.384765047360407;1.467898084818666;3.9490145325251755;373;170;203;7.686055873279948;2.267095184604373;3.296378657186152;136.0;70.0;2;False;1976 - 80;1976_1990;0;2;air-source;False;7.8;single family house;2023-02-20;False;True;;True;True;False;True;floor_only;136.0;True;True;1284;3.7594248273059736;1325.4847826621094;0.799197099785707;54.444999148863545;14.107211839928583;16.524088773356038;17.132208411209977;True
112810;301;94;207;21.682583471302795;2.984756192588562;4.705522846550147;550;253;297;21.58823646627497;2.1250749366982604;3.3155493412384716;180.0;80.0;2;True;1991 - 95;1991_2000;0;4;air-source;False;6.83;single family house;2022-07-01;True;True;;True;False;False;True;floor_only;180.0;True;True;851;3.8071850934109914;870.4509246327107;-0.8596812558903015;-28.802394581673813;33.31834257305704;29.872618318968932;-10.341823716268825;True
114721;750;297;453;15.237878496843614;4.840923774742149;4.247803613526569;770;334;436;14.870451251336709;4.2204697282512145;3.5886236118953514;140.0;80.0;2;False;1981 - 85;1976_1990;1;2;air-source;False;12.0;single family house;2022-01-19;False;True;;False;False;True;True;both;140.0;True;True;1520;3.913876902173913;1565.2476906059537;-0.6204540464909343;-12.816852224118788;34.109712321235;31.323510022474586;-8.168354727007957;True
114798;395;140;255;34.74628497220435;2.4638854081524144;4.715489763346175;680;317;363;24.91130236138644;2.848236428689276;3.3349296888320543;301.0;186.0;1;True;< 1975;pre1975;1;3;ground-source;False;14.4;single family house;2022-01-21;False;True;;True;False;False;True;radiator_only;301.0;True;True;1075;3.842205251095382;4199.355851562996;0.38435102053686165;15.59938701958845;44.35148392774292;36.01485347600094;-18.79673398374664;True
115508;429;153;276;13.275614602572551;3.337503049241574;4.323445120097294;788;324;464;12.384863976078709;3.153374468241979;3.929747268814831;170.0;110.0;1;True;< 1975;pre1975;1;2;ground-source;False;9.6;single family house;2021-12-03;False;True;;True;True;True;True;both;170.0;True;True;1217;4.068528187631738;2620.476559236784;-0.18412858099959495;-5.516956187993205;26.286520343810217;24.6779637479112;-6.1193211382113954;True
116121;474;140;334;58.26266873404184;5.712025130321043;5.319653366354798;767;319;448;57.51161926556513;5.929300841338268;3.8880447914895226;395.0;235.0;1;True;< 1975;pre1975;0;2;air-source;True;11.3;single family house;2022-01-19;False;True;;True;False;False;True;radiator_only;395.0;True;True;1241;4.43484774433895;10241.849133099233;0.21727571101722454;3.8038297461939314;80.53039986887221;80.62637698110467;0.11918121900392992;True
118708;591;280;311;15.500733075940678;2.627325122221732;3.514101915201451;804;335;469;13.90361608707683;2.4529451104511297;3.8221840976278028;186.0;66.0;1;True;1991 - 95;1991_2000;0;2;ground-source;False;8.0;single family house;2021-12-16;False;True;;False;False;False;;floor_only;156.0;False;False;1395;3.6916632590514777;457.8307089629293;-0.17438001177060247;-6.637169122911684;25.743084622130503;23.466165438982877;-8.844779934375977;
120741;438;138;300;12.458392169204831;4.931821525818506;5.163989113890543;770;334;436;11.8866358919515;4.575009602637215;3.5886236118953514;164.0;66.0;2;True;1981 - 85;1976_1990;0;2;air-source;False;13.0;single family house;2022-01-19;False;True;;True;True;False;True;floor_only;164.0;True;True;1208;4.159824017420098;1634.1554926989866;-0.35681192318129096;-7.23489123264802;31.684581346653864;29.72183119422895;-6.194653894747437;True
121728;794;289;505;30.63151517488266;1.352500360091636;4.49672885408681;767;334;433;29.52715443880116;1.4505103724936361;3.5674307012074147;455.0;170.0;2;True;> 2010;post2010;0;7;ground-source;False;10.6;multi family house;2022-01-21;False;True;;True;False;True;True;floor_only;455.0;True;True;1561;4.040116629065352;-136.11515619563306;0.09801001240200002;7.246579394282715;35.90409603563757;35.18181705775843;-2.0116896333004037;True
122850;288;82;206;17.051036521269246;2.7190777562095723;4.933896235909823;625;294;331;12.179228829296308;2.126692029388585;3.4212118492753625;220.0;140.0;1;True;2000 - 10;2001_2010;0;1;ground-source;True;9.1;single family house;2022-06-13;False;True;;False;False;True;True;floor_only;220.0;True;True;913;3.898378446592695;860.9196343260496;-0.5923857268209871;-21.78627387422639;27.65107609192315;20.469914748311183;-25.970639694957757;True
122887;729;306;423;23.792038473839686;1.8678858439352202;3.7756549273374285;370;166;204;21.88137347523324;1.6028728308423512;3.3280359576968275;232.0;108.0;2;True;2000 - 10;2001_2010;0;3;air-source;False;9.74;single family house;2023-02-23;False;True;;False;False;False;True;floor_only;232.0;True;True;1099;3.624955183236407;488.4252212467318;-0.26501301309286895;-14.187859175298714;31.073795611516605;28.130005164729297;-9.47354640414857;True
461104;289;83;206;12.803084670862473;2.2025474817432986;4.916823930595256;478;194;284;9.451156495151103;2.091738108614535;4.026706915893518;210.0;70.0;3;False;1991 - 95;1991_2000;0;3;air-source;False;5.6;single family house;2022-06-15;False;True;;False;False;False;False;floor_only;210.0;True;True;767;4.362096508134459;1037.5537825413767;-0.1108093731287636;-5.030964101670983;21.38948511836906;17.605578218517916;-17.690500163566654;False
468980;818;311;507;8.59967564312986;1.726995791221762;4.308937130151306;401;170;231;10.706649479562063;4.96000887554074;3.7460704217716576;160.0;75.0;2;True;< 1975;pre1975;1;2;air-source;False;12.9;single family house;2023-01-23;False;True;;True;False;False;True;radiator_only;160.0;True;True;1219;4.123777532070716;3857.795482019818;3.2330130843189777;187.2044564759353;15.332187680896123;30.042724084805574;95.9454495997251;True
512280;670;284;386;23.532938181791515;1.7292274553850753;4.176423220852261;757;319;438;22.40682522559521;1.6397221655112881;3.795686290276262;300.0;150.0;2;True;> 2010;post2010;0;4;ground-source;False;10.6;single family house;2022-02-01;False;True;;;False;False;False;floor_only;300.0;True;True;1427;3.974448549201223;-122.57445969880064;-0.08950528987378714;-5.176027572026697;30.274150128335858;28.79911018309766;-4.872275320645902;False
610891;322;116;206;26.551626276586333;2.9192652586583345;4.412925825906922;502;247;255;22.182587528893947;2.5394205678989645;3.244465283792367;240.0;110.0;2;True;2000 - 10;2001_2010;0;4;air-source;True;11.6;single family house;2022-07-08;False;True;;True;False;False;True;floor_only;240.0;True;True;824;3.701072437385676;2411.83783152936;-0.37984469075937;-13.011653861627595;37.932075838334185;32.08225238577005;-15.421838439572825;True
658466;623;266;357;10.168985801978378;1.2631347695758743;3.8065680205643573;339;166;173;9.48239942399651;1.0453204599359927;2.772377003975888;162.0;81.0;2;False;1986 - 90;1976_1990;0;2;ground-source;False;7.5;single family house;2023-02-16;False;True;;False;False;False;False;floor_only;162.0;True;True;962;3.4421285666937838;1070.2410962425975;-0.2178143096398817;-17.243948538683462;15.093184276992893;13.557471648036888;-10.174874968544245;False
669010;372;169;203;75.80706646057925;2.705926762679296;3.412425042854917;386;170;216;59.57485927241886;3.6628402628551298;3.4951297214087265;170.0;90.0;2;True;1986 - 90;1976_1990;1;1;air-source;True;16.3;single family house;2023-02-07;False;True;;;True;False;;floor_only;170.0;True;True;758;3.4545411456540855;1791.4882221992475;0.9569135001758338;35.3636141736644;86.35583826167563;73.85405803331528;-14.477052715853938;
679810;714;308;406;9.85907353543645;3.41052425407703;3.8141032760930456;433;171;262;13.038519533884106;3.3580454768785475;3.9647499748970776;320.0;100.0;2;False;1981 - 85;1976_1990;0;2;ground-source;False;5.31;other;2022-12-22;False;True;;False;False;True;;floor_only;160.0;False;False;1147;3.8709733899397296;1439.7771114326615;-0.05247877719848271;-1.538730508535402;23.154644788348065;26.12950777564311;12.847802307000025;
706817;680;304;376;21.798484257154065;2.7752611165221266;3.6043374254049447;365;170;195;24.739570715361843;2.9245863456101593;3.1904773674806433;168.0;64.0;2;True;2000 - 10;2001_2010;0;3;air-source;False;6.1;single family house;2023-02-28;False;True;;False;False;False;False;floor_only;168.0;True;True;1045;3.4597834338811455;318.2776033257992;0.1493252290880327;5.3805830449266905;32.61754876785072;36.14076397674073;10.801594055904784;False
712718;703;294;409;16.04525663174489;2.4577004661730624;3.7133628857690644;419;166;253;13.853128984835474;2.246004674848643;4.014673757393379;200.0;120.0;2;False;1981 - 85;1976_1990;0;2;ground-source;False;13.7;single family house;2023-01-05;False;False;oversized;True;True;False;True;floor_only;200.0;True;True;1122;3.8258845036038127;1619.8020530958797;-0.2116957913244195;-8.613571679630088;25.62634423939221;22.608942743709935;-11.77460767519074;True
716869;355;141;214;8.253288256313661;2.257842279610244;4.25263510920596;811;338;473;7.857092608843859;2.2547859048552543;3.916420781286299;155.0;70.0;3;False;1981 - 85;1976_1990;1;2;air-source;False;8.5;single family house;2021-12-02;False;True;;True;False;False;True;floor_only;155.0;True;True;1166;4.018784491759266;1513.8055742772694;-0.0030563747549896547;-0.13536706184442857;17.05524967632366;16.64713907229491;-2.392873817586467;True
721074;680;309;371;11.072696638162753;0.9416532242913338;3.3810768222506393;421;170;251;7.141482821119158;0.9758060345170366;3.970861217253606;134.0;67.0;2;False;> 2010;post2010;0;1;air-source;False;6.0;single family house;2023-01-03;False;True;;False;True;False;False;floor_only;134.0;True;True;1101;3.6065983756532267;-67.40182843880052;0.03415281022570282;3.626898877918188;14.743633012279687;10.945560345398029;-25.76076509580995;False
721077;762;309;453;19.157283154050923;3.046095422004725;4.064959193959451;378;170;208;13.992349235921418;3.635095210879117;3.308364389233955;234.0;117.0;1;True;1981 - 85;1976_1990;1;3;ground-source;False;13.7;single family house;2023-02-15;False;True;;True;False;False;True;both;234.0;True;True;1140;3.814088285024155;1442.1875724352249;0.5889997888743919;19.33622251684925;31.032166811018747;28.163386820417507;-9.244536509718065;True
727690;186;80;106;14.303996091855554;2.861709150791738;4.035237455197133;317;154;163;14.97264083813918;2.8190364287533844;2.957411237598866;157.0;53.0;3;False;1976 - 80;1976_1990;1;2;ground-source;False;10.6;single family house;2023-02-06;False;True;;False;False;True;False;radiator_only;157.0;True;True;503;3.3559712305874894;1161.7202710827828;-0.042672722038353594;-1.4911620919459092;25.46006920113695;25.9623588142652;1.9728525054669575;False
760117;697;309;388;27.233400475364434;2.9406634990290255;3.4610338198906287;406;170;236;20.686367736398374;2.7168371326031595;3.874156582423074;155.0;77.5;2;False;1976 - 80;1976_1990;1;2;air-source;False;12.0;single family house;2023-01-18;False;True;;True;False;False;True;floor_only;155.0;True;True;1103;3.6130989527901507;1108.8463710202936;-0.22382636642586595;-7.611423969446724;38.69726883385456;31.277672470824562;-19.17343674791569;True
768113;281;65;216;7.2670784149061305;3.502672730685718;5.571132523595853;627;284;343;7.560796173157887;1.987004358043788;3.699448882416846;150.0;75.0;2;False;1976 - 80;1976_1990;1;2;air-source;False;6.6;single family house;2022-06-07;True;True;;False;False;False;True;radiator_only;150.0;True;True;908;4.278681374896252;1924.4339976732876;-1.5156683726419302;-43.2717667101376;20.921880843239965;15.306924349972899;-26.83772331626344;True
781099;645;288;357;13.186045646109477;3.4209661043838637;3.7341528030558364;809;320;489;13.133695039893999;2.6623914849916783;4.182433483814335;150.0;75.0;2;False;1981 - 85;1976_1990;0;2;ground-source;False;7.38;single family house;2021-12-03;False;True;;True;False;True;True;both;150.0;True;True;1454;3.983574447301796;1520.439381320908;-0.7585746193921854;-22.17428048819587;26.522323357742444;23.512749125064722;-11.347325014040148;True
788488;358;135;223;10.219658475575628;2.7455739907229764;5.311196461824955;241;91;150;9.03113605018546;2.656634158979293;5.056687413554634;250.0;90.0;3;True;2000 - 10;2001_2010;0;3;air-source;False;9.0;single family house;2022-09-01;False;True;;;False;False;False;floor_only;250.0;True;True;599;5.208797996661102;881.7879169686476;-0.08893983174368358;-3.2393893606292345;20.922990838675062;19.387745803481863;-7.3375983721953295;False
796869;651;304;347;8.80018180663689;2.0219820355647733;3.3769192769206793;394;170;224;8.553489696797795;1.775577596540639;3.6063220959317293;150.0;50.0;3;True;2000 - 10;2001_2010;0;2;air-source;False;5.29;single family house;2023-01-30;False;True;;True;False;True;True;floor_only;150.0;True;True;1045;3.4634118230358504;349.5395337162254;-0.24640443902413423;-12.186282305683758;16.68266679228729;15.4753928093937;-7.236696614067332;True
808112;709;309;400;24.30302774465136;2.3173093593508187;3.869833466200609;742;339;403;19.656590408806753;2.159703322990064;3.28813376499082;140.0;70.0;2;False;1981 - 85;1976_1990;0;2;air-source;True;12.0;single family house;2022-02-16;False;False;oversized;False;False;True;True;floor_only;140.0;True;True;1451;3.572368836085059;2220.9115000752845;-0.15760603636075476;-6.801251448141012;33.33681534063657;28.075967395098033;-15.780895360828668;True
811080;626;303;323;16.900017878722174;5.068835940276945;3.1681700467657543;413;170;243;17.870640659390496;4.668349304809097;3.939747955925186;190.0;95.0;2;False;1986 - 90;1976_1990;0;2;air-source;False;10.7;single family house;2023-01-11;False;True;;False;False;True;False;floor_only;190.0;True;True;1039;3.4748704091169045;1466.1451005276544;-0.400486635467848;-7.900958724775115;36.66034338665777;36.0697110050629;-1.611093424208973;False
815461;458;144;314;12.693984567364383;2.9510597522397717;4.979305218024177;684;317;367;1.1685284482330864;2.4117876240198184;3.3971462306127638;240.0;120.0;2;False;1981 - 85;1976_1990;1;2;ground-source;False;;single family house;2022-01-19;True;True;;True;True;False;True;floor_only;240.0;True;True;1142;4.031672339399477;1385.4730037833533;-0.5392721282199533;-18.273846465177833;24.198381629077055;10.570629654143954;-56.31679086570747;True
821088;637;303;334;16.854820001573636;2.5752372808237864;3.339127863854572;399;170;229;15.64290658907895;2.217992429189565;3.713124659474774;220.0;110.0;2;False;1995 - 00;1991_2000;1;2;ground-source;False;9.5;single family house;2023-01-25;False;True;;True;True;False;True;floor_only;220.0;True;True;1036;3.4831671702758658;520.7521496242139;-0.3572448516342215;-13.87230816726695;26.89411255884442;24.289517544991632;-9.68462896165071;True
823761;795;297;498;15.336917393192342;2.3664152312053157;4.490873429951691;751;334;417;12.72045790141085;1.837428030690303;3.4320386344777014;240.0;140.0;2;False;1991 - 95;1991_2000;1;2;air-source;False;8.2;single family house;2022-02-07;False;True;;False;True;False;;floor_only;240.0;True;True;1546;3.976523539006693;886.2994071437988;-0.5289872005150127;-22.353946743555106;24.562139082454365;19.883478447280343;-19.048262121910064;
858577;545;221;324;14.83890228877375;3.0993272292611294;3.920403496875416;582;251;331;13.539380420627609;3.0839138343760526;3.673981796902236;180.0;90.0;2;False;1981 - 85;1976_1990;1;1;air-source;True;11.6;single family house;2022-07-19;False;True;;;False;True;False;floor_only;180.0;True;True;1127;3.793147570181192;1772.1119447217418;-0.015413394885076759;-0.49731421514827484;26.921304565629036;25.561695193428694;-5.050310132207272;False
861116;591;272;319;7.667415091461715;3.065445306514768;3.822303967728487;774;347;427;8.164056875365725;2.7113685177822395;3.5979394543684227;195.0;65.0;3;False;1976 - 80;1976_1990;1;2;air-source;False;12.0;single family house;2022-01-06;False;False;;;False;False;False;floor_only;195.0;True;True;1365;3.6950818920210224;1327.6201590785058;-0.3540767887325287;-11.550582487315465;19.61773224459405;18.7340427882297;-4.504544385388179;False
865116;259;155;104;12.080520325977677;3.023021114632009;1.590243830787309;467;170;297;13.435883612337236;3.008088892181408;4.4196453154579025;200.0;100.0;2;False;1981 - 85;1976_1990;0;2;air-source;True;9.0;single family house;2022-10-04;True;True;;True;False;False;True;floor_only;200.0;True;True;726;3.410258284425281;2696.5443383750817;-0.014932222450600996;-0.49395031937839073;23.865451214710884;25.162602797307024;5.435269465161269;True
868122;724;273;451;11.321231054210322;3.5448571807306126;4.260259268155977;813;335;478;9.866049382555216;3.4378002335052615;3.896405511881206;280.0;140.0;2;False;1986 - 90;1976_1990;0;1;air-source;False;14.0;single family house;2021-12-07;False;False;;False;False;False;False;both;280.0;True;True;1537;4.067797912364572;2957.9766642520676;-0.10705694722535108;-3.0200637646926616;25.140485138522358;23.26795318171613;-7.448272960878456;False
881223;406;142;264;18.1378151443478;6.601855225156418;4.825261815520811;800;338;462;13.7840112652644;7.199930321790248;3.8254121920289856;240.0;120.0;1;True;1976 - 80;1976_1990;1;2;air-source;True;17.0;single family house;2021-12-14;False;True;;True;False;True;True;radiator_only;240.0;True;True;1206;4.162011650683779;3339.7250567163915;0.5980750966338295;9.059197395829885;43.8744556161301;41.8521848004405;-4.609221441704065;True
901187;1001;483;518;14.910676199999624;3.629681899176809;3.2603320302885517;447;166;281;15.036170344841953;5.057487770850888;4.229759102551633;180.0;120.0;1;True;< 1975;pre1975;0;2;air-source;False;12.2;single family house;2022-12-08;False;True;;;False;True;False;radiator_only;180.0;True;True;1448;3.5595957742813673;4376.122180097929;1.427805871674079;39.336942226201614;29.060610556343555;34.75225620398635;19.58543037699661;False
971071;798;306;492;22.536153813567168;3.1970656138322995;4.360226871526643;768;334;434;19.15636280067619;3.3717487409083353;3.574558612620773;250.0;150.0;1;True;1981 - 85;1976_1990;1;2;air-source;False;8.14;single family house;2022-01-20;False;True;;True;False;False;True;floor_only;250.0;True;True;1566;3.9749183001092048;1685.7205499675651;0.17468312707603584;5.463858055344834;34.99957893600317;32.30077178063628;-7.710970352819567;True
991118;1063;454;609;26.738016489333788;6.171062807113434;3.8753127189932783;506;186;320;26.41354872871882;6.13617854576749;4.21491693876382;234.5;93.0;2;True;1981 - 85;1976_1990;0;2;ground-source;True;26.0;single family house;2022-10-10;False;False;;False;False;;True;floor_only;217.0;True;True;1569;3.9848345387535673;2580.6972841453385;-0.03488426134594391;-0.5652877378874275;50.79525788267305;50.33479748638756;-0.906502723835093;True
1019970;640;254;386;17.213817719077213;0.7427511339110973;4.3861146852355075;721;334;387;13.47851447546233;1.0186874117238165;3.229869645621018;170.0;70.0;2;True;> 2010;post2010;0;4;ground-source;False;5.69;single family house;2022-03-09;False;True;;True;False;False;True;floor_only;170.0;True;True;1361;3.7735851675558254;-69.30204354146599;0.27593627781271923;37.1505697150167;20.10935514628967;17.449760553195752;-13.225658275693803;True
1037311;423;138;285;7.475179536022317;1.074055248780375;5.092341761743241;740;334;406;7.464050099098875;0.9283815340550223;3.4945644339992166;180.0;60.0;3;False;1976 - 80;1976_1990;2;3;ground-source;False;4.0;single family house;2022-01-14;False;True;;False;True;False;False;floor_only;180.0;True;True;1163;4.0756992660161755;946.8188737652681;-0.14567371472535262;-13.562962882102193;11.662271321882596;11.083248180203375;-4.964926005389413;False
1037610;437;148;289;37.83064529148812;0.9242089145315585;4.569481593871258;803;340;463;48.077317173298674;1.440142624900992;3.7943499648058907;222.0;90.0;2;True;> 2010;post2010;0;5;ground-source;False;7.56;single family house;2021-12-17;False;True;;True;False;False;True;floor_only;222.0;True;True;1240;4.067521353436185;-88.30077789762981;0.5159337103694336;55.824359866831415;41.43357685282834;53.6915622151971;29.584666093176093;True
1061168;405;138;267;19.57175260385318;0.3945342326300266;4.860422222222221;557;285;272;20.789565635026864;0.24913714664791567;2.8142657351755007;160.0;54.0;3;False;> 2010;post2010;0;2;ground-source;False;5.2;single family house;2022-02-11;False;True;;False;False;False;False;floor_only;160.0;True;True;962;3.67569336225858;-63.04656117427476;-0.14539708598211096;-36.852844178532074;21.109802947689513;21.760800682261817;3.0838645731818923;False
1071058;615;303;312;25.502449396026655;2.8215237388679832;3.0500060327559795;444;166;278;23.534259633684442;2.4757971966163335;4.197865925708317;250.0;110.0;2;True;> 2010;post2010;0;4;air-source;False;13.7;single family house;2022-12-11;False;False;oversized;True;True;False;True;floor_only;250.0;True;True;1059;3.531261738583022;-103.30232412271971;-0.3457265422516498;-12.2531856630899;36.501863889870506;33.185895447744784;-9.084381148673135;True
1081057;436;140;296;17.937583671781418;1.1455386474856684;5.260048065416832;763;339;424;17.118745261730847;0.9060535116599799;3.5009727239918704;200.0;80.0;3;False;> 2010;post2010;0;4;ground-source;False;7.5;single family house;2022-01-25;False;True;;True;False;True;True;floor_only;200.0;True;True;1199;4.140636484510039;-94.17391060237105;-0.23948513582568842;-20.905897531378102;22.403345993337307;20.65089988834737;-7.8222516650464105;True
1091217;599;301;298;12.736130467124166;2.160328941342134;3.060558346035663;439;171;268;12.245921282661714;1.916315388209871;4.048100013205242;150.0;65.0;2;True;2000 - 10;2001_2010;0;6;ground-source;False;5.7;single family house;2022-12-16;False;True;;False;;False;True;floor_only;150.0;True;True;1038;3.4782180684705812;266.19412378993775;-0.24401355313226292;-11.295203636010456;21.157946360972588;19.716475921450062;-6.812903364673547;True
1101758;769;297;472;12.182243069691102;1.8152949533138223;4.367623810331505;749;334;415;9.927084773028392;1.4832615140778025;3.4151181768928622;192.0;64.0;2;True;1976 - 80;1976_1990;2;2;ground-source;False;7.7;single family house;2022-02-09;False;True;;True;False;True;True;floor_only;192.0;True;True;1518;3.897645734280422;828.5265452624253;-0.3320334392360198;-18.290880973909637;19.25898013378989;15.709424283896324;-18.430653260116664;True
1111201;375;166;209;37.3075378056928;7.025631863079072;3.717665642512078;491;176;315;44.125523000212304;6.707040204844034;4.3142292718203015;250.0;125.0;1;True;< 1975;pre1975;0;4;air-source;True;13.0;single family house;2022-10-25;True;True;;False;False;False;True;both;250.0;True;True;866;4.055902065133715;6290.299431954394;-0.31859165823503766;-4.5347046990789925;64.69622707263747;70.27221608795267;8.618723637554286;True
1148611;643;286;357;20.400436201504515;4.63552840277698;3.755915049473708;715;334;381;21.735296305967328;3.996999111855584;3.209112141481707;240.0;95.0;3;False;1991 - 95;1991_2000;0;3;ground-source;True;11.6;single family house;2022-03-15;True;True;;True;True;True;False;floor_only;240.0;True;True;1358;3.4680180839256365;2296.806041232276;-0.6385292909213955;-13.774681879607844;38.471557701473444;37.31717830723812;-3.000604766755021;False
1211151;448;195;253;19.30521737168102;3.504968358815124;3.6604172004399587;462;160;302;17.407260496345828;2.5613700160124444;4.716000972457494;245.0;173.0;1;True;< 1975;pre1975;1;4;ground-source;False;9.1;single family house;2022-11-23;True;True;;;False;True;False;both;245.0;True;True;910;4.196328961618092;3696.297600729672;-0.9435983428026797;-26.921736409673866;32.96896906560891;27.392492975562103;-16.914317456968423;False
1678757;680;289;391;11.497312179123517;1.6410214318096794;4.025562830349531;757;319;438;10.95815477856042;1.6821311809303137;3.820009275745218;200.0;100.0;2;False;1976 - 80;1976_1990;1;2;air-source;False;5.2;single family house;2022-01-20;False;True;;True;False;False;True;floor_only;200.0;True;True;1437;3.9172788770889433;1436.0289815648198;0.041109749120634254;2.5051317626790164;17.894662190078122;17.5157668366092;-2.117365220110195;True
2794690;417;141;276;12.764883179825928;2.577123509880373;4.918859208285546;797;340;457;11.77047003374065;2.5896105536506053;3.7380861836961072;140.0;70.0;2;False;1976 - 80;1976_1990;1;6;air-source;False;5.0;single family house;2021-12-22;False;True;;False;True;False;False;floor_only;140.0;True;True;1214;4.143672963971062;1185.8276205014113;0.012487043770232464;0.4845341607555355;22.811529003325845;21.865795288265545;-4.145858503927618;False
4710670;356;137;219;32.528429014669555;4.269505288755653;4.247934640123759;798;331;467;10.533179978448644;5.3350413058092645;4.018836902037703;300.0;150.0;1;True;< 1975;pre1975;0;2;air-source;False;10.0;single family house;2021-11-30;True;True;;True;False;False;True;both;300.0;True;True;1154;4.089511767513124;5230.315141599188;1.0655360170536117;24.95689652522159;49.172647777657325;31.331279195546788;-36.28311548888599;True
5831058;719;308;411;10.261240793515789;3.827122490962276;3.666723095684424;399;157;242;9.142663979956122;3.7092399195980166;4.065453397987723;160.0;100.0;1;True;< 1975;pre1975;1;4;air-source;False;12.0;single family house;2023-01-12;False;True;;False;False;False;False;radiator_only;160.0;True;True;1118;3.8090248762023284;3227.2791912211505;-0.11788257136425928;-3.0801880954330096;25.180876597712675;23.602746938230176;-6.2671752246538155;False
6773102;641;305;336;25.19439721847359;3.0305229009309738;3.3763250016957196;797;340;457;26.138252772177786;2.7146707135517443;3.793470959940356;200.0;100.0;2;False;< 1975;pre1975;2;4;ground-source;False;13.7;single family house;2021-11-29;False;False;;True;True;True;True;radiator_only;200.0;True;True;1438;3.6075248130454938;2647.3255328656824;-0.3158521873792295;-10.4223659647053;37.0085730346231;36.72111194905448;-0.7767418789686477;True
6808461;356;137;219;11.352348531191385;1.314234666247016;4.248086793681811;821;335;486;10.607252733998994;1.4107760111828929;3.950642729792229;207.0;69.0;3;False;> 2010;post2010;0;4;ground-source;False;5.76;single family house;2021-11-29;False;True;;False;False;True;False;floor_only;207.0;True;True;1177;4.04060881878517;-83.5655875630282;0.09654134493587696;7.345822433033555;16.475754596181375;16.107015111046422;-2.2380734246941016;False
6810910;413;114;299;17.4566356139895;3.5902157237739987;5.952542478155596;825;277;548;14.569769185878492;2.9087801638243227;5.723695740008783;160.0;60.0;3;False;1976 - 80;1976_1990;2;2;air-source;False;16.0;single family house;2021-11-17;False;True;;True;False;False;True;both;160.0;True;True;1238;5.8000396033808626;2142.528188237068;-0.681435559949676;-18.980351387725463;31.452715223069664;25.909343704649444;-17.62446096976173;True
6885841;565;261;304;13.11033292341652;1.8733980305247373;3.7485193920738746;723;340;383;12.347790786196144;1.5924056227660945;3.3702058853007797;170.0;75.0;3;False;> 2010;post2010;0;4;air-source;False;7.0;single family house;2021-12-20;False;True;;True;True;False;True;floor_only;170.0;True;True;1288;3.5361586270141325;-93.67949813088171;-0.28099240775864276;-14.999076714089263;20.413578742627564;18.55561716236521;-9.101596558287774;True
7048688;464;145;319;15.567125564292148;1.6436783561799568;4.786424350324838;517;193;324;4.558554409945785;1.600391888672972;4.127623412665041;135.0;45.0;3;False;1986 - 90;1976_1990;2;4;ground-source;False;9.0;single family house;2022-03-24;True;False;oversized;False;False;True;False;floor_only;135.0;True;True;981;4.43922752589047;834.4063934135479;-0.04328646750698484;-2.633512045969026;21.97483331635837;10.797514406490851;-50.86418062405492;False
7069411;564;288;276;15.286217494693942;4.0176130092854345;3.274681519169493;433;166;267;18.159474026586764;3.317407924298378;4.004884459617767;190.0;90.0;2;True;1995 - 00;1991_2000;0;4;air-source;False;12.0;single family house;2022-12-22;False;False;oversized;False;;True;True;floor_only;190.0;True;True;997;3.5918107801665866;888.563074083143;-0.7002050849870565;-17.42838554556537;30.94846061398087;31.092041029960583;0.4639339506109423;True
7086681;579;280;299;17.092820062082538;3.406254674307103;3.359457510450302;817;335;482;16.4498334004288;3.0215454302087816;3.9245340854664468;180.0;90.0;2;False;2000 - 10;2001_2010;0;1;air-source;False;7.5;single family house;2021-12-03;False;True;;False;False;True;True;floor_only;180.0;True;True;1396;3.690164932934679;381.86382496500755;-0.3847092440983215;-11.294200841767026;30.37174680587413;28.229011488145453;-7.055028251829935;True
7211189;718;309;409;27.631478642286787;2.7071589833142347;3.6571479653627224;414;170;244;29.021602417262336;2.8893239334533387;3.9436173247917106;202.0;101.0;2;False;< 1975;pre1975;2;5;air-source;False;10.0;single family house;2023-01-10;False;True;;False;False;;False;floor_only;202.0;True;True;1132;3.761916794694526;2355.4588488332292;0.18216495013910405;6.729008206089504;38.185054126345264;40.28532886167896;5.500253393341774;False
7374981;374;113;261;17.313711073319787;2.829602865955303;6.288793788266294;785;277;508;6.745316024163053;3.368426054354562;5.372074079202438;200.0;100.0;2;False;> 2010;post2010;0;5;air-source;False;10.4;single family house;2022-01-04;True;True;;False;False;False;True;floor_only;200.0;True;True;1159;5.667892173412862;-139.80445840312223;0.5388231883992591;19.042360851488144;28.34462119711624;19.87677185893616;-29.874625168889516;True
7411010;795;306;489;14.520911331067738;2.8411373130464064;4.399049530580622;758;334;424;13.82009426681017;2.1652578653376717;3.4735633436579865;260.0;90.0;3;True;> 2010;post2010;0;4;air-source;False;14.7;single family house;2022-01-31;False;False;oversized;False;False;False;True;floor_only;260.0;True;True;1553;3.947331224278395;-131.31038943439034;-0.6758794477087346;-23.789045485591952;25.59678728760365;22.26112505411801;-13.031566016494098;True
7411491;688;307;381;13.279457812127703;2.0902172562316377;3.5102636712167175;444;171;273;12.51421106156944;2.0487673409528604;4.1627516647081855;180.0;70.0;3;False;1991 - 95;1991_2000;0;4;air-source;False;;single family house;2022-12-11;False;True;;;;False;;floor_only;180.0;True;True;1132;3.7661865237875762;924.9244440745952;-0.04144991527877728;-1.9830433968144319;21.427950651922494;20.501115752164786;-4.325354835902393;
7710511;483;151;332;34.611223518061315;6.740430418582503;4.884799051819845;754;339;415;30.045642498743245;7.011514976528458;3.373219832391497;200.0;90.0;2;True;< 1975;pre1975;1;3;air-source;False;19.6;single family house;2022-02-04;False;True;;True;False;True;True;radiator_only;200.0;True;True;1237;3.9634322519419354;4209.28919034353;0.2710845579459553;4.021769250797544;60.888084853507024;57.37929856345262;-5.762681316872301;True
7771161;438;206;232;48.054221736726845;7.335365331443973;3.206220203825028;449;162;287;41.14077377767082;6.437510029610855;4.4418969691101;240.0;90.0;3;False;< 1975;pre1975;1;3;air-source;False;23.7;single family house;2022-11-26;False;False;oversized;False;True;False;False;radiator_only;240.0;True;True;887;3.8317206182703463;4472.0485452660905;-0.8978553018331183;-12.240089774184087;76.65037445833954;66.23673173419535;-13.58589934848152;False
7984107;475;227;248;22.79677485793514;2.151712594868205;4.236754385964912;237;87;150;19.919416553797788;2.704710722349729;5.1420323488045;120.0;60.0;1;True;< 1975;pre1975;0;2;air-source;False;8.0;single family house;2023-02-14;False;True;;False;False;True;False;both;120.0;True;True;712;4.538089887640449;3303.2557420606104;0.5529981274815237;25.700371360023357;31.18500082837312;30.463447749156252;-2.313782459676498;False
8010411;356;143;213;18.210181025833155;4.270396933878879;4.206204893339847;770;339;431;13.748489729077585;4.464738833943684;3.51395487483531;375.0;150.0;3;False;> 2010;post2010;0;5;air-source;False;19.9;single family house;2021-12-03;False;False;;False;False;False;True;floor_only;375.0;True;True;1126;3.732819001467295;-156.42930509556118;0.19434190006480545;4.550909507334279;34.857875773855774;31.15380600013995;-10.626206248901608;True
8399121;214;88;126;20.975242054931456;1.7845714030146025;5.17936137071651;264;114;150;18.53753333244986;2.0415561334906203;4.616142676767677;168.0;84.0;2;False;2000 - 10;2001_2010;0;4;air-source;True;8.0;single family house;2022-08-09;False;True;;False;False;True;True;floor_only;168.0;True;True;478;4.868294979079498;2335.7860011204175;0.2569847304760178;14.40036134401258;27.932206579175887;26.496325886760257;-5.140591697779124;True
9776611;485;149;336;14.87511078451854;1.8517265344172595;5.101393724787091;761;339;422;16.466748172310623;1.557632694731038;3.474108219543316;180.0;90.0;2;False;> 2010;post2010;0;3;air-source;False;7.0;single family house;2022-01-28;False;True;;True;True;False;True;floor_only;180.0;True;True;1246;4.107521919417498;-94.09560366830874;-0.2940938396862216;-15.882142110080702;22.093872548144958;22.539015934049722;2.0147820846469897;True
9889114;662;310;352;20.10444916805149;4.967356424312776;3.4178597464862737;212;131;81;21.793880413697664;4.611011281059842;1.9575488788624555;200.0;80.0;3;False;< 1975;pre1975;2;4;air-source;False;19.6;single family house;2023-02-09;False;True;;False;False;False;False;radiator_only;200.0;True;True;874;3.063642465094684;2940.288387589183;-0.3563451432529341;-7.173738157962639;39.469167421882474;39.76942448497162;0.7607382742071219;False
9889190;382;138;244;8.881198212736857;1.9341854928152662;4.454074341755824;776;292;484;11.087286169254162;1.932017606702348;4.175765912147019;200.0;80.0;3;True;< 1975;pre1975;2;4;ground-source;False;7.7;single family house;2021-11-19;False;True;;True;True;False;True;radiator_only;200.0;True;True;1158;4.267574046957523;3869.5598832392607;-0.0021678861129181826;-0.11208263741874921;16.421417580868205;18.61905426065055;13.382746458763128;True
