Household_ID;area_m2;footprint_m2;n_storeys_above;heated_basement;era_raw;era;renovation_count;residents;hp_type;dhw_electric;dhw_known;installed_kw;hp_install_year;building_type;visit_date;pv;label_correctly_planned;label_sizing_direction;label_curve_too_high;label_limit_too_high;label_night_setback;label_curve_changed;emitter;storey_sum_m2;storey_reconciles;geometry_complete;n_days;n_warm;n_cold;hdd_per_day;kwh_per_day;Weather_ID;hdd_normal_per_day;hdd_normal_se_rel;normal_years;house;heat_pump;total;house_lo;house_hi;heat_pump_lo;heat_pump_hi;total_lo;total_hi;unit_recommendation;unit_age_years;visit_status
120701;236.0;110.0;2;True;1986 - 90;1976_1990;0;2;ground-source;False;True;10.88;2007.0;single family house;2016-10-13;False;True;;True;False;True;True;floor_only;236.0;True;True;576;254;322;3.52981418578905;25.68823263888889;Hg;3.7172538605042673;0.0465927316569888;5;1365.4749017527438;222.1969150228631;1587.6718167756076;1101.3117410017844;2092.7784204143354;161.12955515322363;261.4013538146512;1288.3788861559192;2347.4133663562725;KEEP_IN_LIFE;17.0;USES_LESS_THAN_MODELLED
706646;160.0;100.0;3;False;2000 - 10;2001_2010;0;4;air-source;True;True;6.1;;single family house;2018-08-20;;True;;;False;False;;floor_only;160.0;True;True;939;402;537;3.790436125387785;24.291996805111822;8jB;3.723456018059466;0.04687251745696425;5;2938.5632969287226;0.0;2938.5632969287217;2657.879413600001;3553.544515497276;7.764295944105635;443.90290860807403;2731.4702643899022;3868.7024639846927;RECORD_INSTALL_YEAR;;INCONCLUSIVE
1078861;160.0;70.0;1;True;< 1975;pre1975;0;2;ground-source;False;True;10.0;;single family house;2018-10-17;True;True;;True;True;False;True;radiator_only;160.0;True;True;393;317;76;0.5341745952723385;20.22842748091603;8jB;3.723456018059466;0.04687251745696425;5;1424.1728301888954;0.0;1424.1728301888957;1285.6213960252785;2059.354059624181;5.63415242403538;310.24516332336066;1294.3770312730308;2356.9566749184087;RECORD_INSTALL_YEAR;;INCONCLUSIVE
190821;155.0;45.0;3;True;> 2010;post2010;0;4;ground-source;False;True;;;single family house;2018-12-05;True;True;;True;False;True;True;floor_only;155.0;True;True;1292;522;770;3.9551401545744156;13.514768575851392;Hg;3.7172538605042673;0.0465927316569888;5;41.08652062602541;0.0;41.086520626025504;-93.32957201387454;209.69520494387194;5.978987736361455;288.7656759027591;-25.596578099985685;392.4794062706963;RECORD_INSTALL_YEAR;;INCONCLUSIVE
105898;160.0;80.0;2;False;1981 - 85;1976_1990;1;2;air-source;False;True;10.0;;single family house;2018-12-14;;True;;False;False;True;True;floor_only;160.0;True;True;789;334;455;3.7449600944141364;39.92827249683143;Hg;3.7172538605042673;0.0465927316569888;5;851.0364379923977;0.0;851.0364379923981;247.9839861417035;1791.1118996480386;4.311405782310413;339.19871982126335;352.8265819472159;2028.0251997307585;RECORD_INSTALL_YEAR;;INCONCLUSIVE
1178890;210.0;100.0;2;True;2000 - 10;2001_2010;0;1;air-source;False;True;12.0;2009.0;single family house;2019-01-14;;True;;False;False;False;;floor_only;210.0;True;True;180;68;112;3.9353222222222226;26.44027222222222;Hg;3.7172538605042673;0.0465927316569888;5;476.05965994593146;207.01443010287755;683.0740900488081;306.57998874538464;716.9941861295056;125.08004087745152;228.75967541024212;457.9391055397145;903.6779521216605;PLAN_REPLACEMENT;15.0;INCONCLUSIVE
731201;255.0;120.0;2;True;1976 - 80;1976_1990;2;3;air-source;False;True;10.78;;single family house;2019-02-07;;True;;True;False;True;;both;255.0;True;True;539;202;337;5.612336116264688;63.08366975881261;MqO;5.348647862061662;0.04171850662481971;5;2502.4383697753956;0.0;2502.4383697753947;1142.7604473255437;4891.037780005453;11.288799062498606;873.5607414104888;1347.4609706853514;5535.756567460537;RECORD_INSTALL_YEAR;;INCONCLUSIVE
1228011;120.0;60.0;2;False;2000 - 10;2001_2010;0;3;air-source;True;True;10.0;;single family house;2019-04-01;False;True;;True;False;False;;floor_only;120.0;True;True;678;336;342;3.1753181993074255;21.941836283185843;8jB;3.723456018059466;0.04687251745696425;5;2102.6505649465007;0.0;2102.650564946501;1879.1501738599861;2596.849853892809;6.930027843092179;277.793866506857;1914.287113088102;2778.0650143585813;RECORD_INSTALL_YEAR;;INCONCLUSIVE
114117;260.0;100.0;3;False;1991 - 95;1991_2000;0;2;air-source;True;True;24.0;;single family house;2019-04-04;;True;;False;True;True;True;floor_only;260.0;True;True;340;168;172;3.053833546462063;61.47519117647058;8jB;3.723456018059466;0.04687251745696425;5;1713.7275826430077;0.0;1713.7275826430073;1484.4124693513431;2171.7958049313656;15.277885595231636;525.1903397510978;1580.3423272406892;2566.43015995787;RECORD_INSTALL_YEAR;;SLOPE_EXCESS
8627071;250.0;150.0;2;False;2000 - 10;2001_2010;0;3;ground-source;True;True;16.2;;other;2019-05-02;;True;;False;True;True;False;both;250.0;True;True;270;136;134;3.314391975308642;81.64951851851852;z6I;3.628140633646451;0.04633524719698416;5;2570.0517119740775;0.0;2570.051711974078;2255.923232341313;3094.075363963825;3.585275003560322;475.386473751249;2308.943611087916;3425.21939007064;RECORD_INSTALL_YEAR;;INCONCLUSIVE
867211;245.0;150.0;2;True;1991 - 95;1991_2000;0;2;ground-source;True;True;10.6;;single family house;2019-05-21;;True;;True;False;False;True;both;245.0;True;True;718;339;379;3.190704069274555;14.443988857938718;8jB;3.723456018059466;0.04687251745696425;5;1988.4395262231892;0.0;1988.4395262231888;1747.0768179920958;2469.3602361653734;8.758657507867042;504.3316253658995;1825.7048704017438;2759.850956998995;RECORD_INSTALL_YEAR;;USES_LESS_THAN_MODELLED
1114677;220.0;140.0;2;False;> 2010;post2010;0;3;air-source;True;True;11.3;;single family house;2019-05-28;;True;;False;False;True;True;floor_only;220.0;True;True;500;126;374;6.703276086956522;60.0459;MqO;5.348647862061662;0.04171850662481971;5;1969.3173530382753;0.0;1969.3173530382755;1657.2930266666015;2498.2522722416998;13.841505710125837;713.040187182013;1838.8450989501926;2930.0767386120488;RECORD_INSTALL_YEAR;;SLOPE_EXCESS
611797;275.0;100.0;2;True;1976 - 80;1976_1990;2;2;air-source;True;True;35.0;;single family house;2019-05-28;;False;oversized;False;True;False;;floor_only;275.0;True;True;1130;480;650;3.7071054828780303;33.10231592920354;z6I;3.628140633646451;0.04633524719698416;5;2338.7268594783054;0.0;2338.726859478306;1609.6466004104138;3702.4984080179856;13.907698639720383;506.08709786357997;1699.237965238143;4157.942430675915;RECORD_INSTALL_YEAR;;SLOPE_EXCESS
1137376;200.0;150.0;1;True;1981 - 85;1976_1990;0;5;ground-source;True;True;14.4;;single family house;2019-05-28;False;True;;;False;True;;floor_only;200.0;True;True;1678;793;885;3.471233024131558;41.426128724672225;8jB;3.723456018059466;0.04687251745696425;5;4440.431474426255;0.0;4440.431474426256;4106.927281858866;5611.542912039403;5.726599751056297;390.62250223548557;4206.821522977725;5891.531398085837;RECORD_INSTALL_YEAR;;INCONCLUSIVE
700831;450.0;300.0;2;False;1976 - 80;1976_1990;0;2;ground-source;True;True;22.9;;other;2019-07-22;;True;;False;False;True;True;both;450.0;True;True;836;348;488;3.998555786699951;76.82277751196172;ceOxS;3.7265776660533123;0.051319964738447375;5;4196.414858929824;0.0;4196.414858929824;3825.875874769395;5900.360741348946;9.195197623661663;933.4276007958423;4018.0645593434683;6668.738231323277;RECORD_INSTALL_YEAR;;INCONCLUSIVE
1191127;220.0;85.0;2;True;2000 - 10;2001_2010;0;3;ground-source;False;True;8.03;;single family house;2019-09-23;True;False;undersized;False;False;True;False;floor_only;220.0;True;True;296;154;142;3.053555743243243;35.360010135135134;z6I;3.628140633646451;0.04633524719698416;5;245.5731039525185;0.0;245.57310395251807;104.58553418944553;520.0956159677139;12.546379369592941;357.3075875951235;136.4596724412801;813.752096673644;RECORD_INSTALL_YEAR;;SLOPE_EXCESS
121798;207.0;60.0;2;True;1981 - 85;1976_1990;0;2;ground-source;True;True;10.4;;single family house;2019-10-07;;True;;False;True;True;False;both;207.0;True;True;424;166;258;4.00597084358764;28.344919811320754;Hg;3.7172538605042673;0.0465927316569888;5;2381.137573296326;0.0;2381.1375732963256;2252.740752521573;3121.2710533594586;5.637908127709544;355.325262057371;2303.082239644403;3391.2273775481312;RECORD_INSTALL_YEAR;;SLOPE_EXCESS
114671;260.0;130.0;2;False;< 1975;pre1975;1;4;ground-source;False;True;13.7;;single family house;2019-10-07;;True;;False;True;False;False;radiator_only;260.0;True;True;571;297;274;2.5519838066956013;35.04106479859895;z6I;3.628140633646451;0.04633524719698416;5;2213.3752313019313;0.0;2213.3752313019313;1691.794315623695;3305.3459149047476;9.30646158710107;503.9622177985645;1762.2007565405102;3713.822612868259;RECORD_INSTALL_YEAR;;INCONCLUSIVE
1121037;150.0;75.0;2;False;2000 - 10;2001_2010;0;4;ground-source;False;True;6.7;;single family house;2019-11-07;;True;;;False;False;;floor_only;150.0;True;True;683;336;347;3.165213380864473;39.68100585651538;8jB;3.723456018059466;0.04687251745696425;5;200.5613843150514;0.0;200.56138431505133;85.13990291495396;409.42754627520685;8.752227477944862;271.5085716125334;131.52154225464452;646.6217498510429;RECORD_INSTALL_YEAR;;SLOPE_EXCESS
9880798;150.0;50.0;3;False;1991 - 95;1991_2000;0;4;ground-source;True;True;;;single family house;2020-02-17;False;True;;True;False;False;True;floor_only;150.0;True;True;587;277;310;3.402035849196356;43.293468483816014;Hg;3.7172538605042673;0.0465927316569888;5;2859.135320742641;0.0;2859.135320742641;2534.02750287491;3393.6506003111435;5.942782971516143;247.35143121558735;2575.741910767046;3579.6890092375597;RECORD_INSTALL_YEAR;;SLOPE_EXCESS
680861;400.0;150.0;2;True;1991 - 95;1991_2000;0;2;ground-source;False;True;15.0;;single family house;2020-02-17;False;False;undersized;True;True;True;True;floor_only;400.0;True;True;543;241;302;3.917535871566979;63.00837569060774;Hg;3.7172538605042673;0.0465927316569888;5;371.41802045974447;0.0;371.41802045974464;177.09579411784878;844.6096406470003;8.640084809257765;620.8316321146;256.78270049649205;1415.539909545759;RECORD_INSTALL_YEAR;;SLOPE_EXCESS
468185;300.0;160.0;1;True;1976 - 80;1976_1990;1;2;ground-source;True;True;11.67;;single family house;2020-02-25;False;True;;True;True;;;both;300.0;True;True;1555;639;916;3.939773027634093;21.815538263665594;Hg;3.7172538605042673;0.0465927316569888;5;2446.2384143806917;0.0;2446.238414380691;1711.771684396284;3655.5767397194977;8.742200730524587;511.3721618218482;1896.4111918951542;3939.1348090495017;RECORD_INSTALL_YEAR;;INCONCLUSIVE
781007;200.0;100.0;2;False;1986 - 90;1976_1990;0;2;ground-source;False;True;;;single family house;2020-02-28;False;True;;False;False;False;;floor_only;200.0;True;True;1552;631;921;3.981930020170327;19.654122422680413;Hg;3.7172538605042673;0.0465927316569888;5;967.0396789113842;0.0;967.0396789113843;824.5125754702278;1590.303380870303;4.989853576442986;331.94000803959847;898.6929742460333;1866.5228045797119;RECORD_INSTALL_YEAR;;USES_LESS_THAN_MODELLED
761079;250.0;100.0;3;False;1976 - 80;1976_1990;0;2;ground-source;False;True;;;single family house;2020-02-28;False;True;;True;False;True;;radiator_only;250.0;True;True;1377;581;796;3.765477061033753;28.907378358750908;Hg;3.7172538605042673;0.0465927316569888;5;2076.1892020687837;0.0;2076.1892020687833;1729.893393559849;2813.848735720604;11.63794559700869;496.8920466997362;1797.8391966804966;3206.9468375660313;RECORD_INSTALL_YEAR;;INCONCLUSIVE
461089;235.0;110.0;2;True;1976 - 80;1976_1990;0;2;ground-source;False;True;9.74;;single family house;2020-03-09;False;True;;True;;;True;floor_only;235.0;True;True;1426;625;801;3.6829631075065556;21.8788618513324;Hg;3.7172538605042673;0.0465927316569888;5;1184.170178686685;0.0;1184.1701786866852;1029.3486076951256;2049.4224744114586;4.726877529766864;416.74426440087893;1118.9855165996128;2383.363164738917;RECORD_INSTALL_YEAR;;USES_LESS_THAN_MODELLED
114109;200.0;100.0;2;False;1976 - 80;1976_1990;0;1;ground-source;False;True;10.4;;single family house;2020-05-07;False;True;;False;False;False;;radiator_only;200.0;True;True;1442;635;807;3.640544423003478;36.44107420249654;Hg;3.7172538605042673;0.0465927316569888;5;1608.0477357435682;0.0;1608.0477357435675;1377.2232414901443;2280.266687579396;9.445745017173452;413.7073001112501;1465.6664214580142;2696.3896500260325;RECORD_INSTALL_YEAR;;INCONCLUSIVE
107114;185.0;85.0;2;True;1976 - 80;1976_1990;1;2;ground-source;False;True;5.06;;single family house;2020-05-07;False;True;;False;True;False;;floor_only;185.0;True;True;1415;625;790;3.646595580478312;31.32114982332156;Hg;3.7172538605042673;0.0465927316569888;5;663.9570894386036;0.0;663.9570894386038;173.09097040789723;1675.6640112137973;4.315869723456608;338.1878687219661;302.4828152189444;1953.7446643821838;RECORD_INSTALL_YEAR;;INCONCLUSIVE
671048;240.0;80.0;3;False;2000 - 10;2001_2010;0;2;air-source;True;True;;;single family house;2020-05-25;;True;;False;False;False;;floor_only;240.0;True;True;712;334;378;3.208740891141508;21.365245786516855;Hg;3.7172538605042673;0.0465927316569888;5;1646.8007774397552;0.0;1646.8007774397552;1451.07794968913;2086.5397533310315;8.104217237545429;496.01484004000844;1538.9780108562165;2502.89924126423;RECORD_INSTALL_YEAR;;SLOPE_EXCESS
109711;160.0;160.0;1;False;1995 - 00;1991_2000;2;2;ground-source;True;True;;;single family house;2020-06-23;True;True;;;False;False;;floor_only;160.0;True;True;712;339;373;3.184779524914509;17.571543539325845;8jB;3.723456018059466;0.04687251745696425;5;1498.2971578044585;0.0;1498.297157804458;1225.643599065014;1980.2649445937868;7.689138509541257;338.4921486253895;1321.5895940280395;2184.244023152446;RECORD_INSTALL_YEAR;;INCONCLUSIVE
7610179;280.0;140.0;2;False;1995 - 00;1991_2000;3;4;air-source;True;True;;;multi family house;2020-07-08;;True;;False;False;False;True;both;280.0;True;True;1135;390;745;5.440884313349933;33.40373127753304;MqO;5.348647862061662;0.04171850662481971;5;3399.645257680236;0.0;3399.645257680235;2817.0883851827684;4468.925201120738;17.034174035528753;825.355493597319;3030.175441334641;4865.336677761024;RECORD_INSTALL_YEAR;;INCONCLUSIVE
6569121;150.0;65.0;2;True;2000 - 10;2001_2010;0;3;air-source;True;True;;;single family house;2020-07-09;;True;;False;False;False;True;floor_only;150.0;True;True;719;277;442;4.701064884803773;25.887867872044506;MqO;5.348647862061662;0.04171850662481971;5;2304.227057737352;0.0;2304.2270577373515;2040.3572538660733;2876.246340670195;15.21309187266692;469.94013499495475;2141.0662834891855;3207.1145973072967;RECORD_INSTALL_YEAR;;INCONCLUSIVE
5011111;286.0;117.0;2;True;< 1975;pre1975;0;5;air-source;False;True;;;single family house;2020-07-09;;True;;;False;False;;both;286.0;True;True;1150;390;760;5.584448865784499;52.57780521739131;MqO;5.348647862061662;0.04171850662481971;5;4788.432001614996;0.0;4788.432001614997;4662.908055836401;7100.989380790265;16.664759226271922;902.9501323059077;4749.513486880775;7724.686239968933;RECORD_INSTALL_YEAR;;USES_LESS_THAN_MODELLED
5661171;250.0;240.0;2;False;2000 - 10;2001_2010;0;4;ground-source;False;True;14.4;;single family house;2020-07-13;;True;;False;True;False;;floor_only;250.0;True;True;561;252;309;3.6620680849414864;50.21064349376114;HbsbG;3.836171410969115;0.05924504642571616;3;479.1417363114743;0.0;479.1417363114747;213.4312687411382;1036.9720230448352;8.202387316257585;608.957781707965;291.5990448449925;1556.3351773361953;RECORD_INSTALL_YEAR;;SLOPE_EXCESS
110119;130.0;65.0;2;False;2000 - 10;2001_2010;0;2;air-source;True;True;7.2;;single family house;2020-07-13;;True;;False;True;True;;floor_only;130.0;True;True;719;339;380;3.147466741246901;19.404724617524337;z6I;3.628140633646451;0.04633524719698416;5;1497.842662559841;0.0;1497.8426625598408;1318.2269454494087;1865.4681331374793;5.8916655687616295;276.0304368291096;1409.779874205146;2048.4394262714745;RECORD_INSTALL_YEAR;;INCONCLUSIVE
102766;216.0;144.0;2;True;2000 - 10;2001_2010;0;2;ground-source;True;True;10.0;;single family house;2020-07-16;;True;;False;False;False;True;floor_only;216.0;True;True;719;277;442;4.701064884803773;42.48199443671766;MqO;5.348647862061662;0.04171850662481971;5;1847.2776847001337;0.0;1847.2776847001337;1544.4999558227778;2380.312345393297;25.45029509503192;639.9031826537037;1709.3061949891414;2901.2467869158677;RECORD_INSTALL_YEAR;;SLOPE_EXCESS
105900;240.0;120.0;2;False;2000 - 10;2001_2010;0;5;air-source;True;True;11.6;;single family house;2020-08-07;False;True;;True;False;True;;floor_only;240.0;True;True;537;202;335;5.580197082557418;38.21156052141527;MqO;5.348647862061662;0.04171850662481971;5;3679.349586275596;0.0;3679.349586275597;3257.5506226464845;4645.418520171335;8.732166737811003;695.4183494418647;3416.9565531413245;5056.337751008601;RECORD_INSTALL_YEAR;;SLOPE_EXCESS
826780;150.0;75.0;2;False;< 1975;pre1975;2;4;ground-source;False;True;;;single family house;2020-08-25;True;True;;;;;;radiator_only;150.0;True;True;842;335;507;4.069792376673895;13.34161401425178;Hg;3.7172538605042673;0.0465927316569888;5;1179.8895622020916;0.0;1179.8895622020918;461.93391468604153;2189.5182728484597;7.402639858038125;315.21696582024407;508.8629296966678;2411.296004292391;RECORD_INSTALL_YEAR;;INCONCLUSIVE
698310;200.0;80.0;3;False;< 1975;pre1975;3;5;air-source;False;True;11.6;;single family house;2020-09-21;True;True;;False;False;False;True;both;200.0;True;True;503;210;293;3.574444694153917;25.177097415506957;Hg;3.7172538605042673;0.0465927316569888;5;1880.0570197726386;0.0;1880.0570197726383;714.079815075682;3869.7292154212273;7.53610722978361;444.2712108399376;915.2815213354536;4216.864463730798;RECORD_INSTALL_YEAR;;INCONCLUSIVE
24611;160.0;80.0;2;False;< 1975;pre1975;1;1;air-source;False;True;9.95;2018.0;single family house;2020-11-02;;True;;True;False;False;;radiator_only;160.0;True;True;707;337;370;3.20565853883525;19.007152758132957;sV3mR;3.840567680106237;0.052694658373341974;4;2471.769946956918;0.0;2471.769946956918;1813.7543136306786;3392.634514172192;0.0;0.0;1813.7543136306783;3392.6345141721927;KEEP_IN_LIFE;6.0;SLOPE_EXCESS
6683113;160.0;80.0;2;False;< 1975;pre1975;1;4;air-source;False;True;13.0;;single family house;2020-12-11;False;True;;False;False;False;True;radiator_only;160.0;True;True;322;170;152;2.9318234989648033;22.48769254658385;ceOxS;3.7265776660533123;0.051319964738447375;5;2398.406550069346;0.0;2398.406550069346;1924.4071089267213;3563.4967445876164;1.8835789048982616;450.6126530880298;2039.366145681088;3781.714407130996;RECORD_INSTALL_YEAR;;INCONCLUSIVE
896968;200.0;110.0;2;False;1976 - 80;1976_1990;1;2;air-source;False;True;8.14;;single family house;2021-01-25;True;True;;False;False;True;;floor_only;200.0;True;True;344;165;179;3.077478113414223;10.355299418604652;Hg;3.7172538605042673;0.0465927316569888;5;1063.9242632150783;0.0;1063.9242632150786;357.60364400792304;2280.4212742187815;10.80000423678398;415.36062748699794;516.1862883118;2511.0550354526986;RECORD_INSTALL_YEAR;;INCONCLUSIVE
9981041;410.0;120.0;3;True;2000 - 10;2001_2010;0;2;ground-source;False;True;13.2;;single family house;2021-03-17;True;True;;False;True;False;;floor_only;410.0;True;True;1168;483;685;3.859581931209053;26.863366438356163;z6I;3.628140633646451;0.04633524719698416;5;387.5635097040658;0.0;387.56350970406584;122.58844807038872;876.5747191325557;11.96767975000442;667.2293744410802;230.4916600086056;1426.3047297521457;RECORD_INSTALL_YEAR;;INCONCLUSIVE
111710;290.0;290.0;1;False;1991 - 95;1991_2000;0;3;ground-source;False;True;18.7;1992.0;single family house;2021-06-11;;True;;False;False;True;;floor_only;290.0;True;True;1134;389;745;5.445682271298214;38.87321781305115;MqO;5.348647862061662;0.04171850662481971;5;782.1807709016989;866.8828627324133;1649.0636336341117;292.46334659566577;1365.6760609762637;597.387215007631;987.0259763129218;1027.4395556272455;2269.36531915584;REPLACE_END_OF_LIFE;32.0;SLOPE_EXCESS
1027273;200.0;80.0;2;True;2000 - 10;2001_2010;0;4;air-source;True;True;10.6;;single family house;2021-06-15;;True;;;False;False;;floor_only;200.0;True;True;682;277;405;4.498153714565005;27.64955571847507;MqO;5.348647862061662;0.04171850662481971;5;2985.2645061596663;0.0;2985.264506159666;2607.1418875284876;3746.5876808065773;14.49292561398136;608.1779398761774;2704.3068469929635;4262.655798638212;RECORD_INSTALL_YEAR;;INCONCLUSIVE
6981151;240.0;70.0;3;True;< 1975;pre1975;1;2;air-source;False;True;25.8;;single family house;2021-09-09;False;False;oversized;True;True;False;True;floor_only;240.0;True;True;1059;478;581;3.45481657565929;57.521465533522196;z6I;3.628140633646451;0.04633524719698416;5;2023.3101487163958;0.0;2023.3101487163954;1601.3184566468192;3339.388545864751;24.15615974966775;457.4743730803326;1718.337778205614;3694.176233449646;RECORD_INSTALL_YEAR;;SLOPE_EXCESS
876511;500.0;250.0;2;False;1995 - 00;1991_2000;0;8;air-source;True;True;27.0;;other;2021-09-15;;True;;True;False;True;True;floor_only;500.0;True;True;412;199;213;3.7272330097087383;48.546786407766994;MqO;5.348647862061662;0.04171850662481971;5;5960.950890713317;0.0;5960.950890713319;5353.566722147686;7270.457281175012;22.86948564977251;1331.062894894112;5568.680224741837;8245.567432479154;RECORD_INSTALL_YEAR;;SLOPE_EXCESS
7412010;250.0;108.0;2;True;2000 - 10;2001_2010;0;5;air-source;False;True;10.0;;single family house;2021-09-21;;True;;False;False;False;False;floor_only;250.0;True;True;783;277;506;5.349812454883669;32.96525670498084;MqO;5.348647862061662;0.04171850662481971;5;655.746583055036;0.0;655.7465830550364;394.2848730341397;1160.4697669399209;6.265361052025556;719.074654907618;515.2266028483826;1679.5216982975055;RECORD_INSTALL_YEAR;;INCONCLUSIVE
6810910;160.0;60.0;3;False;1976 - 80;1976_1990;2;2;air-source;False;True;16.0;2019.0;single family house;2021-11-17;False;True;;True;False;False;True;both;160.0;True;True;1238;391;847;5.8000396033808626;33.75705896607431;MqO;5.348647862061662;0.04171850662481971;5;1778.8140314124416;0.0;1778.8140314124425;711.7507482856784;3081.763580582043;0.0;0.0;711.7507482856786;3081.763580582043;KEEP_IN_LIFE;5.0;INCONCLUSIVE
9889190;200.0;80.0;3;True;< 1975;pre1975;2;4;ground-source;False;True;7.7;2017.0;single family house;2021-11-19;False;True;;True;True;False;True;radiator_only;200.0;True;True;1158;430;728;4.267574046957523;18.607757340241797;Hg;3.7172538605042673;0.0465927316569888;5;1783.5631159225327;0.0;1783.5631159225322;694.3920089905465;3037.7811177990056;0.0;0.0;694.3920089905472;3037.7811177990056;KEEP_IN_LIFE;7.0;INCONCLUSIVE
6808461;207.0;69.0;3;False;> 2010;post2010;0;4;ground-source;False;True;5.76;2015.0;single family house;2021-11-29;False;True;;False;False;True;False;floor_only;207.0;True;True;1177;472;705;4.04060881878517;16.408966015293117;Hg;3.7172538605042673;0.0465927316569888;5;48.98594743390982;33.61950010405805;82.60544753796785;-112.29076785703181;224.91858949584366;23.91579474951197;38.46607621994838;-78.43368508624462;253.14565588241373;KEEP_IN_LIFE;9.0;INCONCLUSIVE
6773102;200.0;100.0;2;False;< 1975;pre1975;2;4;ground-source;False;True;13.7;2014.0;single family house;2021-11-29;False;False;;True;True;True;True;radiator_only;200.0;True;True;1438;645;793;3.6075248130454938;35.986128650904035;8jB;3.723456018059466;0.04687251745696425;5;1501.439367450573;64.73523156486874;1566.1745990154423;551.1584550193342;2391.6114309025184;43.71375829249293;67.34002006666044;596.3825152701683;2458.195834143948;KEEP_IN_LIFE;10.0;INCONCLUSIVE
4710670;300.0;150.0;1;True;< 1975;pre1975;0;2;air-source;False;True;10.0;2017.0;single family house;2021-11-30;True;True;;True;False;False;True;both;300.0;True;True;1154;468;686;4.089511767513124;37.73992027729636;Hg;3.7172538605042673;0.0465927316569888;5;3032.0159858000648;0.0;3032.0159858000634;2780.2475762079457;4115.657968660255;0.0;0.0;2780.2475762079457;4115.657968660256;KEEP_IN_LIFE;7.0;INCONCLUSIVE
716869;155.0;70.0;3;False;1981 - 85;1976_1990;1;2;air-source;False;True;8.5;2011.0;single family house;2021-12-02;False;True;;True;False;False;True;floor_only;155.0;True;True;1166;479;687;4.018784491759266;17.04317409948542;sV3mR;3.840567680106237;0.052694658373341974;4;1133.645785724607;130.84307925252162;1264.4888649771297;312.0168160538834;2118.336826387487;77.19404825541366;141.07885902393636;438.5236741441856;2221.6891458968585;PLAN_REPLACEMENT;13.0;INCONCLUSIVE
115508;170.0;110.0;1;True;< 1975;pre1975;1;2;ground-source;False;True;9.6;2018.0;single family house;2021-12-03;False;True;;True;True;True;True;both;170.0;True;True;1217;477;740;4.068528187631738;25.80907148726376;HbsbG;3.836171410969115;0.05924504642571616;3;1413.0803848069793;0.0;1413.080384806979;1076.8322026533685;2248.1025356212954;0.0;0.0;1076.8322026533685;2248.1025356212954;KEEP_IN_LIFE;6.0;INCONCLUSIVE
781099;150.0;75.0;2;False;1981 - 85;1976_1990;0;2;ground-source;False;True;7.38;2009.0;single family house;2021-12-03;False;True;;True;False;True;True;both;150.0;True;True;1454;608;846;3.983574447301796;25.019319807427784;wDD;4.052917477628678;0.044375743700003904;5;1245.9441335864544;140.55723990561418;1386.501373492069;1039.6028346497267;1626.2695494618044;98.18022423035717;152.26429735826488;1149.8746014083147;1767.900004185173;KEEP_IN_LIFE;15.0;INCONCLUSIVE
105768;294.0;164.0;2;False;< 1975;pre1975;2;1;ground-source;False;True;17.8;2017.0;single family house;2021-12-03;True;False;;True;True;True;True;radiator_only;294.0;True;True;1158;474;684;3.819199262846987;20.966550949913643;Hg;3.7172538605042673;0.0465927316569888;5;2081.242053442087;0.0;2081.2420534420876;688.423535284417;3404.7361683822655;0.0;0.0;688.4235352844167;3404.7361683822646;KEEP_IN_LIFE;7.0;INCONCLUSIVE
8010411;375.0;150.0;3;False;> 2010;post2010;0;5;air-source;False;True;19.9;2018.0;single family house;2021-12-03;False;False;;False;False;False;True;floor_only;375.0;True;True;1126;482;644;3.732819001467295;31.566730017761987;z6I;3.628140633646451;0.04633524719698416;5;119.64576770314478;0.0;119.64576770314397;-77.9239294388715;324.70543990500795;0.0;0.0;-77.92392943887263;324.7054399050068;KEEP_IN_LIFE;6.0;SLOPE_EXCESS
7086681;180.0;90.0;2;False;2000 - 10;2001_2010;0;1;air-source;False;True;7.5;2010.0;single family house;2021-12-03;False;True;;False;False;True;True;floor_only;180.0;True;True;1396;615;781;3.690164932934679;28.402554441260744;Hg;3.7172538605042673;0.0465927316569888;5;380.4925682241936;147.9937728881361;528.4863411123297;209.3947733314519;576.4111276627361;85.3880489343448;153.94090991895953;319.99481075974893;720.9928072943623;PLAN_REPLACEMENT;14.0;SLOPE_EXCESS
868122;280.0;140.0;2;False;1986 - 90;1976_1990;0;1;air-source;False;True;14.0;2012.0;single family house;2021-12-07;False;False;;False;False;False;False;both;280.0;True;True;1537;608;929;4.067797912364572;24.75062589459987;Hg;3.7172538605042673;0.0465927316569888;5;2550.798670791075;166.77736049242907;2717.5760312835037;2145.477664616153;3382.998983267328;99.90803771588197;176.96895256323108;2268.764665240452;3544.278138210517;KEEP_IN_LIFE;12.0;USES_LESS_THAN_MODELLED
881223;240.0;120.0;1;True;1976 - 80;1976_1990;1;2;air-source;True;True;17.0;2009.0;single family house;2021-12-14;False;True;;True;False;True;True;radiator_only;240.0;True;True;1206;480;726;4.162011650683779;44.2443855721393;sV3mR;3.840567680106237;0.052694658373341974;4;3196.7904365404493;262.2093261588714;3458.9997626993204;2091.2157371421717;4643.893508293935;155.18837633780623;284.90534901151256;2330.3073110007813;4918.846026757631;PLAN_REPLACEMENT;15.0;SLOPE_EXCESS
118708;186.0;66.0;1;True;1991 - 95;1991_2000;0;2;ground-source;False;True;8.0;2012.0;single family house;2021-12-16;False;True;;False;False;False;;floor_only;156.0;False;False;1395;615;780;3.6916632590514777;23.895303225806448;Hg;3.7172538605042673;0.0465927316569888;5;165.10049268411308;64.06963930535134;229.1701319894646;36.24087679515765;341.8360927678216;47.40227349382711;74.29401087601413;95.27486602359387;403.9823822998322;KEEP_IN_LIFE;12.0;SLOPE_EXCESS
1037610;222.0;90.0;2;True;> 2010;post2010;0;5;ground-source;False;True;7.56;2019.0;single family house;2021-12-17;False;True;;True;False;False;True;floor_only;222.0;True;True;1240;488;752;4.067521353436185;49.493156451612904;8jB;3.723456018059466;0.04687251745696425;5;50.13727365856125;0.0;50.1372736585613;-135.27971656003973;247.21753394952137;0.0;0.0;-135.27971656004007;247.21753394952128;KEEP_IN_LIFE;5.0;INCONCLUSIVE
6885841;170.0;75.0;3;False;> 2010;post2010;0;4;air-source;False;True;7.0;2017.0;single family house;2021-12-20;False;True;;True;True;False;True;floor_only;170.0;True;True;1288;601;687;3.5361586270141325;18.775337732919255;8jB;3.723456018059466;0.04687251745696425;5;77.62311896757056;0.0;77.62311896757001;-43.330917156500504;199.58996127817264;0.0;0.0;-43.330917156500114;199.58996127817218;KEEP_IN_LIFE;7.0;INCONCLUSIVE
2794690;140.0;70.0;2;False;1976 - 80;1976_1990;1;6;air-source;False;True;5.0;2018.0;single family house;2021-12-22;False;True;;False;True;False;False;floor_only;140.0;True;True;1214;481;733;4.143672963971062;22.821444810543657;8jB;3.723456018059466;0.04687251745696425;5;777.6676585415639;0.0;777.6676585415644;210.44106662159373;1441.6002213577322;0.0;0.0;210.4410666215939;1441.6002213577324;KEEP_IN_LIFE;6.0;INCONCLUSIVE
111119;180.0;100.0;2;True;1981 - 85;1976_1990;0;2;ground-source;False;True;8.65;2017.0;single family house;2021-12-22;False;True;;False;True;False;True;floor_only;180.0;True;True;1550;628;922;3.991898639551192;18.850669677419354;Hg;3.7172538605042673;0.0465927316569888;5;1109.7176643245393;0.0;1109.7176643245389;920.6051842440539;1761.274412324911;0.0;0.0;920.6051842440537;1761.2744123249117;KEEP_IN_LIFE;7.0;USES_LESS_THAN_MODELLED
105807;200.0;100.0;2;False;1981 - 85;1976_1990;1;2;ground-source;False;True;16.2;2005.0;single family house;2022-01-04;False;False;;;True;False;False;both;200.0;True;True;1243;488;755;4.085178180419042;35.74891069991955;8jB;3.723456018059466;0.04687251745696425;5;1045.523404530235;260.2592456461405;1305.7826501763752;362.01148935094915;1803.0356421279687;174.0520058402314;282.4614491188258;549.7615856804379;2057.781776495558;KEEP_IN_LIFE;19.0;SLOPE_EXCESS
7374981;200.0;100.0;2;False;> 2010;post2010;0;5;air-source;False;True;10.4;2011.0;single family house;2022-01-04;True;True;;False;False;False;True;floor_only;200.0;True;True;1159;390;769;5.667892173412862;28.154070750647108;MqO;5.348647862061662;0.04171850662481971;5;111.47316834699208;196.53062222510223;308.00379057209375;-53.34738561254532;303.62958474152356;120.91291381168624;208.9464248164144;104.50973694996942;474.1139480681707;PLAN_REPLACEMENT;13.0;SLOPE_EXCESS
861116;195.0;65.0;3;False;1976 - 80;1976_1990;1;2;air-source;False;True;12.0;1980.0;single family house;2022-01-06;False;False;;;False;False;False;floor_only;195.0;True;True;1365;619;746;3.6950818920210224;18.553728937728938;ceOxS;3.7265776660533123;0.051319964738447375;5;1230.6970639738581;471.2747866301766;1701.9718506040354;317.7096076454277;2150.398356618876;261.72153777311456;498.0076867959717;661.1015627837063;2612.9397229969027;REPLACE_END_OF_LIFE;44.0;INCONCLUSIVE
108511;274.0;156.0;2;False;2000 - 10;2001_2010;0;5;ground-source;False;True;7.8;2003.0;single family house;2022-01-10;False;True;;True;False;True;;floor_only;274.0;True;True;804;335;469;3.8221840976278028;38.94995646766169;Hg;3.7172538605042673;0.0465927316569888;5;413.61658741332405;377.2393287741387;790.8559161874628;145.03302808321374;762.1800887637996;263.78918410644303;440.96831973265625;483.21567259136486;1149.6541100346135;KEEP_IN_LIFE;21.0;SLOPE_EXCESS
86109;160.0;60.0;3;False;1981 - 85;1976_1990;1;2;air-source;False;True;8.0;2016.0;single family house;2022-01-13;False;True;;True;True;False;True;floor_only;160.0;True;True;1434;572;862;4.173408803791967;18.848203626220364;Hg;3.7172538605042673;0.0465927316569888;5;937.2291612803853;18.858441861157843;956.0876031415432;249.34554502603936;1750.7353723238257;11.751207490430591;19.297341064193596;262.0208374360519;1768.4677984208224;KEEP_IN_LIFE;8.0;INCONCLUSIVE
1037311;180.0;60.0;3;False;1976 - 80;1976_1990;2;3;ground-source;False;True;4.0;2020.0;single family house;2022-01-14;False;True;;False;True;False;False;floor_only;180.0;True;True;1163;472;691;4.0756992660161755;11.521712811693895;Hg;3.7172538605042673;0.0465927316569888;5;601.4142892255924;0.0;601.4142892255925;131.85680489243038;1212.415583457001;0.0;0.0;131.8568048924306;1212.4155834570006;KEEP_IN_LIFE;4.0;USES_LESS_THAN_MODELLED
116121;395.0;235.0;1;True;< 1975;pre1975;0;2;air-source;True;True;11.3;2009.0;single family house;2022-01-19;False;True;;True;False;False;True;radiator_only;395.0;True;True;1241;459;782;4.43484774433895;83.6525592264303;wDD;4.052917477628678;0.044375743700003904;5;7526.73920158555;460.7673772205523;7987.5065788061;6778.0153447218445;9578.160418025334;282.2184547498651;497.85336432279615;7112.124050367719;9931.13672345297;PLAN_REPLACEMENT;15.0;USES_LESS_THAN_MODELLED
120741;164.0;66.0;2;True;1981 - 85;1976_1990;0;2;air-source;False;True;13.0;2010.0;single family house;2022-01-19;False;True;;True;True;False;True;floor_only;164.0;True;True;1208;472;736;4.159824017420098;31.793264900662255;Hg;3.7172538605042673;0.0465927316569888;5;1408.654566727488;137.1361594127467;1545.7907261402338;1170.7350090542827;1947.5226176210606;85.2563392225272;150.20340894654498;1264.2954055988803;2084.5205847562015;PLAN_REPLACEMENT;14.0;SLOPE_EXCESS
114721;140.0;80.0;2;False;1981 - 85;1976_1990;1;2;air-source;False;True;12.0;2006.0;single family house;2022-01-19;False;True;;False;False;True;True;both;140.0;True;True;1520;631;889;3.913876902173913;32.87059078947369;Hg;3.7172538605042673;0.0465927316569888;5;1269.8736675671223;237.4730601904619;1507.3467277575842;497.6150145074092;2274.9716024552085;138.92346689358635;246.6010780018328;668.3315880503523;2454.2046868896177;PLAN_REPLACEMENT;18.0;SLOPE_EXCESS
815461;240.0;120.0;2;False;1981 - 85;1976_1990;1;2;ground-source;False;True;;2006.0;single family house;2022-01-19;True;True;;True;True;False;True;floor_only;240.0;True;True;1142;461;681;4.031672339399477;16.591260945709283;8jB;3.723456018059466;0.04687251745696425;5;861.9635942551673;239.5615330665232;1101.525127321691;289.97469474454937;1728.0429997181352;161.41844669259578;276.5681469931058;497.44712409553335;1988.7672139538097;KEEP_IN_LIFE;18.0;INCONCLUSIVE
1678757;200.0;100.0;2;False;1976 - 80;1976_1990;1;2;air-source;False;True;5.2;2016.0;single family house;2022-01-20;False;True;;True;False;False;True;floor_only;200.0;True;True;1437;608;829;3.9172788770889433;17.724354210160055;wDD;4.052917477628678;0.044375743700003904;5;1096.8749382522055;23.383353731105647;1120.2582919833108;286.4016560833717;2025.5628122321234;14.279720570346631;24.581884423603206;303.5858040891886;2049.4605576595222;KEEP_IN_LIFE;8.0;INCONCLUSIVE
971071;250.0;150.0;1;True;1981 - 85;1976_1990;1;2;air-source;False;True;8.14;2013.0;single family house;2022-01-20;False;True;;True;False;False;True;floor_only;250.0;True;True;1566;640;926;3.9749183001092048;33.89293295019157;Hg;3.7172538605042673;0.0465927316569888;5;1205.7070186379228;106.1031372396342;1311.8101558775575;342.20210806228425;2373.0537372376934;66.43850039261227;115.27566214450952;434.0254904307785;2452.3793355401035;KEEP_IN_LIFE;11.0;INCONCLUSIVE
121728;455.0;170.0;2;True;> 2010;post2010;0;7;ground-source;False;True;10.6;2014.0;multi family house;2022-01-21;False;True;;True;False;True;True;floor_only;455.0;True;True;1561;623;938;4.040116629065352;35.724942985265855;Hg;3.7172538605042673;0.0465927316569888;5;80.90362438037283;94.9618490433892;175.8654734237607;-240.06709401815314;360.326152310586;71.98014197044348;110.01417456571019;-140.71096983485012;464.400630162588;KEEP_IN_LIFE;10.0;USES_LESS_THAN_MODELLED
114798;301.0;186.0;1;True;< 1975;pre1975;1;3;ground-source;False;True;14.4;2010.0;single family house;2022-01-21;False;True;;True;False;False;True;radiator_only;301.0;True;True;1075;457;618;3.842205251095382;38.802642790697675;8jB;3.723456018059466;0.04687251745696425;5;2790.3764659787234;227.24075795270912;3017.617223931432;1985.52588529492;3959.9230715829253;157.6119435435273;251.3503787479453;2190.7454023315177;4157.363734734838;KEEP_IN_LIFE;14.0;USES_LESS_THAN_MODELLED
1081057;200.0;80.0;3;False;> 2010;post2010;0;4;ground-source;False;True;7.5;2020.0;single family house;2022-01-25;False;True;;True;False;True;True;floor_only;200.0;True;True;1199;479;720;4.140636484510039;21.62621684737281;8jB;3.723456018059466;0.04687251745696425;5;52.52783810714616;0.0;52.52783810714618;-137.4964425187029;184.20559529526312;0.0;0.0;-137.4964425187031;184.20559529526324;KEEP_IN_LIFE;4.0;USES_LESS_THAN_MODELLED
9776611;180.0;90.0;2;False;> 2010;post2010;0;3;air-source;False;True;7.0;2019.0;single family house;2022-01-28;False;True;;True;True;False;True;floor_only;180.0;True;True;1246;488;758;4.107521919417498;22.829201444622793;8jB;3.723456018059466;0.04687251745696425;5;67.12243691692105;0.0;67.12243691692129;-51.12735312864353;179.21845843088687;0.0;0.0;-51.12735312864392;179.21845843088644;KEEP_IN_LIFE;5.0;INCONCLUSIVE
7411010;260.0;90.0;3;True;> 2010;post2010;0;4;air-source;False;True;14.7;2016.0;single family house;2022-01-31;False;False;oversized;False;False;False;True;floor_only;260.0;True;True;1553;640;913;3.947331224278395;24.247873148744365;Hg;3.7172538605042673;0.0465927316569888;5;98.4348091066757;28.50943003205108;126.94423913872652;-70.76319797260562;266.622986545797;17.524794066035113;31.351805626623555;-50.87760294572662;292.5847434462614;KEEP_IN_LIFE;8.0;INCONCLUSIVE
512280;300.0;150.0;2;True;> 2010;post2010;0;4;ground-source;False;True;10.6;2014.0;single family house;2022-02-01;False;True;;;False;False;False;floor_only;300.0;True;True;1427;603;824;3.974448549201223;29.628056061667834;wDD;4.052917477628678;0.044375743700003904;5;80.7465624672615;82.18732174606069;162.93388421332293;-243.9911927167466;332.5409315671899;60.12606878903966;95.59814463746416;-162.7392254220846;426.8527796745978;KEEP_IN_LIFE;10.0;USES_LESS_THAN_MODELLED
7710511;200.0;90.0;2;True;< 1975;pre1975;1;3;air-source;False;True;19.6;2011.0;single family house;2022-02-04;False;True;;True;False;True;True;radiator_only;200.0;True;True;1237;490;747;3.9634322519419354;59.100941794664514;z6I;3.628140633646451;0.04633524719698416;5;3093.1024736035415;177.13025575913028;3270.2327293626718;2347.7176325676837;4310.252107477522;104.89324992776005;188.7583861313018;2465.725385510524;4476.270441162951;PLAN_REPLACEMENT;13.0;SLOPE_EXCESS
823761;240.0;140.0;2;False;1991 - 95;1991_2000;1;2;air-source;False;True;8.2;2020.0;single family house;2022-02-07;False;True;;False;True;False;;floor_only;240.0;True;True;1546;631;915;3.976523539006693;22.59410931435964;Hg;3.7172538605042673;0.0465927316569888;5;479.4019401673413;0.0;479.4019401673413;288.6826973467444;778.4498856935546;0.0;0.0;288.6826973467436;778.4498856935554;KEEP_IN_LIFE;4.0;USES_LESS_THAN_MODELLED
1101758;192.0;64.0;2;True;1976 - 80;1976_1990;2;2;ground-source;False;True;7.7;2013.0;single family house;2022-02-09;False;True;;True;False;True;True;floor_only;192.0;True;True;1518;631;887;3.897645734280422;17.585399868247695;Hg;3.7172538605042673;0.0465927316569888;5;581.1844842431874;60.380427527113554;641.5649117703015;132.81364193374046;1263.9223691753893;42.69480622885407;69.12553741080832;180.60660912961418;1323.6483446197778;KEEP_IN_LIFE;11.0;INCONCLUSIVE
1061168;160.0;54.0;3;False;> 2010;post2010;0;2;ground-source;False;True;5.2;2013.0;single family house;2022-02-11;False;True;;False;False;False;False;floor_only;160.0;True;True;962;423;539;3.67569336225858;21.490136174636174;HbsbG;3.836171410969115;0.05924504642571616;3;44.503072454213125;58.69935747801686;103.20242993223019;-110.59539943170161;190.22023679227803;40.79926256138137;65.37759222053694;-61.04290637006361;248.97575416866042;KEEP_IN_LIFE;11.0;USES_LESS_THAN_MODELLED
808112;140.0;70.0;2;False;1981 - 85;1976_1990;0;2;air-source;True;True;12.0;2005.0;single family house;2022-02-16;False;False;oversized;False;False;True;True;floor_only;140.0;True;True;1451;648;803;3.572368836085059;29.940248104755344;z6I;3.628140633646451;0.04633524719698416;5;2540.647209152322;215.48407221905154;2756.1312813713735;2302.052841942005;3005.168514074044;125.68290079678125;224.30323012349538;2434.9141352533697;3204.322202943622;PLAN_REPLACEMENT;19.0;INCONCLUSIVE
1019970;170.0;70.0;2;True;> 2010;post2010;0;4;ground-source;False;True;5.69;2015.0;single family house;2022-03-09;False;True;;True;False;False;True;floor_only;170.0;True;True;1361;588;773;3.7735851675558254;18.509987509184423;Hg;3.7172538605042673;0.0465927316569888;5;43.49934657096381;28.953589222494163;72.45293579345798;-94.51543214254937;202.27474020533015;21.403775652867058;33.327099148450486;-64.63760853644648;234.70613673540467;KEEP_IN_LIFE;9.0;INCONCLUSIVE
1148611;240.0;95.0;3;False;1991 - 95;1991_2000;0;3;ground-source;True;True;11.6;1993.0;single family house;2022-03-15;True;True;;True;True;True;False;floor_only;240.0;True;True;1358;620;738;3.4680180839256365;36.10047201767305;Hg;3.7172538605042673;0.0465927316569888;5;2394.435119840565;465.07418438435093;2859.509304224916;2018.0021653658737;2881.4508806043887;301.20308055369134;518.290402569125;2421.6102876195587;3317.204085591182;REPLACE_END_OF_LIFE;31.0;SLOPE_EXCESS
7048688;135.0;45.0;3;False;1986 - 90;1976_1990;2;4;ground-source;False;True;9.0;2008.0;single family house;2022-03-24;True;False;oversized;False;False;True;False;floor_only;135.0;True;True;981;338;643;4.43922752589047;16.967963302752295;Hg;3.7172538605042673;0.0465927316569888;5;570.6093834266787;120.32019220357792;690.9295756302567;156.57389804083442;1147.3718305466052;81.47141309359777;134.99993716672304;247.90393760675505;1247.4974027413878;KEEP_IN_LIFE;16.0;INCONCLUSIVE
109104;200.0;100.0;2;False;< 1975;pre1975;2;2;air-source;True;True;8.6;2006.0;single family house;2022-03-31;False;True;;True;False;False;True;radiator_only;200.0;True;True;1173;472;701;4.030666308363295;39.20022591645353;Hg;3.7172538605042673;0.0465927316569888;5;3641.897165175783;340.40200645249746;3982.2991716282804;2148.3656565897268;5307.45755010305;198.04539822594745;346.99168347838577;2457.653605222864;5638.9569184845905;PLAN_REPLACEMENT;18.0;INCONCLUSIVE
468646;150.0;60.0;2;True;1986 - 90;1976_1990;0;2;air-source;False;True;7.8;;single family house;2022-04-05;False;True;;False;False;False;;floor_only;150.0;True;True;666;330;336;3.180803031292162;26.147800300300304;z6I;3.628140633646451;0.04633524719698416;5;1188.4319509754496;0.0;1188.43195097545;1073.9454736968557;1848.8556090417285;7.383352546981106;316.69483422579253;1122.9831091928972;2064.3090639892125;RECORD_INSTALL_YEAR;;INCONCLUSIVE
1114639;195.0;65.0;3;False;1976 - 80;1976_1990;0;5;ground-source;False;True;9.9;;single family house;2022-05-08;False;True;;True;False;True;True;floor_only;195.0;True;True;646;312;334;3.2776545183290704;25.13891021671827;z6I;3.628140633646451;0.04633524719698416;5;925.0756341682995;0.0;925.0756341682995;817.7757624048816;1567.288691609949;3.9083087770479965;312.4617889058144;867.7293359044666;1848.793777913673;RECORD_INSTALL_YEAR;;SLOPE_EXCESS
671781;180.0;90.0;2;False;< 1975;pre1975;2;4;air-source;True;True;9.5;2002.0;single family house;2022-06-02;False;True;;True;False;True;;floor_only;180.0;True;True;464;166;298;4.407009635807096;28.284771551724138;Hg;3.7172538605042673;0.0465927316569888;5;3913.783414425942;352.1817895202298;4265.965203946171;2719.453529854128;5429.000392344956;198.9283894043468;374.4400848092428;2968.1651948730687;5697.714836677064;REPLACE_END_OF_LIFE;22.0;USES_LESS_THAN_MODELLED
768113;150.0;75.0;2;False;1976 - 80;1976_1990;1;2;air-source;False;True;6.6;2020.0;single family house;2022-06-07;True;True;;False;False;False;True;radiator_only;150.0;True;True;908;349;559;4.278681374896252;18.584830396475773;wDD;4.052917477628678;0.044375743700003904;5;1573.2012064074402;0.0;1573.2012064074402;732.0868156617107;2541.130127899561;0.0;0.0;732.0868156617101;2541.130127899562;KEEP_IN_LIFE;4.0;INCONCLUSIVE
122850;220.0;140.0;1;True;2000 - 10;2001_2010;0;1;ground-source;True;True;9.1;;single family house;2022-06-13;False;True;;False;False;True;True;floor_only;220.0;True;True;913;376;537;3.898378446592695;22.9286286966046;8jB;3.723456018059466;0.04687251745696425;5;932.900263666965;0.0;932.900263666965;765.059255268988;1310.852581996857;10.500483815625012;402.54134539750174;865.305748005248;1604.4855241712125;RECORD_INSTALL_YEAR;;INCONCLUSIVE
461104;210.0;70.0;3;False;1991 - 95;1991_2000;0;3;air-source;False;True;5.6;2021.0;single family house;2022-06-15;False;True;;False;False;False;False;floor_only;210.0;True;True;767;277;490;4.362096508134459;20.04379009126467;8jB;3.723456018059466;0.04687251745696425;5;387.893253266664;0.0;387.89325326666403;203.51972681567247;602.1738632750481;0.0;0.0;203.51972681567264;602.1738632750474;KEEP_IN_LIFE;3.0;INCONCLUSIVE
112810;180.0;80.0;2;True;1991 - 95;1991_2000;0;4;air-source;False;True;6.83;2018.0;single family house;2022-07-01;True;True;;True;False;False;True;floor_only;180.0;True;True;851;347;504;3.8071850934109914;31.142971797884844;Hg;3.7172538605042673;0.0465927316569888;5;372.23154088084283;0.0;372.2315408808431;220.72675751050645;616.9928853262056;0.0;0.0;220.72675751050676;616.9928853262056;KEEP_IN_LIFE;6.0;INCONCLUSIVE
610891;240.0;110.0;2;True;2000 - 10;2001_2010;0;4;air-source;True;True;11.6;2007.0;single family house;2022-07-08;False;True;;True;False;False;True;floor_only;240.0;True;True;824;363;461;3.701072437385676;33.94351577669903;8jB;3.723456018059466;0.04687251745696425;5;2971.6703087672813;291.31946363158187;3262.9897723988634;2597.677708930847;3626.7393478284744;174.33523939937632;321.69392415737104;2848.4691865859963;3890.178729024235;PLAN_REPLACEMENT;17.0;USES_LESS_THAN_MODELLED
858577;180.0;90.0;2;False;1981 - 85;1976_1990;1;1;air-source;True;True;11.6;2004.0;single family house;2022-07-19;False;True;;;False;True;False;floor_only;180.0;True;True;1127;472;655;3.793147570181192;25.89477107364685;8jB;3.723456018059466;0.04687251745696425;5;1699.30314570374;297.5124755726884;1996.8156212764286;915.0044613231685;2621.4136557423662;170.75343658349902;312.5418851248943;1143.1869837588201;2906.7979960023563;REPLACE_END_OF_LIFE;20.0;INCONCLUSIVE
8399121;168.0;84.0;2;False;2000 - 10;2001_2010;0;4;air-source;True;True;8.0;2006.0;single family house;2022-08-09;False;True;;False;False;True;True;floor_only;168.0;True;True;478;202;276;4.868294979079498;28.97189539748954;MqO;5.348647862061662;0.04171850662481971;5;2998.790775879072;332.9172289086105;3331.7080047876816;2592.5246375667066;3588.7379487252906;199.75789613825037;354.4366800254642;2859.2474251214203;3843.02051525721;PLAN_REPLACEMENT;18.0;INCONCLUSIVE
108987;180.0;100.0;2;False;2000 - 10;2001_2010;0;3;air-source;True;True;8.0;2007.0;single family house;2022-08-18;False;True;;True;False;False;True;floor_only;180.0;True;True;512;151;361;5.861366833673007;32.3279296875;MqO;5.348647862061662;0.04171850662481971;5;2449.6004714044025;330.7954333093827;2780.3959047137846;2067.15708680154;2978.932491908114;201.81825115988326;359.07988643162537;2307.9023614315392;3296.8966513307437;PLAN_REPLACEMENT;17.0;SLOPE_EXCESS
788488;250.0;90.0;3;True;2000 - 10;2001_2010;0;3;air-source;False;True;9.0;2019.0;single family house;2022-09-01;False;True;;;False;False;False;floor_only;250.0;True;True;599;226;373;5.208797996661102;23.861664440734558;MqO;5.348647862061662;0.04171850662481971;5;731.3233046664368;0.0;731.3233046664373;460.71531300835335;1132.7134851880858;0.0;0.0;460.71531300835346;1132.7134851880865;KEEP_IN_LIFE;5.0;INCONCLUSIVE
865116;200.0;100.0;2;False;1981 - 85;1976_1990;0;2;air-source;True;True;9.0;;single family house;2022-10-04;True;True;;True;False;False;True;floor_only;200.0;True;True;726;325;401;3.410258284425281;23.21919008264463;HbsbG;3.836171410969115;0.05924504642571616;3;2762.258130659806;0.0;2762.2581306598063;2513.4228514720967;3712.7278170770714;7.792354174958986;427.38233407469284;2592.0399962737424;4023.1611932299143;RECORD_INSTALL_YEAR;;INCONCLUSIVE
991118;234.5;93.0;2;True;1981 - 85;1976_1990;0;2;ground-source;True;True;26.0;1983.0;single family house;2022-10-10;False;False;;False;False;;True;floor_only;217.0;True;True;1569;640;929;3.9848345387535673;51.17662205226259;Hg;3.7172538605042673;0.0465927316569888;5;2716.3110376888053;424.61980103065036;3140.9308387194556;2447.279777946344;3413.701994242347;293.8792416034455;496.16149768777535;2786.7928350291877;3884.2742874031233;REPLACE_END_OF_LIFE;41.0;SLOPE_EXCESS
816910;180.0;90.0;2;False;1995 - 00;1991_2000;0;3;air-source;True;True;12.0;1996.0;single family house;2022-10-11;False;True;;;False;True;False;floor_only;180.0;True;True;476;137;339;6.181615515771527;40.8927731092437;MqO;5.348647862061662;0.04171850662481971;5;2471.5362249502;634.3874210154192;3105.9236459656186;2132.383379660452;2999.9901171103743;353.7168754518507;657.9608946790015;2564.6995887636854;3517.114811282177;REPLACE_END_OF_LIFE;28.0;SLOPE_EXCESS
1001228;170.0;57.0;3;False;2000 - 10;2001_2010;0;3;air-source;False;True;9.4;2010.0;single family house;2022-10-12;False;True;;False;False;False;False;floor_only;170.0;True;True;295;170;125;2.4354654875951853;23.96304406779661;z6I;3.628140633646451;0.04633524719698416;5;360.6631427975843;138.77628548830242;499.43942828588615;220.93626098629412;556.3302470577012;83.04489528231201;146.04973042690318;317.3827804361029;669.1435393745857;PLAN_REPLACEMENT;14.0;SLOPE_EXCESS
107461;120.0;60.0;2;False;1981 - 85;1976_1990;2;2;air-source;False;True;12.0;2007.0;single family house;2022-10-19;False;True;;;False;False;False;floor_only;120.0;True;True;577;328;249;2.690849345691106;21.520972270363952;8jB;3.723456018059466;0.04687251745696425;5;790.8630609850459;158.7788270985606;949.6418880836068;213.49721508943585;1459.5942485617152;92.271463106329;167.57404854189178;344.6714256406323;1593.7965463751839;PLAN_REPLACEMENT;17.0;SLOPE_EXCESS
106100;140.0;60.0;3;False;1976 - 80;1976_1990;1;2;air-source;False;True;8.0;2015.0;single family house;2022-10-19;False;True;;True;False;False;True;floor_only;140.0;True;True;742;339;403;3.3471929762881363;17.25543665768194;8jB;3.723456018059466;0.04687251745696425;5;949.7885491271074;36.495107733715066;986.2836568608222;269.4822106433086;1691.6540046125663;21.941955510215404;39.082471944671745;296.5811116633837;1727.3747683532097;KEEP_IN_LIFE;9.0;INCONCLUSIVE
5845834;180.0;75.0;2;True;2000 - 10;2001_2010;0;4;ground-source;False;True;7.34;;single family house;2022-10-23;False;True;;True;False;True;True;floor_only;180.0;True;True;557;263;294;3.2924055759373454;26.735978456014365;8jB;3.723456018059466;0.04687251745696425;5;231.87157640353703;0.0;231.8715764035369;93.70928539584423;533.9339175342368;11.34926236420911;323.67095958558275;150.52017478941417;792.6486642066217;RECORD_INSTALL_YEAR;;INCONCLUSIVE
1111201;250.0;125.0;1;True;< 1975;pre1975;0;4;air-source;True;True;13.0;2013.0;single family house;2022-10-25;True;True;;False;False;False;True;both;250.0;True;True;866;342;524;4.055902065133715;68.88914318706698;8jB;3.723456018059466;0.04687251745696425;5;5203.464654656909;110.1583335910539;5313.622988247963;5052.820876102948;6434.57101442298;69.921582223139;123.09584984346371;5126.6947132337755;6520.760522584601;KEEP_IN_LIFE;11.0;SLOPE_EXCESS
8612210;300.0;150.0;2;False;1981 - 85;1976_1990;1;6;ground-source;False;True;20.42;2017.0;single family house;2022-11-10;True;True;;;False;True;False;floor_only;300.0;True;True;582;251;331;3.673981796902236;25.341006872852233;8jB;3.723456018059466;0.04687251745696425;5;864.9180662107518;0.0;864.9180662107519;269.40300091870586;1977.4751577409857;0.0;0.0;269.403000918705;1977.4751577409854;KEEP_IN_LIFE;7.0;INCONCLUSIVE
7211010;180.0;90.0;2;False;< 1975;pre1975;1;4;ground-source;False;True;9.33;2018.0;single family house;2022-11-21;True;True;;True;False;True;True;radiator_only;180.0;True;True;579;248;331;3.6930179720157192;29.643431778929187;8jB;3.723456018059466;0.04687251745696425;5;1735.4130641900706;0.0;1735.4130641900706;1200.9974476863056;2322.328400265451;0.0;0.0;1200.997447686305;2322.328400265451;KEEP_IN_LIFE;6.0;INCONCLUSIVE
1211151;245.0;173.0;1;True;< 1975;pre1975;1;4;ground-source;False;True;9.1;2020.0;single family house;2022-11-23;True;True;;;False;True;False;both;245.0;True;True;910;355;555;4.196328961618092;30.790403296703296;wDD;4.052917477628678;0.044375743700003904;5;2108.483495022411;0.0;2108.4834950224104;1537.5735336266157;3069.2207782482324;0.0;0.0;1537.5735336266152;3069.2207782482315;KEEP_IN_LIFE;4.0;USES_LESS_THAN_MODELLED
7771161;240.0;90.0;3;False;< 1975;pre1975;1;3;air-source;False;True;23.7;2017.0;single family house;2022-11-26;False;False;oversized;False;True;False;False;radiator_only;240.0;True;True;887;368;519;3.8317206182703463;70.64288049605412;8jB;3.723456018059466;0.04687251745696425;5;3399.0329637522686;0.0;3399.0329637522686;2546.680963659706;4669.2961593882865;0.0;0.0;2546.680963659706;4669.296159388287;KEEP_IN_LIFE;7.0;SLOPE_EXCESS
5769106;200.0;100.0;2;False;> 2010;post2010;0;4;ground-source;False;True;7.56;;single family house;2022-12-03;False;True;;True;False;True;True;floor_only;200.0;True;True;582;251;331;3.673981796902236;23.49482474226804;8jB;3.723456018059466;0.04687251745696425;5;46.91422889994705;0.0;46.914228899947375;-112.2774358476022;224.23979914516292;8.225541967640268;336.9897433016003;-30.958718979316412;497.72176187629697;RECORD_INSTALL_YEAR;;INCONCLUSIVE
901187;180.0;120.0;1;True;< 1975;pre1975;0;2;air-source;False;True;12.2;2021.0;single family house;2022-12-08;False;True;;;False;True;False;radiator_only;180.0;True;True;1448;649;799;3.5595957742813673;29.733950966850827;z6I;3.628140633646451;0.04633524719698416;5;3042.692548063211;0.0;3042.692548063209;2797.933326642895;3978.5722531735746;0.0;0.0;2797.933326642895;3978.572253173574;KEEP_IN_LIFE;3.0;SLOPE_EXCESS
7411491;180.0;70.0;3;False;1991 - 95;1991_2000;0;4;air-source;False;True;;2019.0;single family house;2022-12-11;False;True;;;;False;;floor_only;180.0;True;True;1132;478;654;3.7661865237875762;20.783779151943463;8jB;3.723456018059466;0.04687251745696425;5;387.89325326666346;0.0;387.8932532666636;220.1719593534319;585.1346441540438;0.0;0.0;220.17195935343142;585.1346441540438;KEEP_IN_LIFE;5.0;INCONCLUSIVE
1071058;250.0;110.0;2;True;> 2010;post2010;0;4;air-source;False;True;13.7;2011.0;single family house;2022-12-11;False;False;oversized;True;True;False;True;floor_only;250.0;True;True;1059;469;590;3.531261738583022;34.03231539187913;Hg;3.7172538605042673;0.0465927316569888;5;94.8677030962513;168.6369352858496;263.50463838210044;-62.47470826260944;243.9621366585794;104.53940368153876;183.08795953061554;74.52626053680076;394.90541551843535;PLAN_REPLACEMENT;13.0;INCONCLUSIVE
1091217;150.0;65.0;2;True;2000 - 10;2001_2010;0;6;ground-source;False;True;5.7;2008.0;single family house;2022-12-16;False;True;;False;;False;True;floor_only;150.0;True;True;1038;472;566;3.4782180684705812;19.625136801541426;8jB;3.723456018059466;0.04687251745696425;5;239.65801235624144;133.55835454342525;373.2163668996668;70.01852195133338;478.231132044517;95.84698532259513;156.51015481798368;187.02297773507053;616.6437633866067;KEEP_IN_LIFE;16.0;INCONCLUSIVE
7069411;190.0;90.0;2;True;1995 - 00;1991_2000;0;4;air-source;False;True;12.0;2016.0;single family house;2022-12-22;False;False;oversized;False;;True;True;floor_only;190.0;True;True;997;454;543;3.5918107801665866;29.74669709127382;Hg;3.7172538605042673;0.0465927316569888;5;407.4239933489544;21.90860004480121;429.33259339375627;252.01801668998047;642.3943339681451;13.905142033613604;23.457831551650933;267.74602444062964;662.80497258855;KEEP_IN_LIFE;8.0;SLOPE_EXCESS
679810;320.0;100.0;2;False;1981 - 85;1976_1990;0;2;ground-source;False;True;5.31;;other;2022-12-22;False;True;;False;False;True;;floor_only;160.0;False;False;1147;479;668;3.8709733899397296;24.182837837837837;8jB;3.723456018059466;0.04687251745696425;5;968.6531636707822;0.0;968.6531636707823;835.8888237480827;1616.0161977346909;4.087785887529567;431.49799968910963;878.5030894803604;2001.4512164823684;RECORD_INSTALL_YEAR;;INCONCLUSIVE
721074;134.0;67.0;2;False;> 2010;post2010;0;1;air-source;False;True;6.0;2014.0;single family house;2023-01-03;False;True;;False;True;False;False;floor_only;134.0;True;True;1101;479;622;3.6065983756532267;13.017502270663034;8jB;3.723456018059466;0.04687251745696425;5;56.70546642496726;47.68872101568552;104.39418744065301;-30.707359951236;142.60787392601145;29.64757628028478;50.208579570270395;6.092635373019218;180.79909096820202;KEEP_IN_LIFE;10.0;USES_LESS_THAN_MODELLED
712718;200.0;120.0;2;False;1981 - 85;1976_1990;0;2;ground-source;False;True;13.7;2016.0;single family house;2023-01-05;False;False;oversized;True;True;False;True;floor_only;200.0;True;True;1122;460;662;3.8258845036038127;24.31212299465241;Hg;3.7172538605042673;0.0465927316569888;5;1115.5894419737035;17.530382125835565;1133.119824099539;858.9910736099798;1638.5394688409785;12.680033238642471;19.595438683139832;875.3754668567052;1653.8108051885529;KEEP_IN_LIFE;8.0;USES_LESS_THAN_MODELLED
7211189;202.0;101.0;2;False;< 1975;pre1975;2;5;air-source;False;True;10.0;2016.0;single family house;2023-01-10;False;True;;False;False;;False;floor_only;202.0;True;True;1132;479;653;3.761916794694526;38.58671996466431;8jB;3.723456018059466;0.04687251745696425;5;1332.4774674068817;21.65904951725212;1354.1365169241326;302.5934635409443;2649.2543533080366;13.589044268613467;22.62968181657084;318.10158446450265;2668.3909716474795;KEEP_IN_LIFE;8.0;INCONCLUSIVE
811080;190.0;95.0;2;False;1986 - 90;1976_1990;0;2;air-source;False;True;10.7;2012.0;single family house;2023-01-11;False;True;;False;False;True;False;floor_only;190.0;True;True;1039;473;566;3.4748704091169045;34.272207892204044;8jB;3.723456018059466;0.04687251745696425;5;1526.7346253631843;107.98536040914018;1634.719985772324;1243.2573776685701;2065.524563863176;66.63940991387885;117.11738722131977;1321.516507884363;2178.7493680802995;KEEP_IN_LIFE;12.0;SLOPE_EXCESS
5831058;160.0;100.0;1;True;< 1975;pre1975;1;4;air-source;False;True;12.0;2018.0;single family house;2023-01-12;False;True;;False;False;False;False;radiator_only;160.0;True;True;1118;465;653;3.8090248762023284;24.268602862254024;8jB;3.723456018059466;0.04687251745696425;5;2387.8658040677674;0.0;2387.8658040677674;1888.0556397129772;3518.4065113208508;0.0;0.0;1888.0556397129774;3518.4065113208508;KEEP_IN_LIFE;6.0;INCONCLUSIVE
760117;155.0;77.5;2;False;1976 - 80;1976_1990;1;2;air-source;False;True;12.0;2013.0;single family house;2023-01-18;False;True;;True;False;False;True;floor_only;155.0;True;True;1103;479;624;3.6130989527901507;35.129248413417955;8jB;3.723456018059466;0.04687251745696425;5;873.9768824143287;72.32724966691353;946.3041320812422;260.5736279671246;1709.0509467303254;44.48082661255954;75.37593111749756;310.1246834288411;1760.2639654174807;KEEP_IN_LIFE;11.0;INCONCLUSIVE
468980;160.0;75.0;2;True;< 1975;pre1975;1;2;air-source;False;True;12.9;2022.0;single family house;2023-01-23;False;True;;True;False;False;True;radiator_only;160.0;True;True;1219;481;738;4.123777532070716;20.398571780147662;8jB;3.723456018059466;0.04687251745696425;5;2632.680608724197;0.0;2632.6806087241957;2092.648773904385;3727.8675361380824;0.0;0.0;2092.6487739043846;3727.8675361380833;KEEP_IN_LIFE;2.0;SLOPE_EXCESS
103721;160.0;80.0;2;False;2000 - 10;2001_2010;0;2;ground-source;False;True;6.1;2004.0;single family house;2023-01-25;False;True;;;False;False;False;floor_only;160.0;True;True;1041;474;567;3.4688508053850113;26.704471661863593;8jB;3.723456018059466;0.04687251745696425;5;253.4359628643178;209.47253736177112;462.90850022608856;95.88086636064561;469.62844973904504;145.8258671120671;233.6381437710761;277.9232265491406;672.8508388696212;KEEP_IN_LIFE;20.0;INCONCLUSIVE
821088;220.0;110.0;2;False;1995 - 00;1991_2000;1;2;ground-source;False;True;9.5;2019.0;single family house;2023-01-25;False;True;;True;True;False;True;floor_only;220.0;True;True;1036;473;563;3.4831671702758658;24.847171814671814;8jB;3.723456018059466;0.04687251745696425;5;262.1443394046619;0.0;262.1443394046619;100.37716085972124;513.8696191524242;0.0;0.0;100.37716085972149;513.869619152424;KEEP_IN_LIFE;5.0;SLOPE_EXCESS
796869;150.0;50.0;3;True;2000 - 10;2001_2010;0;2;air-source;False;True;5.29;2019.0;single family house;2023-01-30;False;True;;True;False;True;True;floor_only;150.0;True;True;1045;474;571;3.4634118230358504;15.375089952153111;8jB;3.723456018059466;0.04687251745696425;5;353.04012586781755;0.0;353.04012586781755;211.74305430906276;568.5077928697546;0.0;0.0;211.74305430906242;568.507792869755;KEEP_IN_LIFE;5.0;INCONCLUSIVE
727690;157.0;53.0;3;False;1976 - 80;1976_1990;1;2;ground-source;False;True;10.6;2013.0;single family house;2023-02-06;False;True;;False;False;True;False;radiator_only;157.0;True;True;503;234;269;3.3559712305874894;24.249667992047716;HbsbG;3.836171410969115;0.05924504642571616;3;1090.160642386023;74.9533204713083;1165.113962857331;449.5180835523059;1758.4007467923357;49.298896097628216;81.0351782903219;515.1017763798693;1836.5545270508553;KEEP_IN_LIFE;11.0;INCONCLUSIVE
669010;170.0;90.0;2;True;1986 - 90;1976_1990;1;1;air-source;True;True;16.3;;single family house;2023-02-07;False;True;;;True;False;;floor_only;170.0;True;True;758;339;419;3.4545411456540855;78.5919511873351;8jB;3.723456018059466;0.04687251745696425;5;1677.0333793419486;0.0;1677.0333793419486;980.4857257889278;3011.0627572406665;9.015415397626303;409.5515024576101;1074.8263080397865;3241.681473568886;RECORD_INSTALL_YEAR;;INCONCLUSIVE
9889114;200.0;80.0;3;False;< 1975;pre1975;2;4;air-source;False;True;19.6;2021.0;single family house;2023-02-09;False;True;;False;False;False;False;radiator_only;200.0;True;True;874;441;433;3.063642465094684;35.563243707093825;HbsbG;3.836171410969115;0.05924504642571616;3;2490.5280502537908;0.0;2490.5280502537894;982.6024544293432;4256.5199558607665;0.0;0.0;982.602454429343;4256.519955860766;KEEP_IN_LIFE;3.0;INCONCLUSIVE
7984107;120.0;60.0;1;True;< 1975;pre1975;0;2;air-source;False;True;8.0;2011.0;single family house;2023-02-14;False;True;;False;False;True;False;both;120.0;True;True;712;314;398;4.538089887640449;32.55018117977528;MqO;5.348647862061662;0.04171850662481971;5;2347.3366160738647;130.71833959577165;2478.054955669636;2147.9964958161404;3189.76153195205;81.56961868696804;141.55771922314364;2255.9383566345214;3325.2363348982844;PLAN_REPLACEMENT;13.0;INCONCLUSIVE
721077;234.0;117.0;1;True;1981 - 85;1976_1990;1;3;ground-source;False;True;13.7;2009.0;single family house;2023-02-15;False;True;;True;False;False;True;both;234.0;True;True;1140;479;661;3.814088285024155;29.7089;8jB;3.723456018059466;0.04687251745696425;5;966.1554700081958;170.1162602344099;1136.2717302426063;390.10750212599487;1792.9384225826152;116.10773063057158;198.3674814144537;542.9913203922584;1956.9760997063804;KEEP_IN_LIFE;15.0;INCONCLUSIVE
658466;162.0;81.0;2;False;1986 - 90;1976_1990;0;2;ground-source;False;True;7.5;2020.0;single family house;2023-02-16;False;True;;False;False;False;False;floor_only;162.0;True;True;962;432;530;3.4421285666937838;14.062115384615383;Hg;3.7172538605042673;0.0465927316569888;5;834.6662146669571;0.0;834.6662146669569;647.5389172096668;1202.8485963314918;0.0;0.0;647.5389172096667;1202.848596331492;KEEP_IN_LIFE;4.0;USES_LESS_THAN_MODELLED
112120;136.0;70.0;2;False;1976 - 80;1976_1990;0;2;air-source;False;True;7.8;;single family house;2023-02-20;False;True;;True;True;False;True;floor_only;136.0;True;True;1284;554;730;3.7594248273059736;14.46554906542056;8jB;3.723456018059466;0.04687251745696425;5;1164.9272617829092;0.0;1164.9272617829092;1011.8982782408931;1758.1424395332333;5.658864703044077;320.6891517811613;1072.8168026715887;2000.483633933277;RECORD_INSTALL_YEAR;;INCONCLUSIVE
1159664;152.0;76.0;2;False;< 1975;pre1975;2;4;air-source;False;True;10.6;2013.0;single family house;2023-02-20;False;True;;False;False;True;False;radiator_only;152.0;True;True;454;166;288;4.389148247462172;33.746715859030836;Hg;3.7172538605042673;0.0465927316569888;5;1850.85055528383;90.6847026631612;1941.5352579469914;745.1207150753324;3251.2349830048943;53.42269393706044;93.63138251620731;810.9474923822909;3339.5577995499552;KEEP_IN_LIFE;11.0;INCONCLUSIVE
122887;232.0;108.0;2;True;2000 - 10;2001_2010;0;3;air-source;False;True;9.74;2018.0;single family house;2023-02-23;False;True;;False;False;False;True;floor_only;232.0;True;True;1099;472;627;3.624955183236407;29.62284440400364;Hg;3.7172538605042673;0.0465927316569888;5;455.73696011354895;0.0;455.7369601135488;270.58510434833397;745.5349080226719;0.0;0.0;270.58510434833363;745.5349080226717;KEEP_IN_LIFE;6.0;USES_LESS_THAN_MODELLED
706817;168.0;64.0;2;True;2000 - 10;2001_2010;0;3;air-source;False;True;6.1;2006.0;single family house;2023-02-28;False;True;;False;False;False;False;floor_only;168.0;True;True;1045;474;571;3.4597834338811455;32.593960765550236;8jB;3.723456018059466;0.04687251745696425;5;368.14798298808444;226.49385829772686;594.6418412858111;210.4424028644771;554.1174786651836;137.48124753415306;244.85180005376913;368.6277453788258;785.6340446061515;PLAN_REPLACEMENT;18.0;INCONCLUSIVE
748773;200.0;120.0;2;False;1981 - 85;1976_1990;0;2;ground-source;False;True;13.7;2016.0;single family house;2023-03-02;False;True;;True;True;True;True;floor_only;200.0;True;True;317;163;154;2.9942124079915877;18.98772239747634;Hg;3.7172538605042673;0.0465927316569888;5;1115.5894419737035;17.530382125835565;1133.119824099539;919.5912809992833;1728.6987907244074;12.847464198333439;19.892917418292715;934.8388215732388;1748.9866046225916;KEEP_IN_LIFE;8.0;USES_LESS_THAN_MODELLED
100119;160.0;160.0;1;False;1986 - 90;1976_1990;0;3;ground-source;False;True;5.9;;single family house;2023-07-20;False;True;;True;;False;False;floor_only;160.0;True;True;274;137;137;3.344338199513382;28.882058394160584;Hg;3.7172538605042673;0.0465927316569888;5;995.0743043099025;0.0;995.0743043099028;908.3245615748548;1724.3720496921571;7.454390884853272;304.5536119622206;970.6733604806199;1965.6457094663788;RECORD_INSTALL_YEAR;;INCONCLUSIVE
8087988;198.0;84.0;2;True;2000 - 10;2001_2010;0;2;air-source;True;True;11.0;;single family house;2023-08-22;False;True;;;;;;floor_only;198.0;True;True;387;137;250;5.074782046961015;33.75986821705426;MqO;5.348647862061662;0.04171850662481971;5;1778.1543301591942;0.0;1778.1543301591946;1615.529848896751;2357.4007675566436;13.36285681632524;544.4419476995615;1750.431478170208;2758.6777558249532;RECORD_INSTALL_YEAR;;
5610182;140.0;50.0;3;False;1995 - 00;1991_2000;0;2;air-source;True;True;6.6;1997.0;single family house;2023-11-07;False;True;;True;;False;True;floor_only;140.0;True;True;373;154;219;3.7252663869137814;31.47072922252011;HbsbG;3.836171410969115;0.05924504642571616;3;1631.8277164859094;386.3299874227739;2018.1577039086833;1402.5816834605475;1973.2919499677496;215.87828325738934;405.5467573993243;1664.358552212953;2310.878364229603;REPLACE_END_OF_LIFE;27.0;
6901131;195.0;195.0;1;False;2000 - 10;2001_2010;0;4;air-source;True;True;7.2;;single family house;2023-11-15;False;True;;True;True;True;;floor_only;195.0;True;True;504;187;317;4.207008741660915;35.506323412698414;8jB;3.723456018059466;0.04687251745696425;5;2906.9130072012554;0.0;2906.913007201256;2609.8714829362557;3593.072270953879;20.469481834145405;440.9516229098496;2771.219100903642;3953.10696632556;RECORD_INSTALL_YEAR;;
7474976;180.0;60.0;2;True;< 1975;pre1975;3;2;air-source;False;True;8.69;2020.0;single family house;2023-11-21;False;True;;True;True;False;True;radiator_only;180.0;True;True;1075;556;519;2.7859107516009436;30.734422325581395;HbsbG;3.836171410969115;0.05924504642571616;3;1853.6614284153998;0.0;1853.6614284153993;815.5427389529889;3365.0458863652834;0.0;0.0;815.5427389529888;3365.0458863652816;KEEP_IN_LIFE;4.0;
801031;120.0;120.0;1;False;2000 - 10;2001_2010;0;2;air-source;False;True;6.6;;other;2023-11-21;False;True;;True;False;False;True;floor_only;120.0;True;True;952;435;517;3.6031630130312995;26.784920168067227;8jB;3.723456018059466;0.04687251745696425;5;307.68014951903405;0.0;307.68014951903365;208.97623556552344;542.0651545919378;3.2235645738463634;291.0650308812962;256.8470291528497;785.3272641631889;RECORD_INSTALL_YEAR;;
730976;130.0;50.0;2;True;1995 - 00;1991_2000;0;3;air-source;False;True;15.0;1997.0;single family house;2023-11-22;True;False;oversized;False;;;False;floor_only;130.0;True;True;336;142;194;4.092657587129055;32.40291964285714;8jB;3.723456018059466;0.04687251745696425;5;345.43239401004854;335.1445434052769;680.5769374153256;200.9087248805207;516.8196754398574;198.82102734713385;360.5668837177097;445.0691429373783;850.0358341067904;REPLACE_END_OF_LIFE;27.0;
104118;150.0;140.0;1;True;1986 - 90;1976_1990;0;3;ground-source;True;True;10.3;2009.0;single family house;2023-11-23;False;True;;False;False;False;False;floor_only;150.0;True;True;456;257;199;2.712343138189677;26.126394736842105;Hg;3.7172538605042673;0.0465927316569888;5;3179.3534455589256;137.11558281703086;3316.4690283759564;2970.9948883640236;4061.142999908852;97.93444376041685;164.36008620447177;3106.7409970369017;4222.422788327416;KEEP_IN_LIFE;15.0;
119498;131.0;131.0;1;False;1976 - 80;1976_1990;1;3;air-source;False;True;12.6;;single family house;2023-11-23;False;True;;False;True;False;;floor_only;131.0;True;True;436;166;270;4.10716354208217;48.68648165137615;Hg;3.7172538605042673;0.0465927316569888;5;869.827330605196;0.0;869.827330605196;277.5744081970084;1806.523961711896;6.365936338086405;324.99387162641017;333.8356272458958;1990.4402374236988;RECORD_INSTALL_YEAR;;
767371;180.0;90.0;2;False;1981 - 85;1976_1990;1;2;air-source;False;True;9.421;1998.0;single family house;2023-11-23;False;False;oversized;True;False;False;True;floor_only;180.0;True;True;425;166;259;3.996594049445865;17.338456470588234;Hg;3.7172538605042673;0.0465927316569888;5;1163.2743546162942;440.89256773691244;1604.1669223532058;339.46979575626966;2223.2544395558784;251.28456569163575;472.50634854544876;670.1815177276819;2652.9088593642778;REPLACE_END_OF_LIFE;26.0;
841211;112.0;56.0;2;False;< 1975;pre1975;2;2;air-source;False;True;14.0;;single family house;2023-11-29;True;False;oversized;False;True;True;False;both;112.0;True;True;715;316;399;3.7098939596635248;27.597025174825173;Hg;3.7172538605042673;0.0465927316569888;5;1123.4293148476727;0.0;1123.4293148476722;371.9177248214175;2280.539896069886;6.99046788489033;302.0705449561884;468.10159377640315;2534.640449607392;RECORD_INSTALL_YEAR;;
611629;108.0;43.5;3;False;< 1975;pre1975;1;2;air-source;False;True;5.92;2019.0;single family house;2023-11-29;False;True;;False;False;False;False;radiator_only;108.0;True;True;897;379;518;3.899378273795098;27.3724381270903;wDD;4.052917477628678;0.044375743700003904;5;2284.9654454644096;0.0;2284.9654454644096;1724.0096395280461;3063.7119066128503;0.0;0.0;1724.0096395280457;3063.7119066128507;KEEP_IN_LIFE;5.0;
8190108;160.0;65.0;2;True;2000 - 10;2001_2010;0;3;air-source;True;True;6.1;2007.0;single family house;2023-12-01;False;True;;False;;True;False;floor_only;160.0;True;True;760;339;421;3.466130072463768;37.95568157894737;8jB;3.723456018059466;0.04687251745696425;5;2204.3487098811165;200.68704294258887;2405.0357528237046;1980.7720187526488;2702.8265086718857;119.17043790876191;216.5726126052275;2134.651129464698;2865.042850725928;PLAN_REPLACEMENT;17.0;
105714;145.0;145.0;1;False;1981 - 85;1976_1990;1;3;air-source;False;True;8.14;;single family house;2023-12-05;False;True;;False;;True;False;floor_only;145.0;True;True;630;295;335;3.4174835518748563;31.9448873015873;Hg;3.7172538605042673;0.0465927316569888;5;944.3824103516981;0.0;944.3824103516986;306.5089814732482;2019.785997806874;6.171738537567325;382.06663540194455;389.55061246881394;2272.128442611651;RECORD_INSTALL_YEAR;;
698983;140.0;70.0;2;False;< 1975;pre1975;2;4;air-source;True;True;12.6;2023.0;single family house;2023-12-06;True;True;;False;True;;False;radiator_only;140.0;True;True;318;149;169;3.2276818658280924;31.55476100628931;Hg;3.7172538605042673;0.0465927316569888;5;4132.862997457591;0.0;4132.862997457591;3090.9914073598493;5427.802870956565;0.0;0.0;3090.9914073598497;5427.802870956564;KEEP_IN_LIFE;1.0;
7646451;219.0;130.0;2;False;> 2010;post2010;0;5;air-source;False;True;5.29;2019.0;single family house;2023-12-07;True;False;oversized;False;True;True;False;floor_only;219.0;True;True;341;165;176;3.0835361681329427;13.796193548387098;z6I;3.628140633646451;0.04633524719698416;5;84.90762299925551;0.0;84.90762299925609;-62.070108301978;216.66971584393508;0.0;0.0;-62.07010830197756;216.66971584393502;KEEP_IN_LIFE;5.0;
477661;230.0;108.0;2;True;2000 - 10;2001_2010;0;4;ground-source;True;True;9.7;;single family house;2023-12-07;False;True;;False;;True;False;floor_only;230.0;True;True;822;340;482;4.00693494128848;29.91109732360097;8jB;3.723456018059466;0.04687251745696425;5;2952.1955667876377;0.0;2952.195566787638;2620.4417653833643;3678.6416513110034;13.28763611030151;388.71541998128396;2776.43095172737;3950.491141766746;RECORD_INSTALL_YEAR;;
7747482;200.0;100.0;2;False;1981 - 85;1976_1990;0;2;ground-source;True;True;14.5;;single family house;2023-12-12;False;False;oversized;True;False;;True;floor_only;200.0;True;True;383;170;213;3.664554149165626;24.189613577023497;8jB;3.723456018059466;0.04687251745696425;5;2296.589527307146;0.0;2296.5895273071455;2104.9526136558616;3092.341514967263;4.35756936693792;361.3440218554614;2202.16982535419;3391.9067119210204;RECORD_INSTALL_YEAR;;
776736;180.0;90.0;2;False;< 1975;pre1975;1;2;air-source;False;True;17.2;2020.0;single family house;2023-12-13;True;True;;False;False;False;False;radiator_only;180.0;True;True;344;166;178;3.0341637175598244;17.47554941860465;z6I;3.628140633646451;0.04633524719698416;5;2540.5532154076045;0.0;2540.5532154076045;1961.1552314008122;3404.5559084701617;0.0;0.0;1961.1552314008125;3404.5559084701617;KEEP_IN_LIFE;4.0;
310610;160.0;80.0;2;False;1981 - 85;1976_1990;0;2;air-source;False;True;8.1;2006.0;single family house;2023-12-19;False;True;;True;False;True;True;floor_only;160.0;True;True;954;449;505;3.428853674839729;19.892056603773586;8jB;3.723456018059466;0.04687251745696425;5;1460.8657004394245;222.77267559427602;1683.6383760337003;1181.0874531817772;1883.503925459151;131.759262687349;240.43542711664693;1335.1049939854547;2080.648256649798;PLAN_REPLACEMENT;18.0;
8773113;160.0;80.0;2;False;1976 - 80;1976_1990;1;1;air-source;False;True;8.69;2019.0;single family house;2023-12-21;False;True;;False;True;False;False;radiator_only;160.0;True;True;457;155;302;4.575582120318397;30.046833698030635;HbsbG;3.836171410969115;0.05924504642571616;3;1560.1683517619;0.0;1560.1683517618997;796.3320341692303;2484.237969783334;0.0;0.0;796.33203416923;2484.2379697833335;KEEP_IN_LIFE;5.0;
897731;639.0;213.0;3;False;< 1975;pre1975;2;2;air-source;False;True;15.7;;single family house;2024-01-09;False;False;undersized;False;True;True;False;radiator_only;639.0;True;True;212;68;144;4.3485982704402515;78.19843867924529;Hg;3.7172538605042673;0.0465927316569888;5;4922.460581932339;0.0;4922.460581932337;2050.8469246371947;8633.043587699825;28.30031653784827;1283.598060705248;2704.933938227345;9478.270516872662;RECORD_INSTALL_YEAR;;
1191021;380.0;300.0;1;True;< 1975;pre1975;2;3;air-source;False;True;16.3;2009.0;single family house;2024-01-23;False;True;;False;;False;False;both;380.0;True;True;398;166;232;3.916193649406453;62.047233668341704;8jB;3.723456018059466;0.04687251745696425;5;3662.920082212447;410.55062540082054;4073.470707613268;1192.9630075893037;6892.935013908232;250.79889986844796;437.6129505684451;1529.9242367804109;7192.288740377996;PLAN_REPLACEMENT;15.0;
9097838;213.5;90.0;2;True;1981 - 85;1976_1990;0;5;ground-source;False;True;8.9;;single family house;2024-01-24;True;True;;False;;False;False;both;213.5;True;True;944;401;543;3.7934696481208547;24.19392690677966;Hg;3.7172538605042673;0.0465927316569888;5;1358.002071844338;0.0;1358.002071844338;1203.8405470259859;2113.515694413842;6.7808694299177565;405.47344035041556;1273.630542437688;2375.3573518235576;RECORD_INSTALL_YEAR;;
699801;225.0;150.0;2;False;1976 - 80;1976_1990;2;2;air-source;False;True;12.0;2017.0;single family house;2024-01-25;True;True;;False;False;;False;floor_only;225.0;True;True;247;167;80;1.48746992900311;20.39593927125506;8jB;3.723456018059466;0.04687251745696425;5;1332.4413452435904;0.0;1332.441345243591;314.9350978002215;2537.512573232825;0.0;0.0;314.93509780022106;2537.5125732328243;KEEP_IN_LIFE;7.0;
876790;180.0;70.0;3;False;2000 - 10;2001_2010;0;3;air-source;True;True;6.6;2005.0;single family house;2024-02-15;False;True;;True;False;True;True;floor_only;180.0;True;True;902;359;543;3.9701057071242647;38.738015521064305;Hg;3.7172538605042673;0.0465927316569888;5;2286.14901942068;288.0929166685887;2574.241936089268;1991.233559943421;2685.4386381125146;171.49572807085696;301.36670963001967;2170.1585360467557;2962.1895425610455;PLAN_REPLACEMENT;19.0;
1015877;170.0;170.0;1;False;< 1975;pre1975;2;2;air-source;False;True;13.2;2012.0;single family house;2024-02-20;True;True;;False;False;;False;radiator_only;170.0;True;True;864;342;522;4.025471089975845;23.910495370370374;8jB;3.723456018059466;0.04687251745696425;5;2420.856972800434;142.18781395860532;2563.044786759039;875.6756368323482;4256.280261557291;86.5453302173442;153.3806700883653;980.2776466837428;4403.141159401857;KEEP_IN_LIFE;12.0;
1141047;148.0;60.0;3;False;1995 - 00;1991_2000;0;2;air-source;False;True;5.8;2016.0;single family house;2024-02-29;True;True;;True;True;True;True;floor_only;148.0;True;True;468;160;308;4.73462595999009;14.757974358974359;wDD;4.052917477628678;0.044375743700003904;5;387.2310986049567;20.00385711367102;407.2349557186276;229.44907839663534;588.8927008427304;12.29543841822359;21.033360743876468;244.93372587896982;608.3288885412278;KEEP_IN_LIFE;8.0;
