Household_ID;area_m2;footprint_m2;n_storeys_above;heated_basement;era_raw;era;renovation_count;residents;hp_type;dhw_electric;installed_kw;building_type;visit_date;pv;label_correctly_planned;label_sizing_direction;label_curve_too_high;label_limit_too_high;label_night_setback;label_curve_changed;emitter;storey_sum_m2;storey_reconciles;geometry_complete;drop_reason;n_days;n_warm;n_cold;hdd_per_day;kwh_per_day;E_as_built;E_reference;deficiency;term_envelope;term_emitter;term_dhw;huellzahl;H_as_built;design_kw;jaz_as_built;deficiency_lo;deficiency_hi;band;decisive;tier;jaz_derived;pv_level;rank_in_era
120701;236.0;110.0;2;True;1986 - 90;1976_1990;0;2;ground-source;False;10.88;single family house;2016-10-13;False;True;;True;False;True;True;floor_only;236.0;True;True;;576;254;322;3.52981418578905;25.68823263888889;4344.48377862399;2533.3331946027583;1811.1505840212312;1811.1505840212312;0.0;0.0;1.8990609703641566;473.6871112047528;14.210613336142584;4.25;1367.0525838550109;2468.182691865485;1101.1301080104743;True;T1;False;no PV;15.0
706646;160.0;100.0;3;False;2000 - 10;2001_2010;0;4;air-source;True;6.1;single family house;2018-08-20;;True;;;False;False;;floor_only;160.0;True;True;;939;402;537;3.790436125387785;24.291996805111822;5685.349451381391;3232.843992041104;2452.5054593402874;529.748937601157;0.0;1922.7565217391304;2.9625;267.664;8.02992;3.5;2114.4391172420947;2890.5567337552625;776.1176165131678;True;T1;False;Unknown;2.0
1078861;160.0;70.0;1;True;< 1975;pre1975;0;2;ground-source;False;10.0;single family house;2018-10-17;True;True;;True;True;False;True;radiator_only;160.0;True;True;;393;317;76;0.5341745952723385;20.22842748091603;1182.298112310913;865.0749735333952;317.22313877751776;285.83483017677764;31.388308600740093;0.0;1.5033682768657517;402.79154780300235;12.08374643409007;3.4;257.49611375658515;522.0831158233327;264.5870020667476;True;T2;True;PV;37.0
190821;155.0;45.0;3;True;> 2010;post2010;0;4;ground-source;False;;single family house;2018-12-05;True;True;;True;False;True;True;floor_only;155.0;True;True;;1292;522;770;3.9551401545744156;13.514768575851392;2634.7492277984743;2705.228145051203;-70.47891725272848;-70.4789172527288;0.0;0.0;2.0714200557966205;152.68132607563427;4.580439782269028;4.25;-239.40498736514385;88.73608982949298;328.14107719463686;False;T1;False;PV;
105898;160.0;80.0;2;False;1981 - 85;1976_1990;1;2;air-source;False;10.0;single family house;2018-12-14;;True;;False;False;True;True;floor_only;160.0;True;True;;789;334;455;3.7449600944141364;39.92827249683143;3245.48910142853;2107.672346331511;1137.8167550970188;1137.8167550970188;0.0;0.0;1.9574767078498865;297.30139127918727;8.919041738375618;3.5;643.373459048798;1875.7942342753197;1232.4207752265215;True;T2;False;Unknown;55.0
1178890;210.0;100.0;2;True;2000 - 10;2001_2010;0;1;air-source;False;12.0;single family house;2019-01-14;;True;;False;False;False;;floor_only;210.0;True;True;;180;68;112;3.9353222222222226;26.44027222222222;2497.4759359741633;2064.6307248559524;432.84521111821095;432.845211118211;0.0;0.0;2.0;270.459;8.11377;3.5;233.30921534565874;765.7370800989696;532.4278647533108;True;T1;False;Unknown;25.0
731201;255.0;120.0;2;True;1976 - 80;1976_1990;2;3;air-source;False;10.78;single family house;2019-02-07;;True;;True;False;True;;both;255.0;True;True;;539;202;337;5.612336116264688;63.08366975881261;6451.952367859341;3941.0595508860542;2510.892816973287;2145.5022437874295;365.3905731858584;0.0;1.865765415893293;421.7708631579936;12.653125894739807;3.1;1026.808857688496;4812.811316004488;3786.002458315992;True;T2;False;Unknown;31.0
1228011;120.0;60.0;2;False;2000 - 10;2001_2010;0;3;air-source;True;10.0;single family house;2019-04-01;False;True;;True;False;False;;floor_only;120.0;True;True;;678;336;342;3.1753181993074255;21.941836283185843;3893.6999334176307;2171.413112716059;1722.2868207015717;280.2194293972238;0.0;1442.0673913043477;2.1442740046346698;161.47315222246417;4.844194566673925;3.5;1479.2362336658566;1964.2203986885786;484.984165022722;True;T1;False;no PV;13.0
114117;260.0;100.0;3;False;1991 - 95;1991_2000;0;2;air-source;True;24.0;single family house;2019-04-04;;True;;False;True;True;True;floor_only;260.0;True;True;;340;168;172;3.053833546462063;61.47519117647058;4066.870460722568;2292.358882830132;1774.511577892436;813.133317022871;0.0;961.3782608695652;1.823076923076923;387.55400000000003;11.62662;3.5;1557.4862075765795;2087.9957748767224;530.5095673001429;True;T1;False;Unknown;7.0
8627071;250.0;150.0;2;False;2000 - 10;2001_2010;0;3;ground-source;True;16.2;other;2019-05-02;;True;;False;True;True;False;both;250.0;True;True;;270;136;134;3.314391975308642;81.64951851851852;4509.136522351373;2493.394228253698;2015.7422940976749;395.07985510841866;178.595047684909;1442.0673913043477;1.958179568882333;317.7929568882333;9.533788706646998;3.7642857142857147;1628.8880258084532;2495.7049559812394;866.8169301727862;True;T2;True;Unknown;9.0
867211;245.0;150.0;2;True;1991 - 95;1991_2000;0;2;ground-source;True;10.6;single family house;2019-05-21;;True;;True;False;False;True;both;245.0;True;True;;718;339;379;3.190704069274555;14.443988857938718;5003.094690583482;2590.1459525308255;2412.948738052656;1212.7802560991702;238.79022108392118;961.3782608695652;2.2680861847988942;425.16011340165096;12.754803402049529;3.7642857142857147;1838.9852737802207;3138.5095653020685;1299.5242915218478;True;T2;True;Unknown;6.0
1114677;220.0;140.0;2;False;> 2010;post2010;0;3;air-source;True;11.3;single family house;2019-05-28;;True;;False;False;True;True;floor_only;220.0;True;True;;500;126;374;6.703276086956522;60.0459;5487.062179213872;4225.922945248519;1261.139233965353;-180.92815733899457;0.0;1442.0673913043477;2.1162483937722882;219.07591519117682;6.572277455735304;3.5;831.7963160484162;1673.6479706770297;841.8516546286135;True;T1;False;Unknown;1.0
611797;275.0;100.0;2;True;1976 - 80;1976_1990;2;2;air-source;True;35.0;single family house;2019-05-28;;False;oversized;False;True;False;;floor_only;275.0;True;True;;1130;480;650;3.7071054828780303;33.10231592920354;5118.233748506368;2868.740626947766;2249.493121558602;1288.1148606890376;0.0;961.3782608695652;1.5272727272727273;396.6725;11.900175;3.5;1254.068328213018;3689.468482900521;2435.400154687503;True;T2;False;Unknown;23.0
1137376;200.0;150.0;1;True;1981 - 85;1976_1990;0;5;ground-source;True;14.4;single family house;2019-05-28;False;True;;;False;True;;floor_only;200.0;True;True;;1678;793;885;3.471233024131558;41.426128724672225;7150.763704304894;3253.7070342694833;3897.056670035411;1493.6110178614977;0.0;2403.445652173913;2.117043345827187;436.30693533234995;13.089208059970499;4.25;3497.6977986818333;4838.287993275222;1340.5901945933888;True;T1;False;no PV;2.0
700831;450.0;300.0;2;False;1976 - 80;1976_1990;0;2;ground-source;True;22.9;other;2019-07-22;;True;;False;False;True;True;both;450.0;True;True;;836;348;488;3.998555786699951;76.82277751196172;9055.115063507332;4009.8582292963547;5045.256834210977;3661.8996713845195;421.9789019568925;961.3782608695652;1.831384387633061;878.853379547902;26.36560138643706;3.7642857142857147;3891.3195942496377;7596.992531646799;3705.672937397161;True;T2;True;Unknown;1.0
1191127;220.0;85.0;2;True;2000 - 10;2001_2010;0;3;ground-source;False;8.03;single family house;2019-09-23;True;False;undersized;False;False;True;False;floor_only;220.0;True;True;;296;154;142;3.053555743243243;35.360010135135134;2405.814883707223;2157.918854686574;247.89602902064917;247.89602902064917;0.0;0.0;1.7110350015768543;257.9090801387632;7.737272404162896;4.25;130.12824662045767;425.184058927525;295.0558123070673;True;T1;False;PV;32.0
121798;207.0;60.0;2;True;1981 - 85;1976_1990;0;2;ground-source;True;10.4;single family house;2019-10-07;;True;;False;True;True;False;both;207.0;True;True;;424;166;258;4.00597084358764;28.344919811320754;4234.846089608674;1936.2890660937537;2298.5570235149207;1182.757172069444;154.42159057591198;961.3782608695652;1.4451260903149783;340.30818055616044;10.209245416684812;3.7642857142857147;1922.1345373019965;3116.100509175703;1193.9659718737064;True;T2;True;Unknown;11.0
114671;260.0;130.0;2;False;< 1975;pre1975;1;4;ground-source;False;13.7;single family house;2019-10-07;;True;;False;True;False;False;radiator_only;260.0;True;True;;571;297;274;2.5519838066956013;35.04106479859895;5690.00111202407;2830.147692615067;2859.8534194090025;2522.077365820452;337.7760535885495;0.0;1.6972226608515917;612.2596810035552;18.367790430106655;3.4;1451.5385567972162;4437.406845239415;2985.8682884421987;True;T3;True;Unknown;27.0
1121037;150.0;75.0;2;False;2000 - 10;2001_2010;0;4;ground-source;False;6.7;single family house;2019-11-07;;True;;;False;False;;floor_only;150.0;True;True;;683;336;347;3.165213380864473;39.68100585651538;2796.2054272577234;2528.401124431123;267.8043028266002;267.80430282660035;0.0;0.0;1.9970765814495917;193.0095948869755;5.790287846609265;4.25;120.38806204300472;404.725496700217;284.33743465721227;True;T1;False;Unknown;34.0
9880798;150.0;50.0;3;False;1991 - 95;1991_2000;0;4;ground-source;True;;single family house;2020-02-17;False;True;;True;False;False;True;floor_only;150.0;True;True;;587;277;310;3.402035849196356;43.293468483816014;5165.421842355185;2615.8745129733634;2549.5473293818213;626.79080764269;0.0;1922.7565217391304;2.027350647362943;240.4414284074428;7.213242852223284;4.25;2199.2563853234396;2880.6875133214467;681.431127998007;True;T1;False;no PV;3.0
680861;400.0;150.0;2;True;1991 - 95;1991_2000;0;2;ground-source;False;15.0;single family house;2020-02-17;False;False;undersized;True;True;True;True;floor_only;400.0;True;True;;543;241;302;3.917535871566979;63.00837569060774;3969.3156082348855;2962.2545872579567;1007.0610209769288;1007.0610209769286;0.0;0.0;1.3892027881893227;500.784613401651;15.02353840204953;4.25;761.0590234728776;1546.6288110045318;785.5697875316542;True;T1;False;no PV;12.0
468185;300.0;160.0;1;True;1976 - 80;1976_1990;1;2;ground-source;True;11.67;single family house;2020-02-25;False;True;;True;True;;;both;300.0;True;True;;1555;639;916;3.939773027634093;21.815538263665594;5598.193995884409;2745.5529417536864;2852.6410541307223;1632.4200574388028;258.8427358223548;961.3782608695652;1.48305197459637;457.81091466523765;13.734327439957129;3.7642857142857147;2038.531298908376;4703.122939525338;2664.5916406169617;True;T3;True;no PV;8.0
781007;200.0;100.0;2;False;1986 - 90;1976_1990;0;2;ground-source;False;;single family house;2020-02-28;False;True;;False;False;False;;floor_only;200.0;True;True;;1552;631;921;3.981930020170327;19.654122422680413;3714.4784859895854;2233.431957158476;1481.0465288311093;1481.0465288311095;0.0;0.0;1.83;390.38;11.7114;4.25;1167.1249177972932;2055.4331175993493;888.3081998020562;True;T1;False;no PV;27.0
761079;250.0;100.0;3;False;1976 - 80;1976_1990;0;2;ground-source;False;;single family house;2020-02-28;False;True;;True;False;True;;radiator_only;250.0;True;True;;1377;581;796;3.765477061033753;28.907378358750908;5254.117725453298;2537.386231595245;2716.7314938580525;2267.2653707418503;449.46612311620265;0.0;1.896;501.175;15.03525;3.4;2021.7771953186602;4099.892527861309;2078.1153325426485;True;T2;True;no PV;9.0
461089;235.0;110.0;2;True;1976 - 80;1976_1990;0;2;ground-source;False;9.74;single family house;2020-03-09;False;True;;True;;;True;floor_only;235.0;True;True;;1426;625;801;3.6829631075065556;21.8788618513324;4074.8674334548377;2397.4456692234594;1677.4217642313783;1677.4217642313781;0.0;0.0;1.9071420808763446;473.19921120475277;14.195976336142582;4.25;1355.6202196143652;2469.9184005902016;1114.2981809758364;True;T1;False;no PV;17.0
114109;200.0;100.0;2;False;1976 - 80;1976_1990;0;1;ground-source;False;10.4;single family house;2020-05-07;False;True;;False;False;False;;radiator_only;200.0;True;True;;1442;635;807;3.640544423003478;36.44107420249654;3769.639238406873;1735.592635859608;2034.0466025472651;1692.5886609736679;341.4579415735977;0.0;1.83;390.38;11.7114;3.4;1500.4400789634662;3165.8140440306465;1665.3739650671803;True;T2;True;no PV;13.0
107114;185.0;85.0;2;True;1976 - 80;1976_1990;1;2;ground-source;False;5.06;single family house;2020-05-07;False;True;;False;True;False;;floor_only;185.0;True;True;;1415;625;790;3.646595580478312;31.32114982332156;3208.3841771473735;2076.124819020587;1132.2593581267865;1132.2593581267868;0.0;0.0;2.0347443261995024;353.76089024283556;10.612826707285066;4.25;651.7522980889652;1961.1602682998212;1309.407970210856;True;T2;False;no PV;53.0
671048;240.0;80.0;3;False;2000 - 10;2001_2010;0;2;air-source;True;;single family house;2020-05-25;;True;;False;False;False;;floor_only;240.0;True;True;;712;334;378;3.208740891141508;21.365245786516855;4061.5978819647544;2649.247033768769;1412.3508481959852;450.9725873264196;0.0;961.3782608695652;1.7074767078498865;281.0137639535891;8.430412918607674;3.5;1136.9590147885697;1677.8704795982871;540.9114648097175;True;T1;False;Unknown;16.0
109711;160.0;160.0;1;False;1995 - 00;1991_2000;2;2;ground-source;True;;single family house;2020-06-23;True;True;;;False;False;;floor_only;160.0;True;True;;712;339;373;3.184779524914509;17.571543539325845;3271.329021414206;1971.1844183398275;1300.1446030743787;338.76634220481327;0.0;961.3782608695652;2.3538149682454623;228.70815796770958;6.861244739031287;4.25;778.9069067434809;1878.6014123137566;1099.6945055702756;True;T2;False;PV;10.0
7610179;280.0;140.0;2;False;1995 - 00;1991_2000;3;4;air-source;True;;multi family house;2020-07-08;;True;;False;False;False;True;both;280.0;True;True;;1135;390;745;5.440884313349933;33.40373127753304;8010.580660384585;4789.93574162842;3220.6449187561648;870.6764920663825;427.21190495065173;1922.7565217391304;1.662766595106798;322.8418586519614;9.685255759558842;3.1;1876.3146298957697;4895.05060334685;3018.73597345108;True;T2;False;Unknown;5.0
6569121;150.0;65.0;2;True;2000 - 10;2001_2010;0;3;air-source;True;;single family house;2020-07-09;;True;;False;False;False;True;floor_only;150.0;True;True;;719;277;442;4.701064884803773;25.887867872044506;5003.736058487972;3053.502574403252;1950.2334840847197;508.1660927803724;0.0;1442.0673913043477;2.101206394693739;199.25738368162433;5.977721510448729;3.5;1594.3943183400943;2311.3808151492876;716.9864968091933;True;T1;False;Unknown;10.0
5011111;286.0;117.0;2;True;< 1975;pre1975;0;5;air-source;False;;single family house;2020-07-09;;True;;;False;False;;both;286.0;True;True;;1150;390;760;5.584448865784499;52.57780521739131;13141.824378029385;5291.9446279925305;7849.879750036855;7405.603584854087;444.2761651827671;0.0;1.634788997596445;770.7314319719874;23.121942959159618;3.1;6818.959935692485;11240.560455205441;4421.600519512956;True;T1;False;Unknown;2.0
5661171;250.0;240.0;2;False;2000 - 10;2001_2010;0;4;ground-source;False;14.4;single family house;2020-07-13;;True;;False;True;False;;floor_only;250.0;True;True;;561;252;309;3.6620680849414864;50.21064349376114;4635.8936839629905;3917.428248498375;718.4654354646154;718.4654354646163;0.0;0.0;2.778503044449283;399.8253044449283;11.994759133347848;4.25;285.5482853179804;1120.3178790285733;834.769593710593;True;T1;False;Unknown;21.0
110119;130.0;65.0;2;False;2000 - 10;2001_2010;0;2;air-source;True;7.2;single family house;2020-07-13;;True;;False;True;True;;floor_only;130.0;True;True;;719;339;380;3.147466741246901;19.404724617524337;3118.919165098824;1864.3085017452536;1254.6106633535705;293.2324024840054;0.0;961.3782608695652;2.0895751335634514;172.08490694529945;5.162547208358984;3.5;1022.1969253545307;1464.13446157436;441.93753621982944;True;T1;False;Unknown;17.0
102766;216.0;144.0;2;True;2000 - 10;2001_2010;0;2;ground-source;True;10.0;single family house;2020-07-16;;True;;False;False;False;True;floor_only;216.0;True;True;;719;277;442;4.701064884803773;42.48199443671766;4958.3744963728905;3279.997178065244;1678.3773183076464;716.9990574380811;0.0;961.3782608695652;2.5;321.3864;9.641592;4.25;1246.7905111379682;2150.5666669979314;903.7761558599632;True;T1;False;Unknown;14.0
105900;240.0;120.0;2;False;2000 - 10;2001_2010;0;5;air-source;True;11.6;single family house;2020-08-07;False;True;;True;False;True;;floor_only;240.0;True;True;;537;202;335;5.580197082557418;38.21156052141527;7417.482360374161;4405.217056690444;3012.2653036837164;608.8196515098027;0.0;2403.445652173913;1.7359006035092992;283.7424579368927;8.512273738106781;3.5;2547.5730989731665;3563.8464407333313;1016.2733417601648;True;T1;False;no PV;1.0
826780;150.0;75.0;2;False;< 1975;pre1975;2;4;ground-source;False;;single family house;2020-08-25;True;True;;;;;;radiator_only;150.0;True;True;;842;335;507;4.069792376673895;13.34161401425178;4993.888779276335;2639.011181234094;2354.8775980422415;2064.8856722989344;289.99192574330607;0.0;1.9970765814495917;372.74648721743876;11.182394616523164;3.4;1029.1266467497026;4422.3677642539615;3393.241117504259;True;T3;True;PV;33.0
698310;200.0;80.0;3;False;< 1975;pre1975;3;5;air-source;False;11.6;single family house;2020-09-21;True;True;;False;False;False;True;both;200.0;True;True;;503;210;293;3.574444694153917;25.177097415506957;5942.119889943719;3333.7705578823743;2608.3493320613443;2416.7407888282755;191.6085432330694;0.0;2.0489720494198638;507.37440988397276;15.221232296519183;3.1;1087.466724610565;4620.944563286249;3533.477838675684;True;T2;False;PV;32.0
24611;160.0;80.0;2;False;< 1975;pre1975;1;1;air-source;False;9.95;single family house;2020-11-02;;True;;True;False;False;;radiator_only;160.0;True;True;;707;337;370;3.20565853883525;19.007152758132957;4802.929784598825;1731.992212028455;3070.93757257037;2730.3797369545605;340.55783561580944;0.0;1.9574767078498865;422.5799005815801;12.677397017447403;2.8;1728.9008399293944;4357.417318839355;2628.516478909961;True;T2;False;Unknown;19.0
6683113;160.0;80.0;2;False;< 1975;pre1975;1;4;air-source;False;13.0;single family house;2020-12-11;False;True;;False;False;False;True;radiator_only;160.0;True;True;;322;170;152;2.9318234989648033;22.48769254658385;4574.954027264154;2430.359898669107;2144.594128595047;1906.7650234929865;237.82910510205943;0.0;1.9574767078498865;422.5799005815801;12.677397017447403;2.8;1324.5528257582043;3405.5836466725814;2081.030820914377;True;T2;False;no PV;28.0
896968;200.0;110.0;2;False;1976 - 80;1976_1990;1;2;air-source;False;8.14;single family house;2021-01-25;True;True;;False;False;True;;floor_only;200.0;True;True;;344;165;179;3.077478113414223;10.355299418604652;3026.028074803702;1987.8230659578244;1038.2050088458777;1038.2050088458777;0.0;0.0;1.957713556023764;371.6598978433269;11.149796935299808;3.5;558.3773225896866;1714.9496429300107;1156.572320340324;True;T2;False;PV;57.0
9981041;410.0;120.0;3;True;2000 - 10;2001_2010;0;2;ground-source;False;13.2;single family house;2021-03-17;True;True;;False;True;False;;floor_only;410.0;True;True;;1168;483;685;3.859581931209053;26.863366438356163;3972.3811264772;3397.5309246865127;574.8502017906872;574.8502017906876;0.0;0.0;1.4489713499363552;437.67030138956227;13.130109041686868;4.25;263.508882206628;1050.1995828088889;786.6907006022609;True;T1;False;PV;22.0
111710;290.0;290.0;1;False;1991 - 95;1991_2000;0;3;ground-source;False;18.7;single family house;2021-06-11;;True;;False;False;True;;floor_only;290.0;True;True;;1134;389;745;5.445682271298214;38.87321781305115;6131.606210347672;4319.052999881665;1812.553210466007;1812.5532104660085;0.0;0.0;2.1341978370758796;481.8955550136028;14.456866650408084;4.25;1412.3114424644368;2744.646442080502;1332.334999616065;True;T1;False;Unknown;9.0
1027273;200.0;80.0;2;True;2000 - 10;2001_2010;0;4;air-source;True;10.6;single family house;2021-06-15;;True;;;False;False;;floor_only;200.0;True;True;;682;277;405;4.498153714565005;27.64955571847507;6253.7860392619095;3773.3477287701826;2480.438310491727;557.6817887525957;0.0;1922.7565217391304;1.8074767078498866;242.1781366279909;7.265344098839727;3.5;2096.015051848025;2991.7973524743215;895.7823006262965;True;T1;False;Unknown;3.0
6981151;240.0;70.0;3;True;< 1975;pre1975;1;2;air-source;False;25.8;single family house;2021-09-09;False;False;oversized;True;True;False;True;floor_only;240.0;True;True;;1059;478;581;3.45481657565929;57.521465533522196;5253.328481240088;2531.22313356223;2722.105347677858;2722.105347677858;0.0;0.0;1.7552395417911693;580.4792390328687;17.41437717098606;3.5;1514.8951259262797;4670.390854733086;3155.4957288068063;True;T2;False;no PV;25.0
876511;500.0;250.0;2;False;1995 - 00;1991_2000;0;8;air-source;True;27.0;other;2021-09-15;;True;;True;False;True;True;floor_only;500.0;True;True;;412;199;213;3.7272330097087383;48.546786407766994;11557.671419958464;6211.932877513989;5345.738542444475;1500.2254989662158;0.0;3845.513043478261;1.43305197459637;638.0392930140017;19.14117879042005;3.5;4696.634050269772;6155.164667567478;1458.5306172977062;True;T1;False;Unknown;1.0
7412010;250.0;108.0;2;True;2000 - 10;2001_2010;0;5;air-source;False;10.0;single family house;2021-09-21;;True;;False;False;False;False;floor_only;250.0;True;True;;783;277;506;5.349812454883669;32.96525670498084;5449.266860865947;4751.123015337102;698.1438455288453;698.1438455288467;0.0;0.0;1.7703689233046325;299.01189233046324;8.970356769913897;3.5;362.3444312432336;1193.0898528190835;830.7454215758498;True;T1;False;Unknown;20.0
6810910;160.0;60.0;3;False;1976 - 80;1976_1990;2;2;air-source;False;16.0;single family house;2021-11-17;False;True;;True;False;False;True;both;160.0;True;True;;1238;391;847;5.8000396033808626;33.75705896607431;5170.54504441767;3028.016856180602;2142.528188237068;1847.2384957144661;295.28969252260237;0.0;2.131058255214004;291.1698255214004;8.735094765642012;3.1;787.4328207461227;3811.4606551336315;3024.027834387509;True;T2;False;no PV;45.0
9889190;200.0;80.0;3;True;< 1975;pre1975;2;4;ground-source;False;7.7;single family house;2021-11-19;False;True;;True;True;False;True;radiator_only;200.0;True;True;;1158;430;728;4.267574046957523;18.607757340241797;7152.009990869077;3282.4501076298166;3869.5598832392607;3418.708225897023;450.8516573422369;0.0;2.290467390989841;555.6734781979683;16.670204345939048;3.4;1643.0515347234948;7761.275662100646;6118.224127377151;True;T3;True;no PV;23.0
6808461;207.0;69.0;3;False;> 2010;post2010;0;4;ground-source;False;5.76;single family house;2021-11-29;False;True;;False;False;True;False;floor_only;207.0;True;True;;1177;472;705;4.04060881878517;16.408966015293117;2951.6142984890184;3035.1798860520466;-83.5655875630282;-83.56558756302836;0.0;0.0;1.8001672133263076;190.42760715805096;5.712828214741529;4.25;-284.15780670836057;86.01850612940274;370.1763128377633;False;T1;False;no PV;
6773102;200.0;100.0;2;False;< 1975;pre1975;2;4;ground-source;False;13.7;single family house;2021-11-29;False;False;;True;True;True;True;radiator_only;200.0;True;True;;1438;645;793;3.6075248130454938;35.986128650904035;5479.812731307208;2832.487198441526;2647.3255328656824;2308.9646028205175;338.36093004516414;0.0;1.83;463.58;13.907399999999999;3.4;1225.4990773009504;4927.865675057695;3702.3665977567443;True;T3;True;no PV;31.0
4710670;300.0;150.0;1;True;< 1975;pre1975;0;2;air-source;False;10.0;single family house;2021-11-30;True;True;;True;False;False;True;both;300.0;True;True;;1154;468;686;4.089511767513124;37.73992027729636;8443.330608467499;3213.015466868311;5230.315141599188;4911.154660600751;319.1604809984356;0.0;1.4113622305514582;717.9717033733406;21.539151101200215;3.1;4567.405872918924;7979.059700570993;3411.6538276520696;True;T1;False;PV;4.0
716869;155.0;70.0;3;False;1981 - 85;1976_1990;1;2;air-source;False;8.5;single family house;2021-12-02;False;True;;True;False;False;True;floor_only;155.0;True;True;;1166;479;687;4.018784491759266;17.04317409948542;3904.419793700524;2390.614219423255;1513.8055742772694;1513.805574277269;0.0;0.0;2.426308700626068;338.8789940179284;10.16636982053785;3.5;943.2436035911477;2453.3099401929117;1510.0663366017639;True;T2;False;no PV;35.0
115508;170.0;110.0;1;True;< 1975;pre1975;1;2;ground-source;False;9.6;single family house;2021-12-03;False;True;;True;True;True;True;both;170.0;True;True;;1217;477;740;4.068528187631738;25.80907148726376;4707.302671578969;2086.8261123421853;2620.476559236784;2446.6308336610746;173.84572557570962;0.0;1.9700413729621447;451.34073674392107;13.540222102317632;3.7642857142857147;1505.2967653339092;5126.594192272735;3621.297426938826;True;T3;True;no PV;26.0
781099;150.0;75.0;2;False;1981 - 85;1976_1990;0;2;ground-source;False;7.38;single family house;2021-12-03;False;True;;True;False;True;True;both;150.0;True;True;;1454;608;846;3.983574447301796;25.019319807427784;3432.252753253877;1911.813371932969;1520.439381320908;1369.1759448302587;151.26343649064944;0.0;1.9970765814495917;312.834189773951;9.385025693218529;3.7642857142857147;1115.331322850867;2345.7412203224253;1230.4098974715582;True;T2;True;no PV;28.0
105768;294.0;164.0;2;False;< 1975;pre1975;2;1;ground-source;False;17.8;single family house;2021-12-03;True;False;;True;True;True;True;radiator_only;294.0;True;True;;1158;474;684;3.819199262846987;20.966550949913643;6455.2230863642835;2445.773197796178;4009.4498885681055;3490.4468065103665;519.0030820577402;0.0;1.777601928765643;666.057567057099;19.98172701171297;3.4;1664.43796990439;7869.610691961477;6205.1727220570865;True;T3;True;PV;22.0
8010411;375.0;150.0;3;False;> 2010;post2010;0;5;air-source;False;19.9;single family house;2021-12-03;False;False;;False;False;False;True;floor_only;375.0;True;True;;1126;482;644;3.732819001467295;31.566730017761987;4730.546828031808;4886.976133127369;-156.42930509556118;-156.42930509556174;0.0;0.0;1.6581795688823329;332.1986611994099;9.965959835982298;3.5;-518.3830064877344;171.46800413677508;689.8510106245095;False;T1;False;no PV;
7086681;180.0;90.0;2;False;2000 - 10;2001_2010;0;1;air-source;False;7.5;single family house;2021-12-03;False;True;;False;False;True;True;floor_only;180.0;True;True;;1396;615;781;3.690164932934679;28.402554441260744;2288.886434908364;1907.0226099433567;381.86382496500755;381.86382496500727;0.0;0.0;1.8884199576606167;223.7882369515644;6.713647108546931;3.5;179.53398141324377;629.9814302709038;450.4474488576601;True;T1;False;no PV;26.0
868122;280.0;140.0;2;False;1986 - 90;1976_1990;0;1;air-source;False;14.0;single family house;2021-12-07;False;False;;False;False;False;False;both;280.0;True;True;;1537;608;929;4.067797912364572;24.75062589459987;5803.077912576103;2845.101248324035;2957.9766642520676;2638.577905702543;319.3987585495249;0.0;1.662766595106798;509.0717173039228;15.272151519117685;3.1;2454.5549268120176;4143.89568192297;1689.3407551109522;True;T1;False;no PV;4.0
881223;240.0;120.0;1;True;1976 - 80;1976_1990;1;2;air-source;True;17.0;single family house;2021-12-14;False;True;;True;False;True;True;radiator_only;240.0;True;True;;1206;480;726;4.162011650683779;44.2443855721393;6141.867749031928;2802.1426923155364;3339.7250567163915;1862.6915575505507;515.6552382962756;961.3782608695652;1.4894254526319743;367.3194760421717;11.01958428126515;2.8;2589.7819608873024;5155.18891519087;2565.4069543035675;True;T2;False;no PV;3.0
118708;186.0;66.0;1;True;1991 - 95;1991_2000;0;2;ground-source;False;8.0;single family house;2021-12-16;False;True;;False;False;False;;floor_only;156.0;False;False;;1395;615;780;3.6916632590514777;23.895303225806448;2276.7900352113934;1818.959326248464;457.8307089629293;457.830708962929;0.0;0.0;1.2398356029844224;217.58458218530643;6.527537465559194;4.25;349.76167258793504;729.5054494424667;379.74377685453163;True;T2;False;no PV;18.0
1037610;222.0;90.0;2;True;> 2010;post2010;0;5;ground-source;False;7.56;single family house;2021-12-17;False;True;;True;False;False;True;floor_only;222.0;True;True;;1240;488;752;4.067521353436185;49.493156451612904;3422.735447623457;3511.0362255210866;-88.30077789762981;-88.30077789762923;0.0;0.0;1.761912119250625;202.1884777136733;6.065654331410199;4.25;-326.465159280775;109.75889784060881;436.22405712138385;False;T1;False;no PV;
6885841;170.0;75.0;3;False;> 2010;post2010;0;4;air-source;False;7.0;single family house;2021-12-20;False;True;;True;True;False;True;floor_only;170.0;True;True;;1288;601;687;3.5361586270141325;18.775337732919255;2935.925622360805;3029.6051204916866;-93.67949813088171;-93.67949813088208;0.0;0.0;2.3123072401538716;177.28513539827796;5.318554061948339;3.5;-284.9006650973997;82.35403101397101;367.2546961113707;False;T1;False;no PV;
2794690;140.0;70.0;2;False;1976 - 80;1976_1990;1;6;air-source;False;5.0;single family house;2021-12-22;False;True;;False;True;False;False;floor_only;140.0;True;True;;1214;481;733;4.143672963971062;22.821444810543657;4802.25914470817;3616.431524206759;1185.8276205014113;1185.827620501411;0.0;0.0;2.040846898081145;268.3089960119522;8.049269880358567;3.5;678.0331784177076;2034.365940690184;1356.3327622724764;True;T2;False;no PV;49.0
111119;180.0;100.0;2;True;1981 - 85;1976_1990;0;2;ground-source;False;8.65;single family house;2021-12-22;False;True;;False;True;False;True;floor_only;180.0;True;True;;1550;628;922;3.991898639551192;18.850669677419354;3977.414603897695;2273.598221783519;1703.8163821141761;1703.8163821141763;0.0;0.0;2.3333333333333335;423.822;12.71466;4.25;1414.2941200904495;2535.3108814596476;1121.016761369198;True;T1;False;no PV;14.0
105807;200.0;100.0;2;False;1981 - 85;1976_1990;1;2;ground-source;False;16.2;single family house;2022-01-04;False;False;;;True;False;False;both;200.0;True;True;;1243;488;755;4.085178180419042;35.74891069991955;3862.3644068303156;2272.1678166052366;1590.196590225079;1392.4358060347827;197.76078419029682;0.0;1.83;353.78;10.6134;3.7642857142857147;877.5863886317496;2885.336022176134;2007.7496335443843;True;T3;True;no PV;39.0
7374981;200.0;100.0;2;False;> 2010;post2010;0;5;air-source;False;10.4;single family house;2022-01-04;True;True;;False;False;False;True;floor_only;200.0;True;True;;1159;390;769;5.667892173412862;28.154070750647108;4291.101566321194;4430.906024724316;-139.80445840312223;-139.80445840312305;0.0;0.0;1.83;185.42;5.5626;3.5;-466.37758806973943;146.36449498490293;612.7420830546423;False;T1;False;PV;
861116;195.0;65.0;3;False;1976 - 80;1976_1990;1;2;air-source;False;12.0;single family house;2022-01-06;False;False;;;False;False;False;floor_only;195.0;True;True;;1365;619;746;3.6950818920210224;18.553728937728938;3712.7264239488013;2385.1062648702955;1327.6201590785058;1327.6201590785051;0.0;0.0;1.8395751335634511;346.2425057314111;10.387275171942333;3.5;789.1552789940977;2181.7956628148;1392.6403838207023;True;T2;False;no PV;44.0
108511;274.0;156.0;2;False;2000 - 10;2001_2010;0;5;ground-source;False;7.8;single family house;2022-01-10;False;True;;True;False;True;;floor_only;274.0;True;True;;804;335;469;3.8221840976278028;38.94995646766169;4223.585662502912;3756.02541313488;467.5602493680317;467.5602493680323;0.0;0.0;1.838627421645295;335.19816541232433;10.055944962369729;4.25;242.87289375291817;834.3551316837721;591.4822379308539;True;T1;False;no PV;24.0
86109;160.0;60.0;3;False;1981 - 85;1976_1990;1;2;air-source;False;8.0;single family house;2022-01-13;False;True;;True;True;False;True;floor_only;160.0;True;True;;1434;572;862;4.173408803791967;18.848203626220364;3811.496620667531;2386.204576151908;1425.2920445156228;1425.2920445156221;0.0;0.0;2.131058255214004;316.7425245839684;9.502275737519053;3.5;775.6539718092157;2335.1377790244214;1559.4838072152056;True;T2;False;no PV;47.0
1037311;180.0;60.0;3;False;1976 - 80;1976_1990;2;3;ground-source;False;4.0;single family house;2022-01-14;False;True;;False;True;False;False;floor_only;180.0;True;True;;1163;472;691;4.0756992660161755;11.521712811693895;3456.5574881950015;2509.7386144297334;946.8188737652681;946.8188737652686;0.0;0.0;1.8942740046346702;300.9278255214004;9.027834765642012;4.25;236.4883370215233;1829.3765629436539;1592.8882259221305;True;T2;False;no PV;58.0
116121;395.0;235.0;1;True;< 1975;pre1975;0;2;air-source;True;11.3;single family house;2022-01-19;False;True;;True;False;False;True;radiator_only;395.0;True;True;;1241;459;782;4.43484774433895;83.6525592264303;14633.344217347945;4391.495084248712;10241.849133099233;8367.477535950098;912.9933362795696;961.3782608695652;1.5211172086365705;1003.8562515054513;30.11568754516354;2.8;9138.527046209061;14738.966016351349;5600.438970142288;True;T1;False;no PV;1.0
120741;164.0;66.0;2;True;1981 - 85;1976_1990;0;2;air-source;False;13.0;single family house;2022-01-19;False;True;;True;True;False;True;floor_only;164.0;True;True;;1208;472;736;4.159824017420098;31.793264900662255;3975.0434614129413;2340.8879687139547;1634.1554926989866;1634.1554926989859;0.0;0.0;1.9411526641778716;334.69482954013677;10.040844886204102;3.5;1364.2604297341743;2437.2902211174433;1073.029791383269;True;T1;False;no PV;16.0
114721;140.0;80.0;2;False;1981 - 85;1976_1990;1;2;air-source;False;12.0;single family house;2022-01-19;False;True;;False;False;True;True;both;140.0;True;True;;1520;631;889;3.913876902173913;32.87059078947369;3692.343697528379;2127.096006922425;1565.2476906059537;1386.2058496005352;179.04184100541815;0.0;2.2371162375427276;287.5433912791873;8.62630173837562;3.1;929.4318629582157;2525.084930843095;1595.6530678848794;True;T2;False;no PV;36.0
815461;240.0;120.0;2;False;1981 - 85;1976_1990;1;2;ground-source;False;;single family house;2022-01-19;True;True;;True;True;False;True;floor_only;240.0;True;True;;1142;461;681;4.031672339399477;16.591260945709283;3893.207009770775;2507.734005987422;1385.4730037833533;1385.473003783353;0.0;0.0;1.7359006035092992;408.72730138956223;12.261819041686868;4.25;784.9146900886489;2392.8583271717557;1607.9436370831068;True;T2;False;PV;46.0
1678757;200.0;100.0;2;False;1976 - 80;1976_1990;1;2;air-source;False;5.2;single family house;2022-01-20;False;True;;True;False;False;True;floor_only;200.0;True;True;;1437;608;829;3.9172788770889433;17.724354210160055;3960.131663299681;2524.102681734861;1436.0289815648198;1436.0289815648193;0.0;0.0;1.83;353.78;10.6134;3.5;861.9601791806996;2389.6843593862727;1527.7241802055732;True;T2;False;no PV;40.0
971071;250.0;150.0;1;True;1981 - 85;1976_1990;1;2;air-source;False;8.14;single family house;2022-01-20;False;True;;True;False;False;True;floor_only;250.0;True;True;;1566;640;926;3.9749183001092048;33.89293295019157;4604.07972985526;2918.3591798876946;1685.7205499675651;1685.7205499675656;0.0;0.0;1.6936346766617498;418.3610684158062;12.550832052474185;3.5;1002.7953377915758;3031.465584449563;2028.670246657987;True;T2;False;no PV;32.0
121728;455.0;170.0;2;True;> 2010;post2010;0;7;ground-source;False;10.6;multi family house;2022-01-21;False;True;;True;False;True;True;floor_only;455.0;True;True;;1561;623;938;4.040116629065352;35.724942985265855;5431.26386559411;5567.379021789743;-136.11515619563306;-136.11515619563355;0.0;0.0;1.3341470986394353;367.6833631714263;11.03050089514279;4.25;-489.00887167092867;190.50236300783823;679.5112346787669;False;T1;False;no PV;
114798;301.0;186.0;1;True;< 1975;pre1975;1;3;ground-source;False;14.4;single family house;2022-01-21;False;True;;True;False;False;True;radiator_only;301.0;True;True;;1075;457;618;3.842205251095382;38.802642790697675;7312.300845461044;3112.944993898049;4199.355851562996;3698.4402552623988;500.9155963005992;0.0;1.6609253936583748;696.790297840288;20.90370893520864;3.4;2306.20016250721;8377.029624242889;6070.829461735679;True;T3;True;no PV;15.0
1081057;200.0;80.0;3;False;> 2010;post2010;0;4;ground-source;False;7.5;single family house;2022-01-25;False;True;;True;False;True;True;floor_only;200.0;True;True;;1199;479;720;4.140636484510039;21.62621684737281;3031.677059693115;3125.850970295486;-94.17391060237105;-94.17391060237122;0.0;0.0;2.0489720494198638;195.93065837215346;5.877919751164604;4.25;-335.67729787454573;93.68141887083179;429.35871674537754;False;T1;False;no PV;
9776611;180.0;90.0;2;False;> 2010;post2010;0;3;air-source;False;7.0;single family house;2022-01-28;False;True;;True;True;False;True;floor_only;180.0;True;True;;1246;488;758;4.107521919417498;22.829201444622793;2726.312770201068;2820.4083738693766;-94.09560366830874;-94.0956036683092;0.0;0.0;1.8884199576606167;169.40174217093863;5.0820522651281586;3.5;-323.57199736301175;120.36984808619954;443.9418454492113;False;T1;False;no PV;
7411010;260.0;90.0;3;True;> 2010;post2010;0;4;air-source;False;14.7;single family house;2022-01-31;False;False;oversized;False;False;False;True;floor_only;260.0;True;True;;1553;640;913;3.947331224278395;24.247873148744365;3729.4154777061503;3860.7258671405407;-131.31038943439034;-131.3103894343903;0.0;0.0;1.8984703333195931;245.3185487991426;7.359556463974278;3.5;-456.937622796726;132.84946729900923;589.7870900957353;False;T1;False;no PV;
512280;300.0;150.0;2;True;> 2010;post2010;0;4;ground-source;False;10.6;single family house;2022-02-01;False;True;;;False;False;False;floor_only;300.0;True;True;;1427;603;824;3.974448549201223;29.628056061667834;3606.7943694345613;3729.368829133362;-122.57445969880064;-122.57445969880052;0.0;0.0;1.8522703842524304;279.733467666175;8.39200402998525;4.25;-460.3472620760464;137.9896014072368;598.3368634832832;False;T1;False;no PV;
7710511;200.0;90.0;2;True;< 1975;pre1975;1;3;air-source;False;19.6;single family house;2022-02-04;False;True;;True;False;True;True;radiator_only;200.0;True;True;;1237;490;747;3.9634322519419354;59.100941794664514;7186.478510055424;2977.1893197118934;4209.28919034353;3742.31251258947;466.97667775406063;0.0;1.9557224523681938;527.8389395210027;15.83516818563008;2.8;2661.1537332996513;7124.013944036259;4462.860210736608;True;T2;False;no PV;9.0
823761;240.0;140.0;2;False;1991 - 95;1991_2000;1;2;air-source;False;8.2;single family house;2022-02-07;False;True;;False;True;False;;floor_only;240.0;True;True;;1546;631;915;3.976523539006693;22.59410931435964;3865.2697438970868;2978.970336753288;886.2994071437988;886.2994071437984;0.0;0.0;1.939894360957931;338.2439571492041;10.147318714476123;3.5;341.58075884199883;1628.828360035382;1287.2476011933832;True;T2;False;no PV;19.0
1101758;192.0;64.0;2;True;1976 - 80;1976_1990;2;2;ground-source;False;7.7;single family house;2022-02-09;False;True;;True;False;True;True;floor_only;192.0;True;True;;1518;631;887;3.897645734280422;17.585399868247695;2892.867242960492;2064.340697698067;828.5265452624253;828.526545262425;0.0;0.0;1.625;288.67679999999996;8.660303999999998;4.25;230.32593263489835;1729.8594781667803;1499.5335455318818;True;T2;False;no PV;59.0
1061168;160.0;54.0;3;False;> 2010;post2010;0;2;ground-source;False;5.2;single family house;2022-02-11;False;True;;False;False;False;False;floor_only;160.0;True;True;;962;423;539;3.67569336225858;21.490136174636174;1793.1502219455183;1856.196783119793;-63.04656117427476;-63.046561174274835;0.0;0.0;1.994315018740781;154.64569671964597;4.63937090158938;4.25;-206.97582222589025;81.0307656889354;288.0065879148257;False;T1;False;no PV;
808112;140.0;70.0;2;False;1981 - 85;1976_1990;0;2;air-source;True;12.0;single family house;2022-02-16;False;False;oversized;False;False;True;True;floor_only;140.0;True;True;;1451;648;803;3.572368836085059;29.940248104755344;4165.570342181909;1944.6588421066244;2220.9115000752845;1259.5332392057196;0.0;961.3782608695652;2.040846898081145;296.8808525850883;8.90642557755265;3.5;1956.2754057411557;2741.147131589664;784.871725848508;True;T1;False;no PV;10.0
1019970;170.0;70.0;2;True;> 2010;post2010;0;4;ground-source;False;5.69;single family house;2022-03-09;False;True;;True;False;False;True;floor_only;170.0;True;True;;1361;588;773;3.7735851675558254;18.509987509184423;2651.5866605087554;2720.8887040502213;-69.30204354146599;-69.30204354146579;0.0;0.0;1.9464600421423555;162.35856971940808;4.8707570915822425;4.25;-252.91788594794747;64.18932161986551;317.10720756781296;False;T1;False;no PV;
1148611;240.0;95.0;3;False;1991 - 95;1991_2000;0;3;ground-source;True;11.6;single family house;2022-03-15;True;True;;True;True;True;False;floor_only;240.0;True;True;;1358;620;738;3.4680180839256365;36.10047201767305;5001.508278191697;2704.702236959421;2296.806041232276;854.7386499279279;0.0;1442.0673913043477;1.9095672365492102;369.1588752244958;11.074766256734872;4.25;2047.170101998399;2717.841925504969;670.6718235065698;True;T1;False;PV;4.0
7048688;135.0;45.0;3;False;1986 - 90;1976_1990;2;4;ground-source;False;9.0;single family house;2022-03-24;True;False;oversized;False;False;True;False;floor_only;135.0;True;True;;981;338;643;4.43922752589047;16.967963302752295;3485.921244360303;2651.514850946755;834.4063934135479;834.4063934135479;0.0;0.0;2.109968943799849;243.89512963311222;7.316853888993366;4.25;189.0066686761152;1582.306996253143;1393.300327577028;True;T2;False;PV;60.0
109104;200.0;100.0;2;False;< 1975;pre1975;2;2;air-source;True;8.6;single family house;2022-03-31;False;True;;True;False;False;True;radiator_only;200.0;True;True;;1173;472;701;4.030666308363295;39.20022591645353;7128.800874169006;2575.758194485449;4553.042679683557;3132.605304975238;459.0591138387537;961.3782608695652;1.83;463.58;13.907399999999999;2.8;2613.667843180873;7358.0709754856025;4744.403132304729;True;T2;False;no PV;11.0
468646;150.0;60.0;2;True;1986 - 90;1976_1990;0;2;air-source;False;7.8;single family house;2022-04-05;False;True;;False;False;False;;floor_only;150.0;True;True;;666;330;336;3.180803031292162;26.147800300300304;3341.849665708379;2019.075956403099;1322.7737093052797;1322.7737093052792;0.0;0.0;1.99427400463467;312.4978805561604;9.374936416684811;3.5;992.339428315994;1759.1695511125183;766.8301227965243;True;T1;False;no PV;33.0
1114639;195.0;65.0;3;False;1976 - 80;1976_1990;0;5;ground-source;False;9.9;single family house;2022-05-08;False;True;;True;False;True;True;floor_only;195.0;True;True;;646;312;334;3.2776545183290704;25.13891021671827;4549.114563277584;3203.0461866622472;1346.068376615337;1346.0683766153372;0.0;0.0;1.8395751335634511;382.1142208358984;11.46342662507695;4.25;966.069566020052;1676.471597389263;710.402031369211;True;T1;False;no PV;34.0
671781;180.0;90.0;2;False;< 1975;pre1975;2;4;air-source;True;9.5;single family house;2022-06-02;False;True;;True;False;True;;floor_only;180.0;True;True;;464;166;298;4.407009635807096;28.284771551724138;7170.166667048497;3058.3172237129543;4111.849443335543;2189.0929215964106;0.0;1922.7565217391304;1.8884199576606167;427.737592378911;12.832127771367329;3.5;2681.607925304468;5997.15380231988;3315.545877015412;True;T2;False;no PV;8.0
768113;150.0;75.0;2;False;1976 - 80;1976_1990;1;2;air-source;False;6.6;single family house;2022-06-07;True;True;;False;False;False;True;radiator_only;150.0;True;True;;908;349;559;4.278681374896252;18.584830396475773;4144.7832528787685;2220.349255205481;1924.4339976732876;1554.2271186545258;370.20687901876164;0.0;1.9970765814495917;282.8780410522071;8.486341231566213;2.8;1259.8426129265138;2900.0791602158315;1640.2365472893177;True;T2;False;PV;21.0
122850;220.0;140.0;1;True;2000 - 10;2001_2010;0;1;ground-source;True;9.1;single family house;2022-06-13;False;True;;False;False;True;True;floor_only;220.0;True;True;;913;376;537;3.898378446592695;22.9286286966046;2787.077182414585;1926.1575480885353;860.9196343260496;380.230503891267;0.0;480.6891304347826;1.82582265896558;268.01039398897103;8.040311819669132;4.25;668.4867539933934;1194.106844522219;525.6200905288256;True;T1;False;no PV;18.0
461104;210.0;70.0;3;False;1991 - 95;1991_2000;0;3;air-source;False;5.6;single family house;2022-06-15;False;True;;False;False;False;False;floor_only;210.0;True;True;;767;277;490;4.362096508134459;20.04379009126467;4146.03243461132;3108.4786520699436;1037.5537825413767;1037.553782541377;0.0;0.0;1.7908468980811454;309.30181672837233;9.279054501851169;3.5;761.4859045419356;1449.1244794965341;687.6385749545985;True;T1;False;no PV;11.0
112810;180.0;80.0;2;True;1991 - 95;1991_2000;0;4;air-source;False;6.83;single family house;2022-07-01;True;True;;True;False;False;True;floor_only;180.0;True;True;;851;347;504;3.8071850934109914;31.142971797884844;3935.328641431747;3064.8777167990365;870.4509246327107;870.4509246327115;0.0;0.0;2.0083074531665406;286.64443786348755;8.599333135904626;3.5;707.5586326991981;1308.9575613022846;601.3989286030865;True;T1;False;PV;13.0
610891;240.0;110.0;2;True;2000 - 10;2001_2010;0;4;air-source;True;11.6;single family house;2022-07-08;False;True;;True;False;False;True;floor_only;240.0;True;True;;824;363;461;3.701072437385676;33.94351577669903;5870.618851019761;3458.781019490401;2411.83783152936;489.08130979022985;0.0;1922.7565217391304;1.8674099541914206;296.3673556023764;8.89102066807129;3.5;2071.540929105565;2952.5077010412506;880.9667719356858;True;T1;False;no PV;4.0
858577;180.0;90.0;2;False;1981 - 85;1976_1990;1;1;air-source;True;11.6;single family house;2022-07-19;False;True;;;False;True;False;floor_only;180.0;True;True;;1127;472;655;3.793147570181192;25.89477107364685;3722.03541981326;1949.9234750915182;1772.1119447217418;1291.4228142869588;0.0;480.6891304347826;1.8884199576606167;325.7629146652377;9.772887439957131;3.5;1215.853022139254;2562.4364022172967;1346.5833800780426;True;T2;False;no PV;24.0
8399121;168.0;84.0;2;False;2000 - 10;2001_2010;0;4;air-source;True;8.0;single family house;2022-08-09;False;True;;False;False;True;True;floor_only;168.0;True;True;;478;202;276;4.868294979079498;28.97189539748954;5460.67547785715;3124.889476736733;2335.7860011204175;413.02947938128614;0.0;1922.7565217391304;1.928376607274359;211.55410800883692;6.3466232402651075;3.5;2033.0061699749283;2707.496303224632;674.4901332497036;True;T1;False;no PV;6.0
108987;180.0;100.0;2;False;2000 - 10;2001_2010;0;3;air-source;True;8.0;single family house;2022-08-18;False;True;;True;False;False;True;floor_only;180.0;True;True;;512;151;361;5.861366833673007;32.3279296875;5295.818942867425;3291.9498935859383;2003.8690492814867;561.8016579771393;0.0;1442.0673913043477;2.033333333333333;234.22199999999998;7.02666;3.5;1644.909680394123;2396.246530462886;751.3368500687629;True;T1;False;no PV;8.0
788488;250.0;90.0;3;True;2000 - 10;2001_2010;0;3;air-source;False;9.0;single family house;2022-09-01;False;True;;;False;False;False;floor_only;250.0;True;True;;599;226;373;5.208797996661102;23.861664440734558;5465.125786624905;4583.337869656258;881.7879169686476;881.7879169686474;0.0;0.0;1.9744091466523768;319.41591466523766;9.582477439957131;3.5;458.4541663455251;1429.8701953746272;971.4160290291021;True;T1;False;no PV;19.0
865116;200.0;100.0;2;False;1981 - 85;1976_1990;0;2;air-source;True;9.0;single family house;2022-10-04;True;True;;True;False;False;True;floor_only;200.0;True;True;;726;325;401;3.410258284425281;23.21919008264463;5186.3030097691935;2489.758671394112;2696.5443383750817;1735.1660775055175;0.0;961.3782608695652;1.83;390.38;11.7114;3.5;2170.5188870600355;3120.4074695991017;949.8885825390662;True;T1;False;PV;7.0
991118;234.5;93.0;2;True;1981 - 85;1976_1990;0;2;ground-source;True;26.0;single family house;2022-10-10;False;False;;False;False;;True;floor_only;217.0;True;True;;1569;640;929;3.9848345387535673;51.17662205226259;5013.088165997987;2432.3908818526484;2580.6972841453385;1619.3190232757743;0.0;961.3782608695652;1.7052391068094237;434.3154064374479;13.029462193123438;4.25;2254.711506340508;3445.1427718007503;1190.4312654602422;True;T1;False;no PV;5.0
816910;180.0;90.0;2;False;1995 - 00;1991_2000;0;3;air-source;True;12.0;single family house;2022-10-11;False;True;;;False;True;False;floor_only;180.0;True;True;;476;137;339;6.181615515771527;40.8927731092437;5946.913439955514;3324.495166711612;2622.418273243902;1180.3508819395543;0.0;1442.0673913043477;1.8884199576606167;274.7755758084011;8.243267274252032;3.5;2299.84804798122;3145.694013209461;845.8459652282409;True;T1;False;no PV;2.0
1001228;170.0;57.0;3;False;2000 - 10;2001_2010;0;3;air-source;False;9.4;single family house;2022-10-12;False;True;;False;False;False;False;floor_only;170.0;True;True;;295;170;125;2.4354654875951853;23.96304406779661;2156.000524947778;1945.4531711145041;210.54735383327397;210.54735383327358;0.0;0.0;1.9418507982516016;214.9888542811089;6.449665628433267;3.5;105.76869944040193;348.22855790284694;242.45985846244503;True;T1;False;no PV;35.0
107461;120.0;60.0;2;False;1981 - 85;1976_1990;2;2;air-source;False;12.0;single family house;2022-10-19;False;True;;;False;False;False;floor_only;120.0;True;True;;577;328;249;2.690849345691106;21.520972270363952;2284.925334071286;1639.5994612325053;645.3258728387809;645.3258728387807;0.0;0.0;2.1442740046346698;219.36855034760026;6.581056510428008;3.5;148.7370250230113;1123.0255437014105;974.2885186783992;True;T2;False;no PV;61.0
106100;140.0;60.0;3;False;1976 - 80;1976_1990;1;2;air-source;False;8.0;single family house;2022-10-19;False;True;;True;False;False;True;floor_only;140.0;True;True;;742;339;403;3.3471929762881363;17.25543665768194;3052.270776634423;1945.1255274801538;1107.145249154269;1107.1452491542689;0.0;0.0;2.435495148816005;306.98452458396844;9.209535737519053;3.5;605.4195253418746;1799.6727848327425;1194.253259490868;True;T2;False;no PV;56.0
5845834;180.0;75.0;2;True;2000 - 10;2001_2010;0;4;ground-source;False;7.34;single family house;2022-10-23;False;True;;True;False;True;True;floor_only;180.0;True;True;;557;263;294;3.2924055759373454;26.735978456014365;3085.8233227673727;2763.769779152845;322.0535436145278;322.0535436145275;0.0;0.0;1.924038105676658;226.35274360871938;6.790582308261581;4.25;145.1240341007867;508.71083495159513;363.58680085080846;True;T1;False;no PV;30.0
1111201;250.0;125.0;1;True;< 1975;pre1975;0;4;air-source;True;13.0;single family house;2022-10-25;True;True;;False;False;False;True;both;250.0;True;True;;866;342;524;4.055902065133715;68.88914318706698;9788.05609645318;3497.7566644987855;6290.299431954394;4107.063789410371;260.4791208048924;1922.7565217391304;1.4744860247099318;619.614033339602;18.58842100018806;3.1;5704.662917037598;8528.072678194827;2823.409761157229;True;T1;False;PV;3.0
8612210;300.0;150.0;2;False;1981 - 85;1976_1990;1;6;ground-source;False;20.42;single family house;2022-11-10;True;True;;;False;True;False;floor_only;300.0;True;True;;582;251;331;3.673981796902236;25.341006872852233;6092.46884438691;4421.131651360645;1671.3371930262647;1671.3371930262654;0.0;0.0;1.631816307401944;489.0514245544082;14.671542736632246;4.25;854.2639892788899;2580.0259977654896;1725.7620084865998;True;T2;False;PV;42.0
7211010;180.0;90.0;2;False;< 1975;pre1975;1;4;ground-source;False;9.33;single family house;2022-11-21;True;True;;True;False;True;True;radiator_only;180.0;True;True;;579;248;331;3.6930179720157192;29.643431778929187;6074.577788773402;2906.3603107003964;3168.2174780730056;2811.3882699631226;356.8292081098817;0.0;1.8884199576606167;461.72915161680214;13.851874548504064;3.4;1680.5571201964915;5252.287444489359;3571.7303242928674;True;T3;True;PV;21.0
1211151;245.0;173.0;1;True;< 1975;pre1975;1;4;ground-source;False;9.1;single family house;2022-11-23;True;True;;;False;True;False;both;245.0;True;True;;910;355;555;4.196328961618092;30.790403296703296;7093.906987996297;3397.609387266625;3696.297600729672;3448.740709245057;247.55689148461346;0.0;1.9288887032450928;639.3710055245525;19.181130165736576;3.7642857142857147;2035.3645162947575;7261.569323806151;5226.2048075113935;True;T3;True;PV;16.0
7771161;240.0;90.0;3;False;< 1975;pre1975;1;3;air-source;False;23.7;single family house;2022-11-26;False;False;oversized;False;True;False;False;radiator_only;240.0;True;True;;887;368;519;3.8317206182703463;70.64288049605412;7617.486331140963;3145.437785874872;4472.0485452660905;3963.009750971285;509.03879429480514;0.0;1.8432224523681937;603.7067274252031;18.11120182275609;2.8;2803.566879749285;6981.190437753021;4177.6235580037355;True;T2;False;no PV;7.0
5769106;200.0;100.0;2;False;> 2010;post2010;0;4;ground-source;False;7.56;single family house;2022-12-03;False;True;;True;False;True;True;floor_only;200.0;True;True;;582;251;331;3.673981796902236;23.49482474226804;2947.8035604383067;3031.8798171108947;-84.07625667258799;-84.0762566725883;0.0;0.0;1.83;185.42;5.5626;4.25;-254.05766087546598;101.53980937129552;355.59747024676153;False;T1;False;no PV;
901187;180.0;120.0;1;True;< 1975;pre1975;0;2;air-source;False;12.2;single family house;2022-12-08;False;True;;;False;True;False;radiator_only;180.0;True;True;;1448;649;799;3.5595957742813673;29.733950966850827;6637.557597273485;2261.4354171755554;4376.122180097929;3995.6437605866504;380.47841951128015;0.0;1.9859006035092992;570.3958466527597;17.11187539958279;2.8;3888.439987531975;6602.164547815153;2713.724560283178;True;T1;False;no PV;5.0
7411491;180.0;70.0;3;False;1991 - 95;1991_2000;0;4;air-source;False;;single family house;2022-12-11;False;True;;;;False;;floor_only;180.0;True;True;;1132;478;654;3.7661865237875762;20.783779151943463;4058.038283232184;3133.1138391575887;924.9244440745952;924.9244440745955;0.0;0.0;2.0893213810946696;294.66481672837233;8.839944501851171;3.5;707.5360810691178;1297.8725773344722;590.3364962653544;True;T1;False;no PV;14.0
1071058;250.0;110.0;2;True;> 2010;post2010;0;4;air-source;False;13.7;single family house;2022-12-11;False;False;oversized;True;True;False;True;floor_only;250.0;True;True;;1059;469;590;3.531261738583022;34.03231539187913;3303.423986338833;3406.7263104615527;-103.30232412271971;-103.30232412271997;0.0;0.0;1.792713556023764;229.53781336142583;6.886134400842775;3.5;-382.2029161655704;98.29941574185662;480.502331907427;False;T1;False;no PV;
1091217;150.0;65.0;2;True;2000 - 10;2001_2010;0;6;ground-source;False;5.7;single family house;2022-12-16;False;True;;False;;False;True;floor_only;150.0;True;True;;1038;472;566;3.4782180684705812;19.625136801541426;3503.205745967475;3237.0116221775374;266.19412378993775;266.19412378993786;0.0;0.0;2.101206394693739;199.25738368162433;5.977721510448729;4.25;138.30652631147345;462.62272857157916;324.3162022601057;True;T1;False;no PV;31.0
7069411;190.0;90.0;2;True;1995 - 00;1991_2000;0;4;air-source;False;12.0;single family house;2022-12-22;False;False;oversized;False;;True;True;floor_only;190.0;True;True;;997;454;543;3.5918107801665866;29.74669709127382;3967.6505403897836;3079.0874663066406;888.563074083143;888.5630740831435;0.0;0.0;2.0586552130191516;307.83046976050133;9.234914092815039;3.5;693.3948670090513;1355.9343291340394;662.5394621249882;True;T1;False;no PV;15.0
679810;320.0;100.0;2;False;1981 - 85;1976_1990;0;2;ground-source;False;5.31;other;2022-12-22;False;True;;False;False;True;;floor_only;160.0;False;False;;1147;479;668;3.8709733899397296;24.182837837837837;4065.323448871009;2625.5463374383476;1439.7771114326615;1439.7771114326608;0.0;0.0;1.14375;448.928;13.46784;4.25;1199.7712831955434;1997.9291693778675;798.1578861823241;True;T2;False;no PV;25.0
721074;134.0;67.0;2;False;> 2010;post2010;0;1;air-source;False;6.0;single family house;2023-01-03;False;True;;False;True;False;False;floor_only;134.0;True;True;;1101;479;622;3.6065983756532267;13.017502270663034;1475.5352883529192;1542.9371167917197;-67.40182843880052;-67.40182843880035;0.0;0.0;2.0694299990480967;131.93146876938678;3.9579440630816034;3.5;-202.9259540355443;71.42496430250961;274.35091833805393;False;T1;False;no PV;
712718;200.0;120.0;2;False;1981 - 85;1976_1990;0;2;ground-source;False;13.7;single family house;2023-01-05;False;False;oversized;True;True;False;True;floor_only;200.0;True;True;;1122;460;662;3.8258845036038127;24.31212299465241;3894.3848783361937;2274.582825240314;1619.8020530958797;1619.8020530958797;0.0;0.0;2.083080724211159;430.8729158737854;12.926187476213563;4.25;1300.4035693877836;2275.4480218287376;975.044452440954;True;T1;False;no PV;19.0
7211189;202.0;101.0;2;False;< 1975;pre1975;2;5;air-source;False;10.0;single family house;2023-01-10;False;True;;False;False;;False;floor_only;202.0;True;True;;1132;479;653;3.761916794694526;38.58671996466431;5932.658260900256;3577.199412067027;2355.4588488332292;2355.458848833229;0.0;0.0;1.8246401654267885;467.13311341621124;14.013993402486339;3.5;922.2301256033868;4381.130636213455;3458.9005106100676;True;T2;False;no PV;35.0
811080;190.0;95.0;2;False;1986 - 90;1976_1990;0;2;air-source;False;10.7;single family house;2023-01-11;False;True;;False;False;True;False;floor_only;190.0;True;True;;1039;473;566;3.4748704091169045;34.272207892204044;3673.430457546789;2207.2853570191346;1466.1451005276544;1466.1451005276547;0.0;0.0;1.8580566202519662;375.12560627829885;11.253768188348966;3.5;1193.1354428838188;2055.35494325439;862.2195003705713;True;T1;False;no PV;26.0
5831058;160.0;100.0;1;True;< 1975;pre1975;1;4;air-source;False;12.0;single family house;2023-01-12;False;True;;False;False;False;False;radiator_only;160.0;True;True;;1118;465;653;3.8090248762023284;24.268602862254024;6140.251956085794;2912.972764864643;3227.2791912211505;2868.7968695702075;358.48232165094356;0.0;1.95;421.264;12.63792;2.8;2016.7935975945709;5797.850610454888;3781.0570128603167;True;T2;False;no PV;17.0
760117;155.0;77.5;2;False;1976 - 80;1976_1990;1;2;air-source;False;12.0;single family house;2023-01-18;False;True;;True;False;False;True;floor_only;155.0;True;True;;1103;479;624;3.6130989527901507;35.129248413417955;3175.41624300671;2066.5698719864163;1108.8463710202936;1108.8463710202936;0.0;0.0;1.97679756197366;290.1070354741421;8.703211064224263;3.5;649.1627782147732;1887.915001309514;1238.7522230947409;True;T2;False;no PV;54.0
468980;160.0;75.0;2;True;< 1975;pre1975;1;2;air-source;False;12.9;single family house;2023-01-23;False;True;;True;False;False;True;radiator_only;160.0;True;True;;1219;481;738;4.123777532070716;20.398571780147662;6238.228529069699;2380.433047049881;3857.795482019818;3447.567655039956;410.2278269798618;0.0;2.1645428688862403;459.0235449239783;13.770706347719349;2.8;2481.3933178436473;6622.690984932411;4141.297667088764;True;T2;False;no PV;13.0
103721;160.0;80.0;2;False;2000 - 10;2001_2010;0;2;ground-source;False;6.1;single family house;2023-01-25;False;True;;;False;False;False;floor_only;160.0;True;True;;1041;474;567;3.4688508053850113;26.704471661863593;2046.9690277348573;1783.1634999219918;263.8055278128654;263.8055278128652;0.0;0.0;1.9574767078498865;203.34250930239273;6.1002752790717825;4.25;124.63178873533721;450.34499188100835;325.7132031456712;True;T1;False;no PV;33.0
821088;220.0;110.0;2;False;1995 - 00;1991_2000;1;2;ground-source;False;9.5;single family house;2023-01-25;False;True;;True;True;False;True;floor_only;220.0;True;True;;1036;473;563;3.4831671702758658;24.847171814671814;2633.2931240811326;2112.540974456919;520.7521496242139;520.7521496242138;0.0;0.0;1.7797395963852398;293.32078782225756;8.799623634667727;4.25;174.62520078879987;934.852377874996;760.2271770861962;True;T2;False;no PV;20.0
796869;150.0;50.0;3;True;2000 - 10;2001_2010;0;2;air-source;False;5.29;single family house;2023-01-30;False;True;;True;False;True;True;floor_only;150.0;True;True;;1045;474;571;3.4634118230358504;15.375089952153111;2377.320439931088;2027.7809062148626;349.5395337162254;349.53953371622544;0.0;0.0;2.2819090885901003;210.09954531540598;6.302986359462179;3.5;169.61848620542966;591.8055693959313;422.18708319050165;True;T1;False;no PV;28.0
727690;157.0;53.0;3;False;1976 - 80;1976_1990;1;2;ground-source;False;10.6;single family house;2023-02-06;False;True;;False;False;True;False;radiator_only;157.0;True;True;;503;234;269;3.3559712305874894;24.249667992047716;2793.171125713921;1631.450854631138;1161.7202710827828;938.7379922076069;222.98227887517584;0.0;2.0087615312910114;297.36319228888215;8.920895768666465;3.4;666.4330848201713;1869.6367221052355;1203.2036372850644;True;T3;True;no PV;50.0
669010;170.0;90.0;2;True;1986 - 90;1976_1990;1;1;air-source;True;16.3;single family house;2023-02-07;False;True;;;True;False;;floor_only;170.0;True;True;;758;339;419;3.4545411456540855;78.5919511873351;3624.271412462267;1832.7831902630196;1791.4882221992475;1310.799091764465;0.0;480.6891304347826;2.300849943962581;356.7441433315471;10.702324299946413;3.5;1257.6751901561395;2838.6454912241325;1580.970301067993;True;T2;False;no PV;22.0
9889114;200.0;80.0;3;False;< 1975;pre1975;2;4;air-source;False;19.6;single family house;2023-02-09;False;True;;False;False;False;False;radiator_only;200.0;True;True;;874;441;433;3.063642465094684;35.563243707093825;5852.32995736177;2912.0415697725866;2940.288387589183;2582.038864711253;358.2495228779294;0.0;2.0489720494198638;507.37440988397276;15.221232296519183;2.8;1256.2721923891236;5295.0063152938055;4038.734122904682;True;T2;False;no PV;30.0
7984107;120.0;60.0;1;True;< 1975;pre1975;0;2;air-source;False;8.0;single family house;2023-02-14;False;True;;False;False;True;False;both;120.0;True;True;;712;314;398;4.538089887640449;32.55018117977528;5427.067351380671;2123.811609320061;3303.2557420606104;3124.6376942942056;178.61804776640344;0.0;1.7957055034760026;349.4522915631124;10.483568746893372;3.1;2549.976145778842;4509.311503644629;1959.335357865787;True;T1;False;no PV;12.0
721077;234.0;117.0;1;True;1981 - 85;1976_1990;1;3;ground-source;False;13.7;single family house;2023-02-15;False;True;;True;False;False;True;both;234.0;True;True;;1140;479;661;3.814088285024155;29.7089;4073.5146376006287;2631.327065165404;1442.1875724352249;1245.7947393423547;196.39283309287103;0.0;1.4988452649040593;359.6794543912849;10.790383631738546;3.7642857142857147;853.8389899074177;2811.2120857534173;1957.3730958459996;True;T3;True;no PV;43.0
658466;162.0;81.0;2;False;1986 - 90;1976_1990;0;2;ground-source;False;7.5;single family house;2023-02-16;False;True;;False;False;False;False;floor_only;162.0;True;True;;962;432;530;3.4421285666937838;14.062115384615383;2856.2311321433417;1785.9900359007443;1070.2410962425975;1070.2410962425972;0.0;0.0;1.95;331.7598;9.952793999999999;4.25;861.0286567884636;1502.9582087966387;641.929552008175;True;T1;False;no PV;41.0
112120;136.0;70.0;2;False;1976 - 80;1976_1990;0;2;air-source;False;7.8;single family house;2023-02-20;False;True;;True;True;False;True;floor_only;136.0;True;True;;1284;554;730;3.7594248273059736;14.46554906542056;3316.1965620863857;1990.7117794242763;1325.4847826621094;1325.4847826621096;0.0;0.0;2.1008718068482377;294.9292525850883;8.847877577552648;3.5;1100.2677174156843;1815.6742347819927;715.4065173663084;True;T1;False;no PV;29.0
1159664;152.0;76.0;2;False;< 1975;pre1975;2;4;air-source;False;10.6;single family house;2023-02-20;False;True;;False;False;True;False;radiator_only;152.0;True;True;;454;166;288;4.389148247462172;33.746715859030836;5608.062390561839;2843.276161975341;2764.7862285864976;2423.72805765788;341.0581709286179;0.0;1.9888449629010334;376.4652343609571;11.293957030828713;2.8;1273.0902101814904;4861.800587385356;3588.710377203866;True;T2;False;no PV;29.0
122887;232.0;108.0;2;True;2000 - 10;2001_2010;0;3;air-source;False;9.74;single family house;2023-02-23;False;True;;False;False;False;True;floor_only;232.0;True;True;;1099;472;627;3.624955183236407;29.62284440400364;3554.2036691205376;3065.778447873806;488.4252212467318;488.42522124673076;0.0;0.0;1.9077251328713714;290.22969233046325;8.706890769913898;3.5;249.55070238708333;900.2032026698665;650.6525002827832;True;T1;False;no PV;23.0
706817;168.0;64.0;2;True;2000 - 10;2001_2010;0;3;air-source;False;6.1;single family house;2023-02-28;False;True;;False;False;False;False;floor_only;168.0;True;True;;1045;474;571;3.4597834338811455;32.593960765550236;2719.4159239820624;2401.138320656263;318.2776033257992;318.27760332579913;0.0;0.0;1.8571428571428572;206.7672;6.203016;3.5;165.44748316103153;541.5555901625063;376.10810700147476;True;T1;False;no PV;29.0
748773;200.0;120.0;2;False;1981 - 85;1976_1990;0;2;ground-source;False;13.7;single family house;2023-03-02;False;True;;True;True;True;True;floor_only;200.0;True;True;;317;163;154;2.9942124079915877;18.98772239747634;2863.46371833675;1772.967735857766;1090.495982478984;1090.495982478984;0.0;0.0;2.083080724211159;430.8729158737854;12.926187476213563;4.25;889.0993675064443;1492.695313871538;603.5959463650937;True;T1;False;no PV;38.0
100119;160.0;160.0;1;False;1986 - 90;1976_1990;0;3;ground-source;False;5.9;single family house;2023-07-20;False;True;;True;;False;False;floor_only;160.0;True;True;;274;137;137;3.344338199513382;28.882058394160584;3197.9235005221162;2096.871423029762;1101.0520774923543;1101.0520774923543;0.0;0.0;2.3538149682454623;379.35231593541914;11.380569478062574;4.25;904.0879637955293;1534.2014284183176;630.1134646227883;True;T1;False;no PV;37.0
8087988;198.0;84.0;2;True;2000 - 10;2001_2010;0;2;air-source;True;11.0;single family house;2023-08-22;False;True;;;;;;floor_only;198.0;True;True;;387;137;250;5.074782046961015;33.75986821705426;4196.429786451716;2738.729606758501;1457.7001796932145;496.32191882364975;0.0;961.3782608695652;1.886157007715229;245.98783501104614;7.379635050331384;3.5;1181.5936904649466;1883.3707430121779;701.7770525472313;True;T1;False;no PV;15.0
5610182;140.0;50.0;3;False;1995 - 00;1991_2000;0;2;air-source;True;6.6;single family house;2023-11-07;False;True;;True;;False;True;floor_only;140.0;True;True;;373;154;219;3.7252663869137814;31.47072922252011;3455.1645590868166;1857.4077730791896;1597.756786007627;636.3785251380615;0.0;961.3782608695652;2.172161407888867;235.56242840744278;7.066872852223283;3.5;1415.3650728601551;1858.2183820710718;442.8533092109167;True;T1;False;no PV;8.0
6901131;195.0;195.0;1;False;2000 - 10;2001_2010;0;4;air-source;True;7.2;single family house;2023-11-15;False;True;;True;True;True;;floor_only;195.0;True;True;;504;187;317;4.207008741660915;35.506323412698414;5693.287489237911;3282.117437314918;2411.1700519229935;488.413530183862;0.0;1922.7565217391304;2.2734040639625874;272.4660169890818;8.173980509672456;3.5;2068.4287846215784;2892.7222291917055;824.2934445701271;True;T1;False;no PV;5.0
7474976;180.0;60.0;2;True;< 1975;pre1975;3;2;air-source;False;8.69;single family house;2023-11-21;False;True;;True;True;False;True;radiator_only;180.0;True;True;;1075;556;519;2.7859107516009436;30.734422325581395;3772.5610650709787;1794.7811932644545;1977.7798718065242;1713.9650082730186;263.814863533505;0.0;1.661895003862225;386.9631006952005;11.608893020856016;2.8;996.510156499209;3664.4943708189066;2667.9842143196975;True;T2;False;no PV;34.0
801031;120.0;120.0;1;False;2000 - 10;2001_2010;0;2;air-source;False;6.6;other;2023-11-21;False;True;;True;False;False;True;floor_only;120.0;True;True;;952;435;517;3.6031630130312995;26.784920168067227;2182.038576674469;1865.1172342756809;316.92134239878806;316.92134239878783;0.0;0.0;2.485900603509299;177.87122896844636;5.336136869053391;3.5;171.37924931163283;543.6568024687629;372.27755315713;True;T1;False;no PV;27.0
730976;130.0;50.0;2;True;1995 - 00;1991_2000;0;3;air-source;False;15.0;single family house;2023-11-22;True;False;oversized;False;;;False;floor_only;130.0;True;True;;336;142;194;4.092657587129055;32.40291964285714;2824.8154389484102;2213.461722735629;611.3537162127814;611.3537162127808;0.0;0.0;2.045529468618214;209.68235700620232;6.290470710186069;3.5;485.580133221459;917.2749768215259;431.6948436000669;True;T1;False;PV;17.0
104118;150.0;140.0;1;True;1986 - 90;1976_1990;0;3;ground-source;True;10.3;single family house;2023-11-23;False;True;;False;False;False;False;floor_only;150.0;True;True;;456;257;199;2.712343138189677;26.126394736842105;4313.063480534594;1918.570022835765;2394.4934576988294;952.4260663944823;0.0;1442.0673913043477;2.6778732331495174;394.52978797794214;11.835893639338265;4.25;2185.4876822429633;2906.041056787141;720.5533745441776;True;T1;False;no PV;6.0
119498;131.0;131.0;1;False;1976 - 80;1976_1990;1;3;air-source;False;12.6;single family house;2023-11-23;False;True;;False;True;False;;floor_only;131.0;True;True;;436;166;270;4.10716354208217;48.68648165137615;3473.8720388667107;2341.074024145606;1132.7980147211047;1132.7980147211044;0.0;0.0;2.443600381193921;287.99305495548253;8.639791648664476;3.5;660.0127688564104;1899.7788644265217;1239.7660955701112;True;T2;False;no PV;52.0
767371;180.0;90.0;2;False;1981 - 85;1976_1990;1;2;air-source;False;9.421;single family house;2023-11-23;False;False;oversized;True;False;False;True;floor_only;180.0;True;True;;425;166;259;3.996594049445865;17.338456470588234;3342.217546118928;2171.7210250673174;1170.4965210516107;1170.4965210516098;0.0;0.0;1.8884199576606167;325.7629146652377;9.772887439957131;3.5;662.8505247529474;1922.9823800140027;1260.1318552610553;True;T2;False;no PV;51.0
841211;112.0;56.0;2;False;< 1975;pre1975;2;2;air-source;False;14.0;single family house;2023-11-29;True;False;oversized;False;True;True;False;both;112.0;True;True;;715;316;399;3.7098939596635248;27.597025174825173;4032.423587923992;1912.056038690077;2120.367549233915;1969.0728009036386;151.2947483302764;0.0;2.193210706327092;300.28439910863426;9.008531973259029;3.1;785.8452916907767;3497.0356867595474;2711.1903950687706;True;T2;False;PV;36.0
611629;108.0;43.5;3;False;< 1975;pre1975;1;2;air-source;False;5.92;single family house;2023-11-29;False;True;;False;False;False;False;radiator_only;108.0;True;True;;897;379;518;3.899378273795098;27.3724381270903;4683.840125843388;1860.5470185237068;2823.293107319681;2543.036787471363;280.256319848318;0.0;2.5828025604076044;359.53014417642345;10.785904325292703;2.8;1709.6709822570174;4516.002539003038;2806.3315567460204;True;T2;False;no PV;20.0
8190108;160.0;65.0;2;True;2000 - 10;2001_2010;0;3;air-source;True;6.1;single family house;2023-12-01;False;True;;False;;True;False;floor_only;160.0;True;True;;760;339;421;3.466130072463768;37.95568157894737;4143.912729511518;2379.7329710181693;1764.1797584933483;322.112367189001;0.0;1442.0673913043477;1.9698809950253804;204.13638368162435;6.12409151044873;3.5;1502.6626234796051;2103.1713712648257;600.5087477852205;True;T1;False;no PV;12.0
105714;145.0;145.0;1;False;1981 - 85;1976_1990;1;3;air-source;False;8.14;single family house;2023-12-05;False;True;;False;;True;False;floor_only;145.0;True;True;;630;295;335;3.4174835518748563;31.9448873015873;3918.9549712490234;2578.7284965474446;1340.2264747015788;1340.226474701579;0.0;0.0;2.396891182420392;314.02995501566977;9.420898650470093;3.5;702.8454977884802;2068.4896438218507;1365.6441460333704;True;T2;False;no PV;48.0
698983;140.0;70.0;2;False;< 1975;pre1975;2;4;air-source;True;12.6;single family house;2023-12-06;True;True;;False;True;;False;radiator_only;140.0;True;True;;318;149;169;3.2276818658280924;31.55476100628931;6257.19284482271;2415.704099139474;3841.488745683236;1684.5670687244544;234.1651552196511;1922.7565217391304;2.040846898081145;354.0245657313603;10.62073697194081;2.8;2653.621855734459;5375.413036000878;2721.7911802664185;True;T2;False;PV;10.0
7646451;219.0;130.0;2;False;> 2010;post2010;0;5;air-source;False;5.29;single family house;2023-12-07;True;False;oversized;False;True;True;False;floor_only;219.0;True;True;;341;165;176;3.0835361681329427;13.796193548387098;3160.2920338604745;3239.176401299839;-78.88436743936472;-78.88436743936477;0.0;0.0;2.0149675425635336;212.75679403713931;6.3827038211141796;3.5;-266.4940562378879;102.75737120326664;369.25142744115453;False;T1;False;PV;
477661;230.0;108.0;2;True;2000 - 10;2001_2010;0;4;ground-source;True;9.7;single family house;2023-12-07;False;True;;False;;True;False;floor_only;230.0;True;True;;822;340;482;4.00693494128848;29.91109732360097;5550.134444774403;3196.7543880762087;2353.3800566981945;430.62353495906444;0.0;1922.7565217391304;1.9243140470702527;289.25389233046326;8.677616769913897;4.25;1999.044631660036;2830.3173582275303;831.2727265674944;True;T1;False;no PV;7.0
7747482;200.0;100.0;2;False;1981 - 85;1976_1990;0;2;ground-source;True;14.5;single family house;2023-12-12;False;False;oversized;True;False;;True;floor_only;200.0;True;True;;383;170;213;3.664554149165626;24.189613577023497;4056.0553022103336;1922.1912265875294;2133.864075622804;1172.4858147532393;0.0;961.3782608695652;1.83;390.38;11.7114;4.25;1860.8784085201542;2614.3270097693403;753.4486012491861;True;T1;False;no PV;12.0
776736;180.0;90.0;2;False;< 1975;pre1975;1;2;air-source;False;17.2;single family house;2023-12-13;True;True;;False;False;False;False;radiator_only;180.0;True;True;;344;166;178;3.0341637175598244;17.47554941860465;4240.327795490639;1826.8293455427734;2413.4984499478655;2141.6715483447806;271.82690160308465;0.0;1.8884199576606167;461.72915161680214;13.851874548504064;2.8;1515.0440524119392;3822.4909244379614;2307.446872026022;True;T2;False;PV;24.0
310610;160.0;80.0;2;False;1981 - 85;1976_1990;0;2;air-source;False;8.1;single family house;2023-12-19;False;True;;True;False;True;True;floor_only;160.0;True;True;;954;449;505;3.428853674839729;19.892056603773586;3275.6754062701884;1992.18882208089;1283.4865841892984;1283.4865841892981;0.0;0.0;1.9574767078498865;328.6210186047855;9.858630558143565;3.5;1030.0891152859183;1749.438082250191;719.3489669642727;True;T1;False;no PV;30.0
8773113;160.0;80.0;2;False;1976 - 80;1976_1990;1;1;air-source;False;8.69;single family house;2023-12-21;False;True;;False;True;False;False;radiator_only;160.0;True;True;;457;155;302;4.575582120318397;30.046833698030635;3769.0260194047933;1854.4431519475538;1914.5828674572394;1543.4122968616555;371.1705705955842;0.0;1.9574767078498865;297.30139127918727;8.919041738375618;2.8;1267.315442946824;2840.438555798187;1573.1231128513627;True;T2;False;no PV;20.0
897731;639.0;213.0;3;False;< 1975;pre1975;2;2;air-source;False;15.7;single family house;2024-01-09;False;False;undersized;False;True;True;False;radiator_only;639.0;True;True;;212;68;144;4.3485982704402515;78.19843867924529;12737.593476682634;5302.714786141307;7434.878690541327;6294.08042878861;1140.7982617527184;0.0;1.2400038066137342;1104.1305324261762;33.123915972785284;2.8;3550.663257245173;12794.290112115486;9243.626854870314;True;T2;False;no PV;6.0
1191021;380.0;300.0;1;True;< 1975;pre1975;2;3;air-source;False;16.3;single family house;2024-01-23;False;True;;False;;False;False;both;380.0;True;True;;398;166;232;3.916193649406453;62.047233668341704;9205.738992641882;4099.35122274679;5106.387769895092;4720.572464856234;385.81530503885654;0.0;1.9226111337530478;915.9942308261582;27.479826924784746;3.1;2321.717231508678;9899.231025520907;7577.513794012229;True;T2;False;no PV;14.0
9097838;213.5;90.0;2;True;1981 - 85;1976_1990;0;5;ground-source;False;8.9;single family house;2024-01-24;True;True;;False;;False;False;both;213.5;True;True;;944;401;543;3.7934696481208547;24.19392690677966;5159.925356045023;3321.0882680499794;1838.837087995044;1648.864969256477;189.97211873856665;0.0;1.8320585033894088;417.082242378911;12.51246727136733;3.7642857142857147;1346.9924690661212;3024.3107452899912;1677.31827622387;True;T2;True;PV;18.0
699801;225.0;150.0;2;False;1976 - 80;1976_1990;2;2;air-source;False;12.0;single family house;2024-01-25;True;True;;False;False;;False;floor_only;225.0;True;True;;247;167;80;1.48746992900311;20.39593927125506;1975.7678360520276;1457.5379567745674;518.2298792774602;518.2298792774603;0.0;0.0;2.1757550765359253;415.74305763786447;12.472291729135934;3.5;143.10489171255043;1016.7790175832627;873.6741258707123;True;T2;False;PV;62.0
876790;180.0;70.0;3;False;2000 - 10;2001_2010;0;3;air-source;True;6.6;single family house;2024-02-15;False;True;;True;False;True;True;floor_only;180.0;True;True;;902;359;543;3.9701057071242647;38.738015521064305;4680.331937812574;2798.03174920863;1882.3001886039442;440.2327972995971;0.0;1442.0673913043477;2.0893213810946696;238.25313943881622;7.147594183164487;3.5;1577.6894456678506;2236.276098089699;658.5866524218486;True;T1;False;no PV;11.0
1015877;170.0;170.0;1;False;< 1975;pre1975;2;2;air-source;False;13.2;single family house;2024-02-20;True;True;;False;False;;False;radiator_only;170.0;True;True;;864;342;522;4.025471089975845;23.910495370370374;6161.700565581153;2455.719530211257;3705.981035369896;3276.9315875996904;429.04944777020563;0.0;2.32832218795516;478.7577719523772;14.362733158571316;2.8;1732.626014560721;7009.288194844533;5276.662180283812;True;T2;False;PV;18.0
1141047;148.0;60.0;3;False;1995 - 00;1991_2000;0;2;air-source;False;5.8;single family house;2024-02-29;True;True;;True;True;True;True;floor_only;148.0;True;True;;468;160;308;4.73462595999009;14.757974358974359;3197.9646859628015;2291.107220863637;906.8574650991645;906.8574650991644;0.0;0.0;2.3038467623935177;259.7423264588324;7.792269793764972;3.5;687.3071471635857;1227.9948748793533;540.6877277157677;True;T1;False;PV;16.0
