Household_ID;era;pv;area_m2;kwh_per_day;hdd_per_day;n_days;tier;deficiency;deficiency_lo;deficiency_hi;E_as_built;E_as_built_lo;E_as_built_hi;E_reference;E_reference_lo;E_reference_hi;band;decisive;window;pv_lvl;kwh_yr;implied_appliance;rank_in_era;n_decisive_in_era
120701;1976_1990;False;236.0;25.68823263888889;3.52981418578905;576;T1;1811.1505840212312;1317.2003349696608;2435.2919713802353;4344.48377862399;3640.4482786304493;5091.325780051749;2533.3331946027583;2184.66580303194;2830.962179812033;1118.0916364105744;True;post_visit;no PV;9376.204913194446;5031.721134570456;13.0;53
706646;2001_2010;;160.0;24.291996805111822;3.790436125387785;939;T1;2452.5054593402874;2117.631448531447;2922.384014566524;5685.349451381391;5240.531639780409;6442.1897594874035;3232.843992041104;2962.560950012684;3699.161220789542;804.752566035077;True;post_visit;Unknown;8866.578833865815;3181.2293824844237;2.0;29
1078861;pre1975;True;160.0;20.22842748091603;0.5341745952723385;393;T2;317.22313877751776;262.3448775878974;508.26908864466964;1182.298112310913;1074.4544473786693;1437.7156451446074;865.0749735333952;764.2145168421404;996.3118831340599;245.92421105677226;True;post_visit;PV;7383.37603053435;6201.077918223437;29.0;29
190821;post2010;True;155.0;13.514768575851392;3.9551401545744156;1292;T1;-70.47891725272848;-244.57774763869946;66.92332697719092;2634.7492277984743;2432.0797025157176;3018.572851669894;2705.228145051203;2504.1045141203667;3161.365683047985;311.5010746158904;False;post_visit;PV;4932.890530185758;2298.1413023872833;;1
105898;1976_1990;;160.0;39.92827249683143;3.7449600944141364;789;T2;1137.8167550970188;607.2525783117782;1833.0755340902526;3245.48910142853;2712.9150304929217;4144.314846067824;2107.672346331511;1930.3225592887861;2444.474110320883;1225.8229557784744;True;post_visit;Unknown;14573.819461343473;11328.330359914944;45.0;53
1178890;2001_2010;;210.0;26.44027222222222;3.9353222222222226;180;T1;432.84521111821095;210.68544356422473;740.2459871410099;2497.4759359741633;2289.944174397644;3051.390360757194;2064.6307248559524;1959.2777800517922;2489.0196328054985;529.5605435767852;True;post_visit;Unknown;9650.69936111111;7153.223425136946;18.0;29
731201;1976_1990;;255.0;63.08366975881261;5.612336116264688;539;T2;2510.892816973287;1020.2091973462478;4710.740628173829;6451.952367859341;5091.249674901189;9010.844355579271;3941.0595508860542;3716.4525478109954;4599.51475406628;3690.5314308275806;True;post_visit;Unknown;23025.539461966604;16573.587094107264;25.0;53
1228011;2001_2010;False;120.0;21.941836283185843;3.1753181993074255;678;T1;1722.2868207015717;1489.096081023642;1971.1948001729322;3893.6999334176307;3472.7012998958435;4228.942105906819;2171.413112716059;1908.9264630460675;2349.012753535312;482.0987191492902;True;post_visit;no PV;8008.770243362833;4115.070309945202;9.0;29
114117;1991_2000;;260.0;61.47519117647058;3.053833546462063;340;T1;1774.511577892436;1564.6209942623725;2103.5023231412056;4066.870460722568;3801.8254934177103;4542.94538707512;2292.358882830132;2145.3816720609866;2573.1020995315807;538.8813288788331;True;post_visit;Unknown;22438.444779411762;18371.574318689192;7.0;17
8627071;2001_2010;;250.0;81.64951851851852;3.314391975308642;270;T2;2015.7422940976749;1637.9918808273203;2583.1214889541284;4509.136522351373;4120.822516333978;5254.411202961475;2493.394228253698;2334.2416416093356;2838.668246110955;945.1296081268081;True;post_visit;Unknown;29802.074259259258;25292.937736907887;7.0;29
867211;1991_2000;;245.0;14.443988857938718;3.190704069274555;718;T2;2412.948738052656;1833.4818447253842;3199.85693557558;5003.094690583482;4250.460816457393;6011.787750878313;2590.1459525308255;2264.2831353608067;2926.8717485056586;1366.3750908501956;True;post_visit;Unknown;5272.0559331476325;268.9612425641508;6.0;17
1114677;post2010;;220.0;60.0459;6.703276086956522;500;T1;1261.139233965353;807.6890985557728;1702.9464998741025;5487.062179213872;5118.834922712144;6257.322835290085;4225.922945248519;3959.035007052693;4865.246181811354;895.2574013183297;True;post_visit;Unknown;21916.753500000003;16429.69132078613;1.0;1
611797;1976_1990;;275.0;33.10231592920354;3.7071054828780303;1130;T2;2249.493121558602;1276.106907573464;3688.0011291160913;5118.233748506368;4302.181257790108;6913.588977457838;2868.740626947766;2700.9809725536475;3419.532555659865;2411.8942215426273;True;post_visit;Unknown;12082.345314159293;6964.111565652925;15.0;53
1137376;1976_1990;False;200.0;41.47266766467066;3.4876820446064394;1670;T1;3904.1343966079335;3476.51461805246;4774.913001335705;7164.498798128152;6751.092537976545;8458.66030978536;3260.3644015202185;3026.999171025931;3817.288141955394;1298.3983832832455;True;post_visit;no PV;15137.52369760479;7973.024899476639;2.0;53
700831;1976_1990;;450.0;76.82277751196172;3.998555786699951;836;T2;5045.256834210977;3891.7565513423674;7307.443132063217;9055.115063507332;7872.403208151935;11957.255502001308;4009.8582292963547;3652.103412143244;4778.217373295287;3415.686580720849;True;post_visit;Unknown;28040.31379186603;18985.198728358697;1.0;53
1191127;2001_2010;True;220.0;35.360010135135134;3.053555743243243;296;T1;247.89602902064917;129.88324984429536;439.10213858580204;2405.814883707223;2228.391047943315;2817.6663002056434;2157.918854686574;2009.9286624822637;2470.7499921671465;309.2188887415067;True;post_visit;PV;12906.403699324324;10500.588815617102;26.0;29
121798;1976_1990;;207.0;28.344919811320754;4.00597084358764;424;T2;2298.5570235149207;1902.7598581979914;3193.5434858685007;4234.846089608674;3871.249762990021;5288.851435466214;1936.2890660937537;1820.6491463656814;2220.1393374458908;1290.7836276705093;True;post_visit;Unknown;10345.895731132076;6111.049641523401;9.0;53
114671;pre1975;;260.0;35.04106479859895;2.5519838066956013;571;T3;2859.8534194090025;1447.838872343892;4384.249726681994;5690.00111202407;4134.648363725846;7301.260655449871;2830.147692615067;2471.2132357393625;3077.6788062185833;2936.4108543381017;True;post_visit;Unknown;12789.988651488618;7099.987539464549;19.0;29
1121037;2001_2010;;150.0;39.68100585651538;3.165213380864473;683;T1;267.8043028266002;118.92151168404983;407.0435423194498;2796.2054272577234;2415.053636520435;3050.5099225132276;2528.401124431123;2223.2342188587427;2767.002020192088;288.12203063539994;True;post_visit;Unknown;14483.567137628112;11687.361710370387;29.0;29
9880798;1991_2000;False;150.0;42.82197326203209;3.228697344286858;561;T1;2517.6114573616987;2159.153885601671;2798.5708849035987;5075.562832359215;4493.478650903096;5461.140599846002;2557.951374997516;2214.46660281966;2788.8546755487587;639.4169993019277;True;post_visit;no PV;15630.020240641712;10554.457408282498;3.0;17
680861;1991_2000;False;400.0;54.178261061946905;3.042729302937027;452;T1;782.178945855198;606.8393042396249;1150.9428775259566;3248.0854817872705;3067.1322932457774;3894.364687783218;2465.9065359320725;2339.920317339272;2829.6486802554055;544.1035732863318;True;post_visit;no PV;19775.06528761062;16526.97980582335;14.0;17
468185;1976_1990;False;300.0;20.769166781056967;3.6713260521420827;1457;T3;2723.7748039304133;1910.6096565648768;4491.515744719488;5332.641442866752;4591.808238085818;7372.995491775115;2608.866638936339;2467.6441463454157;3167.0089781275005;2580.906088154611;True;post_visit;no PV;7580.745875085793;2248.104432219041;8.0;53
781007;1976_1990;False;200.0;18.984233631977947;3.705080673997942;1451;T1;1378.0746631577308;1109.6533150918433;1945.808023772329;3507.64038836178;3260.748005163835;4252.089982212149;2129.565725204049;1991.3916749071993;2467.7694055256597;836.1547086804858;True;post_visit;no PV;6929.24527567195;3421.6048873101704;22.0;53
761079;1976_1990;False;250.0;28.907378358750908;3.765477061033753;1377;T2;2716.7314938580525;2018.2252156293603;4144.719212445626;5254.117725453298;4550.2424135501915;6991.561717897863;2537.386231595245;2389.5800438959923;2961.089784372052;2126.4939968162657;True;post_visit;no PV;10551.193100944081;5297.075375490784;7.0;53
461089;1976_1990;False;235.0;21.8788618513324;3.6829631075065556;1426;T1;1677.4217642313783;1356.8134984619462;2479.8860594881035;4074.8674334548377;3718.1391993278567;5218.919481169499;2397.4456692234594;2268.5775380758196;2820.485669660575;1123.0725610261572;True;post_visit;no PV;7985.784575736326;3910.917142281488;12.0;53
114109;1976_1990;False;200.0;36.17581607530775;3.6679856961454105;1381;T2;2049.37860290722;1538.925785534896;3150.336564854754;3795.266446903278;3353.4103716072154;5059.760371625806;1745.8878439960579;1624.416395125237;2048.51366133628;1611.4107793198582;True;post_visit;no PV;13204.172867487328;9408.906420584051;11.0;53
107114;1976_1990;False;185.0;31.388476777939044;3.7135215866304874;1378;T2;1153.0397257588656;652.7484318892133;2088.4777017332603;3253.695234836399;2800.764876594651;4467.011431944632;2100.655509077533;1954.3077598880518;2458.9353962956147;1435.729269844047;True;post_visit;no PV;11456.79402394775;8203.098789111351;42.0;53
671048;2001_2010;;240.0;21.365245786516855;3.208740891141508;712;T1;1412.3508481959852;1147.6392645422388;1698.0973302311304;4061.5978819647544;3548.2685232254967;4391.683139000237;2649.247033768769;2265.874387718554;2844.9326046239376;550.4580656888916;True;post_visit;Unknown;7798.3147120786525;3736.716830113898;11.0;29
109711;1991_2000;True;160.0;17.571543539325845;3.184779524914509;712;T2;1300.1446030743787;778.6611531613827;1893.640092049783;3271.329021414206;2628.369735110517;3905.9910642472064;1971.1844183398275;1712.4388486107457;2161.4058221357186;1114.9789388884005;True;post_visit;PV;6413.6133918539335;3142.2843704397274;9.0;17
7610179;1991_2000;;280.0;33.40373127753304;5.440884313349933;1135;T2;3220.6449187561648;1906.6205709568394;5140.697254299217;8010.580660384585;6629.551362379534;10338.463298464128;4789.93574162842;4514.716585806769;5550.183813333415;3234.0766833423777;True;post_visit;Unknown;12192.36191629956;4181.781255914975;5.0;17
6569121;2001_2010;;150.0;25.887867872044506;4.701064884803773;719;T1;1950.2334840847197;1637.6170581380668;2353.423149691686;5003.736058487972;4479.339942744501;5588.809143376806;3053.502574403252;2684.9449296638854;3390.397115753517;715.8060915536191;True;post_visit;Unknown;9449.071773296244;4445.335714808272;8.0;29
5011111;pre1975;;286.0;52.57780521739131;5.584448865784499;1150;T1;7849.879750036855;6702.9728315580205;11153.088276265848;13141.824378029385;11952.389539767019;17028.691792118643;5291.9446279925305;4989.153006353039;6207.184686001218;4450.115444707827;True;post_visit;Unknown;19190.89890434783;6049.0745263184435;2.0;29
5661171;2001_2010;;250.0;50.21064349376114;3.6620680849414864;561;T1;718.4654354646154;332.5772244858554;1134.7294123755614;4635.8936839629905;3979.9566415014165;5233.333610560609;3917.428248498375;3380.2019782971174;4313.628147634262;802.152187889706;True;post_visit;Unknown;18326.884875222815;13690.991191259825;16.0;29
110119;2001_2010;;130.0;19.404724617524337;3.147466741246901;719;T1;1254.6106633535705;1054.9403289359625;1447.5310388285363;3118.919165098824;2766.825468615569;3368.862103012809;1864.3085017452536;1608.263096238494;2012.0713165204536;392.59070989257384;True;post_visit;Unknown;7082.724485396383;3963.805320297559;12.0;29
102766;2001_2010;;216.0;42.48199443671766;4.701064884803773;719;T1;1678.3773183076464;1240.0441425747922;2195.705085007516;4958.3744963728905;4244.4098990464445;5673.381500527922;3279.997178065244;2834.9970553102667;3760.559361056337;955.6609424327239;True;post_visit;Unknown;15505.927969401948;10547.553473029056;10.0;29
105900;2001_2010;False;240.0;38.21156052141527;5.580197082557418;537;T1;3012.2653036837164;2562.1938334684965;3629.0085821947328;7417.482360374161;6911.320725494736;8283.45332142993;4405.217056690444;4121.004721065108;4957.767965358171;1066.8147487262363;True;post_visit;no PV;13947.219590316574;6529.737229942413;1.0;29
826780;pre1975;True;150.0;13.34161401425178;4.069792376673895;842;T3;2354.8775980422415;988.6526988813671;4396.620689148509;4993.888779276335;3630.1690267832705;7165.114969342626;2639.011181234094;2413.5856165212613;3013.8077555590394;3407.967990267142;True;post_visit;PV;4869.6891152019;-124.19966407443553;25.0;29
698310;pre1975;True;200.0;25.177097415506957;3.574444694153917;503;T2;2608.3493320613443;1039.0682279782375;4493.015580058987;5942.119889943719;4426.840909781108;7983.580255100951;3333.7705578823743;3054.225503804366;3802.160043896014;3453.9473520807496;True;post_visit;PV;9189.640556660039;3247.52066671632;24.0;29
24611;pre1975;;160.0;19.007152758132957;3.20565853883525;707;T2;3070.93757257037;1707.4608657786791;4432.249190423289;4802.929784598825;3291.6539447003506;6119.071343186975;1731.992212028455;1463.1957705422435;1884.6897917030626;2724.78832464461;True;post_visit;Unknown;6937.610756718529;2134.680972119704;16.0;29
6683113;pre1975;False;160.0;22.48769254658385;2.9318234989648033;322;T2;2144.594128595047;1300.2949964419497;3396.690867140677;4574.954027264154;3686.8567796175844;5903.274791453026;2430.359898669107;2217.2424184561537;2714.5181127321944;2096.395870698727;True;post_visit;no PV;8208.007779503105;3633.0537522389504;22.0;29
896968;1976_1990;True;200.0;10.355299418604652;3.077478113414223;344;T2;1038.2050088458777;589.4041081949313;1706.3039181535785;3026.028074803702;2558.9220565818355;3822.9067854441887;1987.8230659578244;1865.2134107916925;2240.2291014387188;1116.8998099586472;True;post_visit;PV;3779.684287790698;753.6562129869958;47.0;53
9981041;2001_2010;True;410.0;25.311705711519842;3.2268635324157864;1033;T1;465.4852658072127;204.11312265271098;806.5358064326197;3357.3313990188276;3053.9865065033437;4026.954275317515;2891.846133211615;2628.8989058316656;3391.957225627087;602.4226837799087;True;post_visit;PV;9238.772584704742;5881.441185685915;19.0;29
111710;1991_2000;;290.0;36.80000807265388;5.14109382997704;991;T1;1657.314432398678;1273.2352554233362;2451.9078240286476;5701.461939560323;5248.556166064363;6982.281410277735;4044.147507161645;3730.651533815758;4818.41170822575;1178.6725686053114;True;post_visit;Unknown;13432.002946518667;7730.541006958344;8.0;17
1027273;2001_2010;;200.0;27.64955571847507;4.498153714565005;682;T1;2480.438310491727;2090.893029101907;2939.7498929544804;6253.7860392619095;5608.400120903123;6871.197884082429;3773.3477287701826;3290.3801291740824;4174.950021700286;848.8568638525735;True;post_visit;Unknown;10092.087837243402;3838.301797981492;3.0;29
6981151;pre1975;False;240.0;60.296394678492234;3.885629992930364;902;T2;3061.550143464497;1721.7971360498093;5179.582903789767;5816.19729493344;4474.990945122171;8348.180029096131;2754.6471514689433;2555.9666856399854;3285.7077657316504;3457.785767739958;True;post_visit;no PV;22008.184057649665;16191.986762716224;15.0;29
876511;1991_2000;;500.0;48.546786407766994;3.7272330097087383;412;T1;5345.738542444475;4732.830158014509;6103.060756149211;11557.671419958464;10874.769804643747;12884.634198602025;6211.932877513989;5784.381288962098;7055.986877599161;1370.2305981347017;True;post_visit;Unknown;17719.577038834952;6161.905618876488;1.0;17
7412010;2001_2010;;250.0;32.96525670498084;5.349812454883669;783;T1;698.1438455288453;337.2717073135128;1292.2442590183218;5449.266860865947;4969.367406447031;6582.654925130288;4751.123015337102;4386.112507600731;5635.2774081677335;954.972551704809;True;post_visit;Unknown;12032.318697318005;6583.0518364520585;15.0;29
6810910;1976_1990;False;160.0;31.21874181818182;5.723695740008783;825;T2;2047.778792565618;772.7313692304277;3705.9906997502353;4974.591132265163;3792.1526611533395;6915.420723855868;2926.8123396995447;2681.2831642828314;3378.329696275438;2933.2593305198075;True;post_visit;no PV;11394.840763636364;6420.249631371202;35.0;53
9889190;pre1975;False;200.0;19.154939432989693;4.175765912147019;776;T3;3667.1406510549086;1663.443777526763;7088.923226478801;6855.253367289338;4911.309866436514;10473.873281449294;3188.112716234429;2910.7841679039175;3738.84365210345;5425.479448952037;True;post_visit;no PV;6991.552893041237;136.29952575189964;17.0;29
6808461;post2010;False;207.0;16.18072472594397;3.950642729792229;821;T1;-79.13331085195205;-277.8695700271446;90.40604778252921;2873.5098832357316;2643.820310579966;3290.3019788536562;2952.6431940876837;2715.247200004272;3370.608322446715;368.2756178096738;False;post_visit;no PV;5905.9645249695495;3032.454641733818;;1
6773102;pre1975;False;200.0;36.43627728983689;3.793470959940356;797;T3;2696.1602483178785;1138.0151154662658;5164.715349222155;5553.614168129722;3998.2588748396;8304.358920055987;2857.4539198118437;2599.3021288517425;3272.9304024942794;4026.7002337558893;True;post_visit;no PV;13299.241210790464;7745.627042660742;23.0;29
4710670;pre1975;True;300.0;31.973840852130326;4.018836902037703;798;T1;4978.146720822038;4229.5237044090645;7508.656177687941;8071.907995497422;7196.288107241442;11193.604577607133;3093.761274675384;2857.021060233125;3742.841393750595;3279.132473278876;True;post_visit;PV;11670.451911027569;3598.5439155301465;4.0;29
716869;1976_1990;False;155.0;16.687782983970408;3.916420781286299;811;T2;1428.8138286069961;828.7723089518436;2361.7394392474475;3726.7284077675677;3072.4089772368393;4894.702916752192;2297.9145791605715;2098.368973736011;2669.162039231646;1532.967130295604;True;post_visit;no PV;6091.040789149199;2364.312381381631;32.0;53
115508;pre1975;False;170.0;24.776828680203046;3.929747268814831;788;T3;2451.424300171015;1396.3351362812914;4757.599053470302;4451.3330740856545;3386.8178934948473;7135.970341565446;1999.9087739146394;1843.780302915942;2442.1401480985346;3361.263917189011;True;post_visit;no PV;9043.542468274112;4592.209394188458;21.0;29
781099;1976_1990;False;150.0;24.268970333745365;4.182433483814335;809;T2;1546.094840185062;1085.1769953882526;2384.7563874379302;3477.6891255379583;3010.200268468801;4496.247774368633;1931.5942853528963;1771.7954868023826;2200.622215218432;1299.5793920496776;True;post_visit;no PV;8858.174171817058;5380.4850462791;23.0;53
105768;pre1975;True;294.0;17.767506793478262;3.5092880631695023;736;T3;3568.1442819514637;1438.5590522006876;6598.522259575185;5785.41833265373;3684.106016120242;8919.354559727994;2217.274050702267;2044.3076080136575;2610.8815441130005;5159.963207374497;True;post_visit;PV;6485.139979619566;699.7216469658351;20.0;29
8010411;post2010;False;375.0;29.43738051948052;3.51395487483531;770;T1;-142.6225772387079;-451.4150163132222;170.48508603520762;4476.199126663283;4087.856517699496;5143.706045285321;4618.821703901991;4266.109502289018;5301.270248419215;621.9001023484299;False;post_visit;no PV;10744.64388961039;6268.444762947107;;1
7086681;2001_2010;False;180.0;28.307991432068544;3.9245340854664468;817;T1;393.33424782681504;193.33407151819108;659.1344866589478;2346.5331150080283;2122.4878332019093;2824.5812870376344;1953.1988671812132;1809.2782600069536;2303.596376846362;465.80041514075674;True;post_visit;no PV;10332.416872705018;7985.88375769699;21.0;29
868122;1976_1990;False;280.0;23.26111316113161;3.896405511881206;813;T1;2744.1663811009535;2253.219843467839;3702.4834155397252;5410.3435582266;4795.982453941374;6708.170603381558;2666.1771771256467;2408.506830849637;3150.2252876006646;1449.2635720718863;True;post_visit;no PV;8490.306303813039;3079.9627455864384;5.0;53
881223;1976_1990;False;240.0;41.326712500000006;3.8254121920289856;800;T2;3078.5741554082047;2410.172259349164;4680.465603576857;5654.233762110632;4940.034133519923;7688.2479413271885;2575.659606702427;2385.8074174387225;3122.825529179858;2270.2933442276926;True;post_visit;no PV;15084.250062500003;9430.016300389372;3.0;53
118708;1991_2000;False;186.0;23.279223880597012;3.8221840976278028;804;T2;459.097954309163;352.81713565544004;717.5198797562867;2281.0450929346607;2114.536595680735;2823.2754650171055;1821.9471386254977;1674.0388953491617;2163.878195972059;364.7027441008467;True;post_visit;no PV;8496.916716417909;6215.871623483248;15.0;17
1037610;post2010;False;222.0;53.54172229140722;3.794349964805891;803;T1;-79.77797139518952;-304.14731045089104;89.90841304688712;3270.8193430190636;2994.7086574351047;3781.548662749474;3350.597314414253;3078.387305094184;3859.1385706601623;394.05572349777816;False;post_visit;no PV;19542.728636363634;16271.90929334457;;1
6885841;post2010;False;170.0;17.714525587828494;3.3702058853007797;723;T1;-100.5835733766462;-309.0807309819223;107.06306295618666;3043.296222628368;2646.9862337175905;3322.07940763144;3143.879796005014;2733.4127177520895;3392.161976345955;416.14379393810896;False;post_visit;no PV;6465.8018395574;3422.505616929032;;1
2794690;1976_1990;False;140.0;21.450657465495606;3.738086183696107;797;T2;1036.0872185304506;592.4671132762783;1717.504067054894;4476.0031522201825;3943.3906041236223;5419.631634227811;3439.915933689732;3128.756782592409;3944.0456799732947;1125.0369537786157;True;post_visit;no PV;7829.489974905896;3353.4868226857134;46.0;53
111119;1976_1990;False;180.0;17.850003759398497;3.7650931677018633;798;T1;1556.4311988077056;1285.9497266424105;2321.896058097075;3697.3272433053044;3387.8925296997463;4802.458139992736;2140.8960444975987;1992.7943282698968;2585.2733651690555;1035.9463314546647;True;post_visit;no PV;6515.251372180452;2817.9241288751473;14.0;53
105807;1976_1990;False;200.0;33.817597186700766;3.681842099410653;782;T3;1388.0844517540563;746.1750107824678;2665.6017044356936;3465.4547331728963;2827.2128839626907;4937.025725166516;2077.37028141884;1903.0579742262998;2397.9977374363184;1919.4266936532258;True;post_visit;no PV;12343.42297314578;8877.968239972884;38.0;53
7374981;post2010;True;200.0;24.84075031847134;5.372074079202436;785;T1;-128.33713819719878;-430.38376301948693;130.2936997603935;4090.7745913275435;3762.3316367244975;4747.5736539249765;4219.111729524742;3874.870922594607;4890.904643293316;560.6774627798804;False;post_visit;PV;9066.873866242038;4976.099274914495;;1
861116;1976_1990;False;195.0;17.91939664082687;3.597939454368423;774;T2;1252.029429536116;667.267588121338;2000.6258584944194;3543.441022798923;2906.1057440907284;4450.453541631841;2291.411593262807;2101.0368423162845;2616.3371152688887;1333.3582703730813;True;post_visit;no PV;6540.579773901808;2997.138751102885;41.0;53
108511;2001_2010;False;274.0;38.18139152759949;3.6855565012743954;779;T1;450.84686471939676;196.8922177005082;791.9386394502459;4138.696851655039;3718.455029329549;4756.362598371578;3687.849986935642;3398.4311104659578;4206.836781260961;595.0464217497376;True;post_visit;no PV;13936.207907573813;9797.511055918774;20.0;29
86109;1976_1990;False;160.0;18.400541009463723;3.99377447080876;634;T2;1536.5768320587154;762.4763378547668;2243.2587187231015;4051.352075796906;3075.164813562669;4695.948829017725;2514.7752437381905;2162.716460626987;2722.296536736489;1480.7823808683347;True;post_visit;no PV;6716.197468454258;2664.8453926573525;37.0;53
1037311;1976_1990;False;180.0;10.70833918918919;3.4945644339992166;740;T2;786.2646381465242;179.52412738426125;1504.3406930870412;3058.524733982574;2420.9074188875443;3934.9181698311827;2272.26009583605;2066.69509605932;2577.6104627606655;1324.81656570278;True;post_visit;no PV;3908.543804054054;850.0190700714797;51.0;53
116121;pre1975;False;395.0;80.56500651890482;3.8880447914895226;767;T1;8841.509911626914;7779.182967908858;12736.661005992852;12681.955207416786;11378.183427731998;17297.84272802439;3840.445295789872;3485.223377769277;4714.86103389577;4957.478038083994;True;post_visit;no PV;29406.22737940026;16724.272171983474;1.0;29
120741;1976_1990;False;164.0;28.30462337662338;3.5886236118953514;770;T1;1365.3916616933652;1130.5324798055483;1974.3900766116722;3442.9085346769753;3131.6654140437863;4304.454204918372;2077.51687298361;1915.465631865729;2448.3321984745253;843.8575968061239;True;post_visit;no PV;10331.187532467533;6888.278997790558;20.0;53
114721;1976_1990;False;140.0;30.016128571428574;3.5886236118953514;770;T2;1389.999793677307;830.2327584825663;2191.911963025856;3361.7405340037376;2781.632268492875;4358.9329517037395;1971.7407403264306;1817.3591199148275;2274.572979094096;1361.6792045432899;True;post_visit;no PV;10955.88692857143;7594.146394567692;31.0;53
815461;1976_1990;True;240.0;9.361723684210526;3.3971462306127638;684;T2;1315.1790778315562;680.8297037274211;1985.5602475924081;3733.2003418066174;2927.706816442552;4494.461070534605;2418.021263975061;2103.961060058152;2619.8283124546047;1304.7305438649869;True;post_visit;PV;3417.029144736842;-316.1711970697752;40.0;53
1678757;1976_1990;False;200.0;17.383911492734477;3.820009275745219;757;T2;1356.2946466943831;770.1319791335457;2212.7100133563595;3781.3099309548793;3159.9452924800057;4837.483219139878;2425.015284260496;2234.9054315273333;2812.4882363003403;1442.5780342228138;True;post_visit;no PV;6345.127694848084;2563.8177638932043;36.0;53
971071;1976_1990;False;250.0;31.208876302083336;3.574558612620773;768;T2;1468.21857167599;841.092766912911;2711.73146474507;4105.450815222086;3492.1381452077326;5705.430375277706;2637.232243546096;2436.993609135334;3189.150580625845;1870.6386978321589;True;post_visit;no PV;11391.239850260417;7285.789035038331;30.0;53
121728;post2010;False;455.0;34.70174967405476;3.5674307012074147;767;T1;-116.40698610133313;-426.52728500498813;142.1916204202951;5019.633721862204;4621.210993269329;5833.349624581164;5136.040707963537;4732.621710626204;5993.304034655253;568.7189054252832;False;post_visit;no PV;12666.138631029988;7646.504909167784;;1
114798;pre1975;False;301.0;34.40997058823529;3.3349296888320543;680;T3;4239.705532907403;2130.1919967097597;7334.513638024507;7371.902798254322;5081.467229683558;10588.06907493533;3132.197265346919;2741.4303459563525;3526.7427351310707;5204.3216413147475;True;post_visit;no PV;12559.63926470588;5187.736466451558;12.0;29
1081057;post2010;False;200.0;20.29081389252949;3.5009727239918704;763;T1;-77.11931151711497;-252.0008195499198;100.8796136556175;2750.5000002691186;2489.7483256173728;3112.066798532793;2827.6193117862335;2569.0798257151037;3181.712635955099;352.8804332055373;False;post_visit;no PV;7406.147070773263;4655.647070504145;;1
9776611;post2010;False;180.0;21.87813272010513;3.4741082195433166;761;T1;-77.08035424319223;-256.90545793509733;84.61175658458957;2433.9062128985543;2222.051449757711;2757.5306319117244;2510.9865671417465;2319.8503894109604;2836.4514283700523;341.5172145196869;False;post_visit;no PV;7985.518442838372;5551.612229939818;;1
7411010;post2010;False;260.0;21.341254617414247;3.4735633436579865;758;T1;-111.91328877549859;-384.06454535526706;114.48674216272103;3396.991726765991;3084.5897998325563;3939.0328544008566;3508.90501554149;3200.528422597352;4083.486139676587;498.5512875179881;False;post_visit;no PV;7789.5579353562;4392.566208590209;;1
512280;post2010;False;300.0;28.63069616908851;3.7956862902762625;757;T1;-113.37683668347199;-407.0518235839231;124.41213796364521;3447.1342688260365;3203.1480871074764;4042.034901052993;3560.5111055095085;3306.6855440475156;4158.193190628741;531.4639615475684;False;post_visit;no PV;10450.204101717305;7003.069832891269;;1
7710511;pre1975;False;200.0;53.69702387267904;3.373219832391497;754;T2;3469.7076695624046;2172.661947017903;5849.549296609926;6118.701604367062;4762.486893602154;8729.03543767598;2648.9939348046573;2453.64641717542;3109.749399116076;3676.8873495920234;True;post_visit;no PV;19599.41371352785;13480.712109160788;10.0;29
823761;1991_2000;False;240.0;19.02658189081225;3.4320386344777014;751;T2;740.8665472858188;283.45264437127366;1368.2815960977637;3352.3657885694565;2821.2516535162076;4290.83894036279;2611.4992412836377;2397.759315389192;3112.28806124502;1084.82895172649;True;post_visit;no PV;6944.702390146471;3592.3366015770143;16.0;17
1101758;1976_1990;False;192.0;14.992598130841122;3.4151181768928622;749;T2;703.1058598857535;196.5905947480144;1501.7147995684409;2566.898122855116;2070.7118989631995;3528.399433413278;1863.7922629693626;1739.0757695751238;2181.7591463746994;1305.1242048204265;True;post_visit;no PV;5472.2983177570095;2905.4001949018934;50.0;53
1061168;post2010;False;160.0;21.490703770197488;2.8142657351755003;557;T1;-56.14797879728121;-176.63890402599404;51.76435375351681;1677.8617312163497;1455.2354530693945;1812.7679702739542;1734.0097100136309;1502.2182599691891;1857.043287632348;228.40325777951085;False;post_visit;no PV;7844.106876122083;6166.2451449057335;;1
808112;1976_1990;False;140.0;26.75798382749326;3.2881337649908198;742;T1;2084.207552836101;1824.8250653577293;2539.286724622008;3898.066354250562;3562.793737726375;4513.839360079587;1813.8588014144611;1654.1121271537029;2086.0143901170654;714.4616592642788;True;post_visit;no PV;9766.66409703504;5868.597742784477;10.0;53
1019970;post2010;False;170.0;16.768742024965327;3.229869645621018;721;T1;-66.82434196430222;-222.5590706992038;68.42698728390393;2609.6656442805797;2254.9899039293523;2897.1050463166316;2676.489986244882;2334.8562472497865;2976.5295551209106;290.98605798310774;False;post_visit;no PV;6120.590839112345;3510.925194831765;;1
1148611;1991_2000;True;240.0;34.56211468531468;3.2091121414817065;715;T1;2333.1022481496057;1949.854463047136;2624.3412317720167;5105.553475928984;4471.711252396586;5453.255551521431;2772.4512277793783;2392.8447930593375;3030.3999159790196;674.4867687248807;True;post_visit;PV;12615.171860139859;7509.618384210875;4.0;17
7048688;1976_1990;True;135.0;11.164369439071567;4.127623412665041;517;T2;689.0817436029047;166.5382408023845;1299.70345248195;3136.392752161155;2583.1370507112847;3898.9161269670817;2447.3110085582503;2256.667766735524;2745.3544218303673;1133.1652116795656;True;post_visit;PV;4074.994845261122;938.6020930999671;53.0;53
109104;pre1975;False;200.0;34.35372126436781;3.2021582437947695;696;T2;4175.923248984345;2283.2588382802273;6169.754122382515;6558.879342292066;4530.363003872614;8595.520484136132;2382.956093307721;2064.1174726560503;2565.357601962812;3886.4952841022873;True;post_visit;no PV;12539.108261494252;5980.228919202185;9.0;29
468646;1976_1990;False;150.0;26.147800300300304;3.180803031292162;666;T1;1322.7737093052797;983.2254518823551;1786.6653694983377;3341.849665708379;2831.0831103138084;3953.5755083593194;2019.075956403099;1768.438483199485;2274.7268608184168;803.4399176159826;True;post_visit;no PV;9543.947109609611;6202.0974439012325;28.0;53
1114639;1976_1990;False;195.0;25.13891021671827;3.2776545183290704;646;T1;1346.068376615337;986.860923918473;1707.0625979417825;4549.114563277584;3888.978751268235;5006.812656025897;3203.0461866622472;2785.2662469013917;3480.273764176461;720.2016740233096;True;post_visit;no PV;9175.702229102168;4626.587665824583;27.0;53
671781;pre1975;False;180.0;28.284771551724138;4.407009635807096;464;T2;4111.849443335543;2690.0144468012686;6029.454226051788;7170.166667048497;5676.805310738543;9261.154516332685;3058.3172237129543;2846.308284429855;3428.0972097674667;3339.4397792505197;True;post_visit;no PV;10323.94161637931;3153.774949330813;7.0;29
768113;1976_1990;True;150.0;14.911617224880384;3.699448882416846;627;T2;1935.4279112395452;1121.9717997848404;2639.5495007418594;4164.236843284008;3167.6229902438135;4927.631746935167;2228.8089320444624;1946.4329883164337;2405.250731985701;1517.577700957019;True;post_visit;PV;5442.74028708134;1278.5034437973327;21.0;53
122850;2001_2010;False;220.0;19.455092800000003;3.4212118492753625;625;T1;868.8303984657673;651.4673934249327;1163.0568660671913;2827.369059867504;2426.982185838966;3269.3281178836246;1958.5386614017366;1641.6577643525243;2246.7329401579377;511.58947264225867;True;post_visit;no PV;7101.108872000001;4273.739812132497;13.0;29
461104;1991_2000;False;210.0;17.87397280334728;4.026706915893517;478;T1;850.6792259066551;634.6162586508619;1151.9828775138437;3599.081243379047;3353.7901269317067;4108.415910206309;2748.402017472392;2568.7518129143;3085.0968604644336;517.3666188629818;True;post_visit;no PV;6524.000073221757;2924.91882984271;12.0;17
112810;1991_2000;True;180.0;28.634027272727273;3.3155493412384716;550;T1;881.7443589792483;620.9330966895051;1168.6033723216965;3967.1970609389673;3426.0815186039076;4498.672650397279;3085.452701959719;2718.0930110750924;3445.0848031664923;547.6702756321914;True;post_visit;PV;10451.419954545454;6484.222893606487;13.0;17
610891;2001_2010;False;240.0;30.421649402390436;3.244465283792367;502;T1;2303.556637115759;1990.5105930622447;2737.423225557964;5324.029462654271;4925.2795226152375;5980.903109411748;3020.472825538512;2810.4719142812596;3464.415599409616;746.9126324957194;True;post_visit;no PV;11103.902031872509;5779.872569218238;4.0;29
858577;1976_1990;False;180.0;24.869623711340203;3.673981796902236;582;T2;1889.859577462893;1185.980819528678;2618.2164379567257;3983.857018174681;3140.9425724105686;4765.690272105399;2093.997440711788;1769.3620391368804;2302.438019955898;1432.2356184280477;True;post_visit;no PV;9077.412654639174;5093.555636464494;17.0;53
8399121;2001_2010;False;168.0;27.961647727272727;4.6161426767676765;264;T1;2314.393227141808;1989.2333671396018;2738.242186344321;5354.036460676397;4957.790564765323;5940.660855655722;3039.643233534589;2816.1922211985425;3404.5535909775367;749.0088192047192;True;post_visit;no PV;10206.001420454546;4851.964959778149;5.0;29
108987;2001_2010;False;180.0;32.3279296875;5.861366833673007;512;T1;2003.8690492814867;1658.274717530355;2415.7931478906803;5295.818942867425;4904.853942493108;5932.750880919039;3291.9498935859383;3091.935450361871;3741.7054185848274;757.5184303603253;True;post_visit;no PV;11799.694335937502;6503.875393070077;6.0;29
788488;2001_2010;False;250.0;22.464904564315354;5.056687413554633;241;T1;653.6515561807973;358.05079636507907;1109.5873013050173;4338.18109657797;4054.7450441271026;5136.916817761226;3684.5295403971722;3460.6188526410315;4227.316501441907;751.5365049399381;True;post_visit;no PV;8199.690165975104;3861.509069397134;14.0;29
865116;1976_1990;True;200.0;26.73056959314775;4.4196453154579025;467;T1;2678.474975398802;2332.730854942786;3302.1632046311333;5150.007341637716;4755.602250048684;5972.209961368946;2471.532366238914;2306.5831348430443;2829.339149265222;969.4323496883471;True;post_visit;PV;9756.657901498927;4606.650559861211;4.0;53
991118;1976_1990;False;234.5;52.27703162055336;4.214916938763819;506;T1;2434.784552133259;2131.839367197096;3130.527374463926;4714.635287169216;4360.717325947867;5648.2559681167895;2279.8507350359573;2146.3113676738008;2604.3203051364094;998.68800726683;True;post_visit;no PV;19081.116541501975;14366.481254332759;6.0;53
816910;1991_2000;False;180.0;40.8927731092437;6.181615515771527;476;T1;2622.418273243902;2269.9648576356453;3134.4335799385503;5946.913439955514;5580.072457816937;6746.1236907303755;3324.495166711612;3119.8969659639565;3759.8982492437467;864.468722302905;True;post_visit;no PV;14925.86218487395;8978.948744918434;2.0;17
1001228;2001_2010;False;170.0;26.14365502183406;3.0839511739763306;229;T1;266.60930419214446;147.6282322403342;443.8585908350568;2434.7076508855143;2265.301096866098;2752.4346424563764;2168.09834669337;2023.5777051714258;2441.981876790259;296.2303585947226;True;post_visit;no PV;9542.434082969432;7107.726432083918;23.0;29
107461;1976_1990;False;120.0;23.393102941176473;3.756564720090935;408;T2;687.9139762841328;171.20907659573382;1331.3914623333687;2386.913819170507;1856.2209559541059;3117.6026217595345;1698.9998428863742;1582.7492786401106;1906.5154288201454;1160.1823857376348;True;post_visit;no PV;8538.482573529413;6151.568754358906;52.0;53
106100;1976_1990;False;140.0;18.731714285714286;4.262296926486455;497;T2;1252.183591514421;709.3311890995158;1972.4511440906422;3355.245735837699;2805.9935121551543;4174.510267924046;2103.062144323278;1958.7642096607574;2375.7443164227857;1263.1199549911264;True;post_visit;no PV;6837.075714285715;3481.8299784480155;39.0;53
5845834;2001_2010;False;180.0;28.969063457330414;3.978152602035962;457;T1;297.1322254098245;127.94673054389979;529.6844285507483;2961.4866322269386;2756.89723252651;3422.2060598207527;2664.354406817114;2457.216795362667;3028.417349114437;401.7376980068485;True;post_visit;no PV;10573.7081619256;7612.2215296986615;27.0;29
1111201;pre1975;True;250.0;73.06123217922607;4.3142292718203015;491;T1;6048.986216776499;5401.74353428457;8059.79203554116;9435.205987532649;8725.00604850356;11852.17593112825;3386.2197707561495;3127.8168728308506;3945.3828775158627;2658.0485012565896;True;post_visit;PV;26667.349745417516;17232.143757884867;3.0;29
8612210;1976_1990;True;300.0;28.137677894736843;4.3829019069412665;475;T2;1522.4477332216802;819.6045161591355;2459.854751158901;5747.365880864614;5018.627986891401;7041.839290254572;4224.918147642934;3932.109534418121;4784.646513915766;1640.2502349997653;True;post_visit;PV;10270.252431578947;4522.886550714333;33.0;53
7211010;pre1975;True;180.0;32.341678879310344;4.376542900424788;464;T3;2866.938109860447;1662.523496113665;4830.296530377117;5637.5687503306035;4411.580102072259;7726.163693040457;2770.6306404701563;2544.2883372278147;3160.0808374009875;3167.7730342634522;True;post_visit;PV;11804.712790948275;6167.144040617672;18.0;29
1211151;pre1975;True;245.0;29.48668398268398;4.716000972457494;462;T3;3689.5359669252994;2150.3388594338517;6714.154294421901;7083.635723337609;5380.552061448799;10262.100974911868;3394.09975641231;3192.0209581558406;3999.451343820202;4563.81543498805;True;post_visit;PV;10762.639653679653;3679.0039303420435;11.0;29
7771161;pre1975;False;240.0;69.73553006681514;4.4418969691101;449;T2;4604.490831258276;2719.047289998542;7088.382626805946;7810.230522081363;5892.191131499616;10422.693227746415;3205.7396908230876;2989.7621056298367;3611.3138416541087;4369.335336807404;True;post_visit;no PV;25453.468474387526;17643.23795230616;6.0;29
5769106;post2010;False;200.0;24.91214601769912;4.295435263562909;452;T1;-75.05802086339463;-270.15120652387367;97.81536344327937;2790.2605715801237;2580.836025470852;3177.877936608768;2865.3185924435184;2657.154322212029;3220.934999537799;367.966569967153;False;post_visit;no PV;9092.933296460178;6302.672724880054;;1
901187;pre1975;False;180.0;36.42812527964206;4.229759102551633;447;T1;4473.173717210417;3987.683853116167;6564.549642917683;6768.361405398545;6205.634189107162;9162.927453228622;2295.1876881881276;2146.1411183667237;2718.340965013177;2576.865789801516;True;post_visit;no PV;13296.265727069353;6527.904321670808;5.0;29
7411491;1991_2000;False;180.0;21.042720720720723;4.162751664708186;444;T1;879.4199423351438;666.1825783456061;1182.325085429386;3931.156704590082;3666.7690040790253;4452.367170240473;3051.736762254938;2835.944336648637;3420.507148617472;516.14250708378;True;post_visit;no PV;7680.593063063064;3749.4363584729817;11.0;17
1071058;post2010;False;250.0;33.927324324324324;4.197865925708317;444;T1;-109.07097759576027;-381.3779463430104;119.93500733889984;3405.3018389761955;3153.8739019812365;3904.755871919284;3514.372816571956;3280.4522939560443;4028.036696888288;501.31295368191024;False;post_visit;no PV;12383.473378378378;8978.171539402181;;1
1091217;2001_2010;False;150.0;20.0033576309795;4.048100013205243;439;T1;275.165099570253;137.11380751836666;484.6881402267586;3546.4992601299537;3288.3591028966766;4137.209714838912;3271.3341605597006;3021.4493699341147;3790.935008759924;347.5743327083919;True;post_visit;no PV;7301.225535307518;3754.7262751775643;25.0;29
7069411;1991_2000;False;190.0;31.44530946882217;4.004884459617767;433;T1;879.9647217707598;717.3888294859366;1292.2027353432723;3943.5690531984;3681.9677871209815;4580.529546808575;3063.6043314276403;2838.3962605912425;3497.6372431039804;574.8139058573356;True;post_visit;no PV;11477.537956120092;7533.968902921692;10.0;17
679810;1976_1990;False;320.0;26.35233025404157;3.9647499748970776;433;T2;1268.5344288522842;1007.6829867715918;1736.656250285085;3669.762773552539;3388.079912824773;4312.017229981916;2401.2283447002546;2257.860247844315;2665.007739369345;728.9732635134932;True;post_visit;no PV;9618.600542725173;5948.837769172635;26.0;53
721074;post2010;False;134.0;11.016273159144893;3.970861217253606;421;T1;-63.83663384634542;-202.73223707655052;64.19812600029042;1417.0457626286063;1314.0145522164578;1626.2284545692278;1480.8823964749517;1386.3718593142828;1679.5741660194903;266.93036307684093;False;post_visit;no PV;4020.939703087886;2603.8939404592793;;1
712718;1976_1990;False;200.0;22.870105011933177;4.014673757393379;419;T1;1462.1493090190907;1141.0780418332747;2024.4315020941144;3587.3270930149024;3295.71006509971;4279.76617084486;2125.1777839958118;2008.9148744664135;2408.269755276665;883.3534602608397;True;post_visit;no PV;8347.588329355609;4760.261236340706;19.0;53
7211189;pre1975;False;202.0;40.41599033816426;3.94361732479171;414;T2;2124.0878555485374;827.9604146127807;3820.9093282275726;5531.511224616607;4200.000201865058;7397.700184340891;3407.42336906807;3129.582190283925;3832.6309783531356;2992.9489136147918;True;post_visit;no PV;14751.836473429954;9220.325248813348;27.0;29
811080;1976_1990;False;190.0;36.262760290556905;3.9397479559251853;413;T1;1476.410883199052;1201.36541926812;1988.7656724787416;3693.973355565643;3400.9791013944887;4416.8090892451655;2217.562472366591;2089.880891301569;2506.9368320535327;787.4002532106217;True;post_visit;no PV;13235.90750605327;9541.934150487628;16.0;53
5831058;pre1975;False;160.0;24.222406015037592;4.065453397987723;399;T2;2963.078043258376;1926.537004272774;5168.47810499817;5758.662215078855;4723.561350024819;8166.117767904711;2795.5841718204792;2627.2523548311938;3254.465859754927;3241.941100725396;True;post_visit;no PV;8841.178195488721;3082.5159804098657;13.0;29
760117;1976_1990;False;155.0;31.211820197044336;3.874156582423074;406;T2;1022.7749148453827;543.4633675043193;1661.18807176347;2986.335958743186;2542.1646810718457;3760.2599418547293;1963.5610438978033;1827.4425105451107;2224.0247966406937;1117.7247042591507;True;post_visit;no PV;11392.314371921182;8405.978413177996;49.0;53
468980;pre1975;False;160.0;29.287192019950126;3.7460704217716576;401;T2;3014.611029882522;1915.628247623015;5214.813556463516;5036.3960074267725;3948.666138915768;7446.669851723612;2021.7849775442505;1895.2397260282448;2363.5897101734436;3299.1853088405005;True;post_visit;no PV;10689.825087281795;5653.429079855023;14.0;29
103721;2001_2010;False;160.0;24.23159398496241;3.713124659474774;399;T1;250.8061944182234;119.34495609191875;415.0223198796305;1982.5429964026189;1836.1809625640622;2276.832186089368;1731.7368019843955;1599.4762391993524;1971.34603418172;295.6773637877118;True;post_visit;no PV;8844.53180451128;6861.988808108661;28.0;29
821088;1991_2000;False;220.0;23.87858897243108;3.713124659474774;399;T2;493.0565598624853;183.1489164204834;906.1320128699218;2532.5751233624737;2229.658456869686;3062.181603419347;2039.5185634999884;1923.5057381635952;2296.931114071806;722.9830964494384;True;post_visit;no PV;8715.684974937343;6183.109851574869;17.0;17
796869;2001_2010;False;150.0;14.956794416243655;3.6063220959317293;394;T1;323.2638482035263;177.4039229913674;570.0675347249706;2254.203368915361;2116.3488071885963;2682.3648376073907;1930.9395207118346;1819.3483567571834;2234.10372971673;392.66361173360326;True;post_visit;no PV;5459.229961928934;3205.0265930135733;22.0;29
727690;1976_1990;False;157.0;23.309690851735013;2.957411237598866;317;T3;1023.7526929112496;583.8661379526878;1758.2025634346735;2549.276756877356;2116.1255372219425;3337.904229868727;1525.5240639661065;1413.2004633944232;1712.5061453863264;1174.3364254819858;True;post_visit;no PV;8508.03716088328;5958.760404005923;48.0;53
669010;1976_1990;False;170.0;72.37696113989638;3.4951297214087256;386;T2;1658.592107918892;1158.792899577634;2522.3326584568276;3343.0459449288182;2890.8352058710766;4367.965658940072;1684.4538370099262;1585.587194715895;2026.509900499857;1363.5397588791936;True;post_visit;no PV;26417.59081606218;23074.544871133363;18.0;53
9889114;pre1975;False;200.0;30.82016037735849;1.9575488788624555;212;T2;1668.6487266767667;736.1829577081375;2889.2989615657148;3960.9357122154533;3015.6968809656537;5289.054705289568;2292.2869855386866;2092.9904742454605;2590.6975567584614;2153.116003857577;True;post_visit;no PV;11249.358537735849;7288.422825520395;28.0;29
7984107;pre1975;False;120.0;33.82712658227848;5.1420323488045;237;T1;2857.9687293394645;2532.020060366223;4338.516214731778;4795.174653490154;4471.9060187908135;6479.498349321053;1937.2059241506895;1846.6995468369414;2284.130516972704;1806.496154365555;True;post_visit;no PV;12346.901202531646;7551.726549041492;8.0;29
721077;1976_1990;False;234.0;26.018568783068783;3.3083643892339545;378;T3;1076.1076512613104;634.9937879209372;2122.0721849854026;3321.08419913111;2919.941076079235;4530.960037248508;2244.9765478697996;2085.8212887873137;2604.0374025834312;1487.0783970644654;True;post_visit;no PV;9496.777605820105;6175.693406688995;43.0;53
658466;1976_1990;False;162.0;12.380421828908554;2.772377003975888;339;T1;765.6094442421331;617.4672250086244;1055.38952521146;2253.734478387245;2056.0442645077287;2622.7345159567863;1488.1250341451118;1379.4589251887896;1681.5436125522097;437.9223002028357;True;post_visit;no PV;4518.853967551622;2265.1194891643772;44.0;53
112120;1976_1990;False;136.0;15.159260053619303;3.296378657186152;373;T1;999.7739323477663;801.545869571003;1363.2758360723803;2683.031279054628;2485.1561175829584;3137.0824959784363;1683.2573467068619;1564.2122934773822;1899.4221818370693;561.7299665013774;True;post_visit;no PV;5533.129919571045;2850.098640516417;34.0;53
1159664;pre1975;False;152.0;31.6314532967033;3.2922801401497055;364;T2;2073.8535768068023;947.9021291032326;3495.310107275067;4576.201787081055;3427.909705028564;6131.659542589553;2502.348210274253;2316.6201325844036;2820.8572231689714;2547.407978171834;True;post_visit;no PV;11545.480453296705;6969.2786662156495;26.0;29
122887;2001_2010;False;232.0;27.215791891891893;3.3280359576968275;370;T1;385.7401319555629;212.97513677680897;686.6278923856545;3040.190619674092;2829.529072815159;3536.9379204674046;2654.450487718529;2464.931371221469;3073.6811287721584;473.6527556088455;True;post_visit;no PV;9933.764040540542;6893.57342086645;17.0;29
706817;2001_2010;False;168.0;34.07039726027397;3.1904773674806433;365;T1;260.68334843490175;144.5564545546111;475.179103074306;2428.0525745037603;2265.9598384822825;2812.8635133687344;2167.3692260688586;2012.2355769248838;2490.9348316803316;330.6226485196949;True;post_visit;no PV;12435.695;10007.64242549624;24.0;29
748773;1976_1990;False;200.0;18.98772239747634;2.9942124079915877;317;T1;1090.495982478984;887.0161335994794;1504.0835689986366;2863.46371833675;2645.8687732000503;3423.0655435432122;1772.967735857766;1649.9415137578292;2026.4270186101223;617.0674353991571;True;post_visit;no PV;6930.518675078864;4067.0549567421144;29.0;53
100119;1976_1990;False;160.0;32.19382062780269;4.109186846038864;223;T1;1352.8621938695296;1080.6118492291432;1968.5364679723268;3675.5947358725634;3355.5289069806586;4494.473881603437;2322.732542003034;2177.5954776529484;2637.914694108858;887.9246187431836;True;post_visit;no PV;11750.74452914798;8075.149793275416;24.0;53
