Household_ID;era;pv;area_m2;kwh_per_day;hdd_per_day;n_days;tier;deficiency;deficiency_lo;deficiency_hi;E_as_built;E_as_built_lo;E_as_built_hi;E_reference;E_reference_lo;E_reference_hi;band;decisive;window;pv_lvl;kwh_yr;implied_appliance
120701;1976_1990;False;236.0;25.68823263888889;3.52981418578905;576;T1;1811.1505840212312;1367.0525838550109;2468.182691865485;4344.48377862399;3652.5851889384294;5180.034582371412;2533.3331946027583;2174.818298518848;2843.1083520288635;1101.1301080104743;True;all_days;;;
706646;2001_2010;;160.0;24.291996805111822;3.790436125387785;939;T1;2452.5054593402874;2114.4391172420947;2890.5567337552625;5685.349451381391;5254.217688656631;6361.139443417697;3232.843992041104;2950.522854005015;3685.8266868876763;776.1176165131678;True;all_days;;;
1078861;pre1975;True;160.0;20.22842748091603;0.5341745952723385;393;T2;317.22313877751776;257.49611375658515;522.0831158233327;1182.298112310913;1081.9240400310116;1447.0562240346908;865.0749735333952;763.9932864935582;993.4316263743884;264.5870020667476;True;all_days;;;
190821;post2010;True;155.0;13.514768575851392;3.9551401545744156;1292;T1;-70.47891725272848;-239.40498736514385;88.73608982949298;2634.7492277984743;2442.084382715611;3064.4419654932153;2705.228145051203;2504.4469225045727;3113.116030755011;328.14107719463686;False;all_days;;;
105898;1976_1990;;160.0;39.92827249683143;3.7449600944141364;789;T2;1137.8167550970188;643.373459048798;1875.7942342753197;3245.48910142853;2709.933968036855;4132.05830552855;2107.672346331511;1912.922602441095;2428.4639160543193;1232.4207752265215;True;all_days;;;
1178890;2001_2010;;210.0;26.44027222222222;3.9353222222222226;180;T1;432.84521111821095;233.30921534565874;765.7370800989696;2497.4759359741633;2323.024207952029;3081.6545055525694;2064.6307248559524;1932.5242963880667;2472.549381543793;532.4278647533108;True;all_days;;;
731201;1976_1990;;255.0;63.08366975881261;5.612336116264688;539;T2;2510.892816973287;1026.808857688496;4812.811316004488;6451.952367859341;5024.452722683751;9168.26216229467;3941.0595508860542;3682.8203150677145;4631.248849515327;3786.002458315992;True;all_days;;;
1228011;2001_2010;False;120.0;21.941836283185843;3.1753181993074255;678;T1;1722.2868207015717;1479.2362336658566;1964.2203986885786;3893.6999334176307;3448.821655975587;4189.358075295654;2171.413112716059;1901.4235892037384;2355.0702546495245;484.984165022722;True;all_days;;;
114117;1991_2000;;260.0;61.47519117647058;3.053833546462063;340;T1;1774.511577892436;1557.4862075765795;2087.9957748767224;4066.870460722568;3792.945967147613;4598.87555229138;2292.358882830132;2157.254206438733;2618.1887603150376;530.5095673001429;True;all_days;;;
8627071;2001_2010;;250.0;81.64951851851852;3.314391975308642;270;T2;2015.7422940976749;1628.8880258084532;2495.7049559812394;4509.136522351373;4084.737939710759;5187.770586368093;2493.394228253698;2303.0083047424882;2834.979088701717;866.8169301727862;True;all_days;;;
867211;1991_2000;;245.0;14.443988857938718;3.190704069274555;718;T2;2412.948738052656;1838.9852737802207;3138.5095653020685;5003.094690583482;4204.577379061183;5825.510624660254;2590.1459525308255;2240.8607193694534;2903.8167515021846;1299.5242915218478;True;all_days;;;
1114677;post2010;;220.0;60.0459;6.703276086956522;500;T1;1261.139233965353;831.7963160484162;1673.6479706770297;5487.062179213872;5055.036451026652;6164.926013523947;4225.922945248519;3918.2714748361836;4788.186341881529;841.8516546286135;True;all_days;;;
611797;1976_1990;;275.0;33.10231592920354;3.7071054828780303;1130;T2;2249.493121558602;1254.068328213018;3689.468482900521;5118.233748506368;4217.189191553393;6804.899895712121;2868.740626947766;2734.0984525290723;3390.249536892148;2435.400154687503;True;all_days;;;
1137376;1976_1990;False;200.0;41.426128724672225;3.471233024131558;1678;T1;3897.056670035411;3497.6977986818333;4838.287993275222;7150.763704304894;6611.255406798834;8494.14149128816;3253.7070342694833;2977.117752892372;3843.1794742711118;1340.5901945933888;True;all_days;;;
700831;1976_1990;;450.0;76.82277751196172;3.998555786699951;836;T2;5045.256834210977;3891.3195942496377;7596.992531646799;9055.115063507332;7853.192120127848;12013.186993644065;4009.8582292963547;3694.622267322283;4777.812168072395;3705.672937397161;True;all_days;;;
1191127;2001_2010;True;220.0;35.360010135135134;3.053555743243243;296;T1;247.89602902064917;130.12824662045767;425.184058927525;2405.814883707223;2236.554626162992;2797.8952752543782;2157.918854686574;2024.6843999101416;2472.745080119648;295.0558123070673;True;all_days;;;
121798;1976_1990;;207.0;28.344919811320754;4.00597084358764;424;T2;2298.5570235149207;1922.1345373019965;3116.100509175703;4234.846089608674;3890.535663306089;5177.25899729477;1936.2890660937537;1805.944328737228;2210.1319647747086;1193.9659718737064;True;all_days;;;
114671;pre1975;;260.0;35.04106479859895;2.5519838066956013;571;T3;2859.8534194090025;1451.5385567972162;4437.406845239415;5690.00111202407;4095.739826067693;7434.0684953516675;2830.147692615067;2471.509505026802;3069.0229171677147;2985.8682884421987;True;all_days;;;
1121037;2001_2010;;150.0;39.68100585651538;3.165213380864473;683;T1;267.8043028266002;120.38806204300472;404.725496700217;2796.2054272577234;2408.131774549744;3061.7954001531302;2528.401124431123;2208.750750201485;2778.5691361499307;284.33743465721227;True;all_days;;;
9880798;1991_2000;False;150.0;43.293468483816014;3.402035849196356;587;T1;2549.5473293818213;2199.2563853234396;2880.6875133214467;5165.421842355185;4645.034508352787;5598.339546825407;2615.8745129733634;2300.0063986891814;2858.153115821519;681.431127998007;True;all_days;;;
680861;1991_2000;False;400.0;63.00837569060774;3.917535871566979;543;T1;1007.0610209769288;761.0590234728776;1546.6288110045318;3969.3156082348855;3692.1877079916685;4765.326668930309;2962.2545872579567;2810.4571845065425;3492.7237470997993;785.5697875316542;True;all_days;;;
468185;1976_1990;False;300.0;21.815538263665594;3.939773027634093;1555;T3;2852.6410541307223;2038.531298908376;4703.122939525338;5598.193995884409;4862.796638250998;7786.50065622353;2745.5529417536864;2589.775069175072;3309.9965154058755;2664.5916406169617;True;all_days;;;
781007;1976_1990;False;200.0;19.654122422680413;3.981930020170327;1552;T1;1481.0465288311093;1167.1249177972932;2055.4331175993493;3714.4784859895854;3338.248510568202;4496.884669416809;2233.431957158476;2083.564250797022;2580.541315662116;888.3081998020562;True;all_days;;;
761079;1976_1990;False;250.0;28.907378358750908;3.765477061033753;1377;T2;2716.7314938580525;2021.7771953186602;4099.892527861309;5254.117725453298;4599.98744989465;6804.232130901685;2537.386231595245;2388.881196497719;2934.97194256659;2078.1153325426485;True;all_days;;;
461089;1976_1990;False;235.0;21.8788618513324;3.6829631075065556;1426;T1;1677.4217642313783;1355.6202196143652;2469.9184005902016;4074.8674334548377;3677.248398285745;5210.860292883181;2397.4456692234594;2240.8624527586635;2847.5830753718064;1114.2981809758364;True;all_days;;;
114109;1976_1990;False;200.0;36.44107420249654;3.640544423003478;1442;T2;2034.0466025472651;1500.4400789634662;3165.8140440306465;3769.639238406873;3238.471195998599;5063.403948201547;1735.592635859608;1622.0481638975778;2037.1555129348508;1665.3739650671803;True;all_days;;;
107114;1976_1990;False;185.0;31.32114982332156;3.646595580478312;1415;T2;1132.2593581267865;651.7522980889652;1961.1602682998212;3208.3841771473735;2744.756789039977;4263.207239508841;2076.124819020587;1969.7994319437437;2435.6180073569476;1309.407970210856;True;all_days;;;
671048;2001_2010;;240.0;21.365245786516855;3.208740891141508;712;T1;1412.3508481959852;1136.9590147885697;1677.8704795982871;4061.5978819647544;3527.3694228588115;4358.601020197496;2649.247033768769;2269.4366789953883;2841.437665402188;540.9114648097175;True;all_days;;;
109711;1991_2000;True;160.0;17.571543539325845;3.184779524914509;712;T2;1300.1446030743787;778.9069067434809;1878.6014123137566;3271.329021414206;2611.7516277993077;3918.923353347504;1971.1844183398275;1715.0852102251486;2146.0278700465765;1099.6945055702756;True;all_days;;;
7610179;1991_2000;;280.0;33.40373127753304;5.440884313349933;1135;T2;3220.6449187561648;1876.3146298957697;4895.05060334685;8010.580660384585;6677.7204630143915;9981.203744100632;4789.93574162842;4445.857330419442;5493.993075867203;3018.73597345108;True;all_days;;;
6569121;2001_2010;;150.0;25.887867872044506;4.701064884803773;719;T1;1950.2334840847197;1594.3943183400943;2311.3808151492876;5003.736058487972;4480.077635175367;5542.555684782692;3053.502574403252;2646.6376563548242;3386.085697489776;716.9864968091933;True;all_days;;;
5011111;pre1975;;286.0;52.57780521739131;5.584448865784499;1150;T1;7849.879750036855;6818.959935692485;11240.560455205441;13141.824378029385;11943.090206997058;17321.392731038613;5291.9446279925305;4980.136646650038;6215.84882205107;4421.600519512956;True;all_days;;;
5661171;2001_2010;;250.0;50.21064349376114;3.6620680849414864;561;T1;718.4654354646154;285.5482853179804;1120.3178790285733;4635.8936839629905;3953.759923811972;5193.114527998345;3917.428248498375;3371.3510811360497;4282.427262439278;834.769593710593;True;all_days;;;
110119;2001_2010;;130.0;19.404724617524337;3.147466741246901;719;T1;1254.6106633535705;1022.1969253545307;1464.13446157436;3118.919165098824;2716.4870136250347;3389.624062754897;1864.3085017452536;1602.624998893526;2035.9890582349062;441.93753621982944;True;all_days;;;
102766;2001_2010;;216.0;42.48199443671766;4.701064884803773;719;T1;1678.3773183076464;1246.7905111379682;2150.5666669979314;4958.3744963728905;4258.633810288174;5607.37664919491;3279.997178065244;2773.6253766966897;3704.4845626839106;903.7761558599632;True;all_days;;;
105900;2001_2010;False;240.0;38.21156052141527;5.580197082557418;537;T1;3012.2653036837164;2547.5730989731665;3563.8464407333313;7417.482360374161;6915.552405273063;8236.296145798806;4405.217056690444;4141.502399058043;4921.151455337506;1016.2733417601648;True;all_days;;;
826780;pre1975;True;150.0;13.34161401425178;4.069792376673895;842;T3;2354.8775980422415;1029.1266467497026;4422.3677642539615;4993.888779276335;3663.8582236018005;7188.62881778943;2639.011181234094;2404.708410847244;3011.5797812986234;3393.241117504259;True;all_days;;;
698310;pre1975;True;200.0;25.177097415506957;3.574444694153917;503;T2;2608.3493320613443;1087.466724610565;4620.944563286249;5942.119889943719;4355.972289060536;8127.100420551293;3333.7705578823743;3101.6548226107884;3705.1495312872007;3533.477838675684;True;all_days;;;
24611;pre1975;;160.0;19.007152758132957;3.20565853883525;707;T2;3070.93757257037;1728.9008399293944;4357.417318839355;4802.929784598825;3296.027417836584;6176.484603983585;1731.992212028455;1472.5172404601774;1883.8016717175706;2628.516478909961;True;all_days;;;
6683113;pre1975;False;160.0;22.48769254658385;2.9318234989648033;322;T2;2144.594128595047;1324.5528257582043;3405.5836466725814;4574.954027264154;3734.1657047181943;5978.058408939436;2430.359898669107;2213.9836762218215;2734.4850971517812;2081.030820914377;True;all_days;;;
896968;1976_1990;True;200.0;10.355299418604652;3.077478113414223;344;T2;1038.2050088458777;558.3773225896866;1714.9496429300107;3026.028074803702;2584.894420800166;3876.1884884211477;1987.8230659578244;1842.3050652336085;2252.0418419083717;1156.572320340324;True;all_days;;;
9981041;2001_2010;True;410.0;26.863366438356163;3.859581931209053;1168;T1;574.8502017906872;263.508882206628;1050.1995828088889;3972.3811264772;3662.1298933385474;4850.4863571215365;3397.5309246865127;3200.365741826928;4032.695999320441;786.6907006022609;True;all_days;;;
111710;1991_2000;;290.0;38.87321781305115;5.445682271298214;1134;T1;1812.553210466007;1412.3114424644368;2744.646442080502;6131.606210347672;5778.533954895412;7516.363598266998;4319.052999881665;4041.490617244471;5111.394922048178;1332.334999616065;True;all_days;;;
1027273;2001_2010;;200.0;27.64955571847507;4.498153714565005;682;T1;2480.438310491727;2096.015051848025;2991.7973524743215;6253.7860392619095;5542.116544727286;6958.130134823624;3773.3477287701826;3295.547626375312;4261.959294160702;895.7823006262965;True;all_days;;;
6981151;pre1975;False;240.0;57.521465533522196;3.45481657565929;1059;T2;2722.105347677858;1514.8951259262797;4670.390854733086;5253.328481240088;4054.951978238581;7485.309672345011;2531.22313356223;2330.369045133483;2995.822606388358;3155.4957288068063;True;all_days;;;
876511;1991_2000;;500.0;48.546786407766994;3.7272330097087383;412;T1;5345.738542444475;4696.634050269772;6155.164667567478;11557.671419958464;10805.11003557485;12893.35645661171;6211.932877513989;5824.8428374692185;6928.518184521511;1458.5306172977062;True;all_days;;;
7412010;2001_2010;;250.0;32.96525670498084;5.349812454883669;783;T1;698.1438455288453;362.3444312432336;1193.0898528190835;5449.266860865947;5046.036194617474;6546.399674271505;4751.123015337102;4396.000763605337;5465.137283184786;830.7454215758498;True;all_days;;;
6810910;1976_1990;False;160.0;33.75705896607431;5.8000396033808626;1238;T2;2142.528188237068;787.4328207461227;3811.4606551336315;5170.54504441767;3840.281077675622;7117.495525275622;3028.016856180602;2851.070503894049;3507.270939663589;3024.027834387509;True;all_days;;;
9889190;pre1975;False;200.0;18.607757340241797;4.267574046957523;1158;T3;3869.5598832392607;1643.0515347234948;7761.275662100646;7152.009990869077;5060.473677759445;11369.47249443836;3282.4501076298166;3085.4710752923174;3825.143025309294;6118.224127377151;True;all_days;;;
6808461;post2010;False;207.0;16.408966015293117;4.04060881878517;1177;T1;-83.5655875630282;-284.15780670836057;86.01850612940274;2951.6142984890184;2685.81789097679;3382.05539298514;3035.1798860520466;2814.799852883567;3457.001875101582;370.1763128377633;False;all_days;;;
6773102;pre1975;False;200.0;35.986128650904035;3.6075248130454938;1438;T3;2647.3255328656824;1225.4990773009504;4927.865675057695;5479.812731307208;4083.7403221657837;7950.7920531245345;2832.487198441526;2658.3820809329723;3227.060269441535;3702.3665977567443;True;all_days;;;
4710670;pre1975;True;300.0;37.73992027729636;4.089511767513124;1154;T1;5230.315141599188;4567.405872918924;7979.059700570993;8443.330608467499;7684.197974063329;11719.544080666332;3213.015466868311;3038.46252958248;3888.9588204714323;3411.6538276520696;True;all_days;;;
716869;1976_1990;False;155.0;17.04317409948542;4.018784491759266;1166;T2;1513.8055742772694;943.2436035911477;2453.3099401929117;3904.419793700524;3298.364705990803;4989.125983247244;2390.614219423255;2237.713283579573;2761.633162512985;1510.0663366017639;True;all_days;;;
115508;pre1975;False;170.0;25.80907148726376;4.068528187631738;1217;T3;2620.476559236784;1505.2967653339092;5126.594192272735;4707.302671578969;3630.6263662490082;7484.868631561963;2086.8261123421853;1988.2772940297248;2516.17641368089;3621.297426938826;True;all_days;;;
781099;1976_1990;False;150.0;25.019319807427784;3.983574447301796;1454;T2;1520.439381320908;1115.331322850867;2345.7412203224253;3432.252753253877;3004.5366763179254;4414.660817101143;1911.813371932969;1786.1026752954053;2206.3844001524967;1230.4098974715582;True;all_days;;;
105768;pre1975;True;294.0;20.966550949913643;3.819199262846987;1158;T3;4009.4498885681055;1664.43796990439;7869.610691961477;6455.2230863642835;4139.7651957825865;10675.675857947797;2445.773197796178;2303.0041892595273;2880.90170109606;6205.1727220570865;True;all_days;;;
8010411;post2010;False;375.0;31.566730017761987;3.732819001467295;1126;T1;-156.42930509556118;-518.3830064877344;171.46800413677508;4730.546828031808;4391.446259683778;5392.632828864188;4886.976133127369;4552.111882508956;5593.144559997356;689.8510106245095;False;all_days;;;
7086681;2001_2010;False;180.0;28.402554441260744;3.690164932934679;1396;T1;381.86382496500755;179.53398141324377;629.9814302709038;2288.886434908364;2084.6734490223553;2721.911611749442;1907.0226099433567;1785.4177364458621;2213.84729273695;450.4474488576601;True;all_days;;;
868122;1976_1990;False;280.0;24.75062589459987;4.067797912364572;1537;T1;2957.9766642520676;2454.5549268120176;4143.89568192297;5803.077912576103;5271.539129557293;7310.386690313905;2845.101248324035;2676.7803719116982;3376.7794424472654;1689.3407551109522;True;all_days;;;
881223;1976_1990;False;240.0;44.2443855721393;4.162011650683779;1206;T2;3339.7250567163915;2589.7819608873024;5155.18891519087;6141.867749031928;5460.460076885455;8281.319291793698;2802.1426923155364;2636.4229749768906;3407.228813206224;2565.4069543035675;True;all_days;;;
118708;1991_2000;False;186.0;23.895303225806448;3.6916632590514777;1395;T2;457.8307089629293;349.76167258793504;729.5054494424667;2276.7900352113934;2117.363331169399;2786.8528958062084;1818.959326248464;1691.2357685955767;2124.8955124259696;379.74377685453163;True;all_days;;;
1037610;post2010;False;222.0;49.493156451612904;4.067521353436185;1240;T1;-88.30077789762981;-326.465159280775;109.75889784060881;3422.735447623457;3195.9507501773705;3984.0390847524204;3511.0362255210866;3273.3702173288275;4095.6016278305706;436.22405712138385;False;all_days;;;
6885841;post2010;False;170.0;18.775337732919255;3.5361586270141325;1288;T1;-93.67949813088171;-284.9006650973997;82.35403101397101;2935.925622360805;2699.023354454384;3384.2698042784627;3029.6051204916866;2816.31012054103;3455.766211165149;367.2546961113707;False;all_days;;;
2794690;1976_1990;False;140.0;22.821444810543657;4.143672963971062;1214;T2;1185.8276205014113;678.0331784177076;2034.365940690184;4802.25914470817;4262.186244434244;5951.202918312104;3616.431524206759;3306.3242825441216;4142.298369445098;1356.3327622724764;True;all_days;;;
111119;1976_1990;False;180.0;18.850669677419354;3.991898639551192;1550;T1;1703.8163821141761;1414.2941200904495;2535.3108814596476;3977.414603897695;3623.4882658893307;5110.251284928292;2273.598221783519;2130.414867002953;2708.968518779653;1121.016761369198;True;all_days;;;
105807;1976_1990;False;200.0;35.74891069991955;4.085178180419042;1243;T3;1590.196590225079;877.5863886317496;2885.336022176134;3862.3644068303156;3179.903920459385;5236.188674253387;2272.1678166052366;2125.273025140877;2629.203344674097;2007.7496335443843;True;all_days;;;
7374981;post2010;True;200.0;28.154070750647108;5.667892173412862;1159;T1;-139.80445840312223;-466.37758806973943;146.36449498490293;4291.101566321194;3930.8665670706578;4945.7204330090835;4430.906024724316;4154.655389504742;5065.795661160767;612.7420830546423;False;all_days;;;
861116;1976_1990;False;195.0;18.553728937728938;3.6950818920210224;1365;T2;1327.6201590785058;789.1552789940977;2181.7956628148;3712.7264239488013;3170.9228846790284;4758.990786966813;2385.1062648702955;2254.1853268905706;2743.5162325625147;1392.6403838207023;True;all_days;;;
108511;2001_2010;False;274.0;38.94995646766169;3.8221840976278028;804;T1;467.5602493680317;242.87289375291817;834.3551316837721;4223.585662502912;3873.0442205450267;4875.974840333519;3756.02541313488;3474.1460628264167;4263.964293827436;591.4822379308539;True;all_days;;;
86109;1976_1990;False;160.0;18.848203626220364;4.173408803791967;1434;T2;1425.2920445156228;775.6539718092157;2335.1377790244214;3811.496620667531;3198.2500091126;4903.472445480195;2386.204576151908;2233.4587289047145;2734.831102662794;1559.4838072152056;True;all_days;;;
1037311;1976_1990;False;180.0;11.521712811693895;4.0756992660161755;1163;T2;946.8188737652681;236.4883370215233;1829.3765629436539;3456.5574881950015;2790.9736535133593;4522.556499961174;2509.7386144297334;2355.500135906575;2858.7626676246296;1592.8882259221305;True;all_days;;;
116121;pre1975;False;395.0;83.6525592264303;4.43484774433895;1241;T1;10241.849133099233;9138.527046209061;14738.966016351349;14633.344217347945;13438.564714935394;20030.84354128194;4391.495084248712;4112.7742542261285;5440.638113383042;5600.438970142288;True;all_days;;;
120741;1976_1990;False;164.0;31.793264900662255;4.159824017420098;1208;T1;1634.1554926989866;1364.2604297341743;2437.2902211174433;3975.0434614129413;3698.5438543953464;5058.900210509468;2340.8879687139547;2173.1007530382744;2760.0469560399206;1073.029791383269;True;all_days;;;
114721;1976_1990;False;140.0;32.87059078947369;3.913876902173913;1520;T2;1565.2476906059537;929.4318629582157;2525.084930843095;3692.343697528379;3068.670941479759;4877.097126087586;2127.096006922425;1985.9963507914754;2449.5602337962137;1595.6530678848794;True;all_days;;;
815461;1976_1990;True;240.0;16.591260945709283;4.031672339399477;1142;T2;1385.4730037833533;784.9146900886489;2392.8583271717557;3893.207009770775;3295.234221267666;5203.406535238957;2507.734005987422;2358.7242193622424;2917.5095927416587;1607.9436370831068;True;all_days;;;
1678757;1976_1990;False;200.0;17.724354210160055;3.9172788770889433;1437;T2;1436.0289815648198;861.9601791806996;2389.6843593862727;3960.131663299681;3401.2765818125335;5185.814316681521;2524.102681734861;2369.9359107942423;2907.2703945541534;1527.7241802055732;True;all_days;;;
971071;1976_1990;False;250.0;33.89293295019157;3.9749183001092048;1566;T2;1685.7205499675651;1002.7953377915758;3031.465584449563;4604.07972985526;3921.3135011422514;6445.47103038063;2918.3591798876946;2730.4611263887423;3550.8214567326563;2028.670246657987;True;all_days;;;
121728;post2010;False;455.0;35.724942985265855;4.040116629065352;1561;T1;-136.11515619563306;-489.00887167092867;190.50236300783823;5431.26386559411;5115.837072370259;6309.218157702169;5567.379021789743;5226.591960064543;6424.990699518428;679.5112346787669;False;all_days;;;
114798;pre1975;False;301.0;38.802642790697675;3.842205251095382;1075;T3;4199.355851562996;2306.20016250721;8377.029624242889;7312.300845461044;5520.036843930015;11793.07189952974;3112.944993898049;2884.3869560130843;3750.662865769556;6070.829461735679;True;all_days;;;
1081057;post2010;False;200.0;21.62621684737281;4.140636484510039;1199;T1;-94.17391060237105;-335.67729787454573;93.68141887083179;3031.677059693115;2756.1473736459;3497.0839733807966;3125.850970295486;2888.8679897686397;3608.505451536751;429.35871674537754;False;all_days;;;
9776611;post2010;False;180.0;22.829201444622793;4.107521919417498;1246;T1;-94.09560366830874;-323.57199736301175;120.36984808619954;2726.312770201068;2541.611214286475;3113.001661182466;2820.4083738693766;2611.668027324394;3211.192289676781;443.9418454492113;False;all_days;;;
7411010;post2010;False;260.0;24.247873148744365;3.947331224278395;1553;T1;-131.31038943439034;-456.937622796726;132.84946729900923;3729.4154777061503;3466.076271764604;4364.072990239057;3860.7258671405407;3684.935033204352;4471.594337714804;589.7870900957353;False;all_days;;;
512280;post2010;False;300.0;29.628056061667834;3.974448549201223;1427;T1;-122.57445969880064;-460.3472620760464;137.9896014072368;3606.7943694345613;3329.2430479996906;4199.493097481356;3729.368829133362;3478.725815176729;4362.0271716761545;598.3368634832832;False;all_days;;;
7710511;pre1975;False;200.0;59.100941794664514;3.9634322519419354;1237;T2;4209.28919034353;2661.1537332996513;7124.013944036259;7186.478510055424;5678.969110926386;10376.828215175718;2977.1893197118934;2790.805881059661;3531.8136091318406;4462.860210736608;True;all_days;;;
823761;1991_2000;False;240.0;22.59410931435964;3.976523539006693;1546;T2;886.2994071437988;341.58075884199883;1628.828360035382;3865.2697438970868;3333.0055406895744;4866.3704126050325;2978.970336753288;2801.1190575220517;3531.821375393828;1287.2476011933832;True;all_days;;;
1101758;1976_1990;False;192.0;17.585399868247695;3.897645734280422;1518;T2;828.5265452624253;230.32593263489835;1729.8594781667803;2892.867242960492;2327.4127974529833;4021.7674652397995;2064.340697698067;1935.0681781351832;2416.5290253071876;1499.5335455318818;True;all_days;;;
1061168;post2010;False;160.0;21.490136174636174;3.67569336225858;962;T1;-63.04656117427476;-206.97582222589025;81.0307656889354;1793.1502219455183;1639.5782142327216;2054.5853628937484;1856.196783119793;1706.1585492270249;2103.032256460935;288.0065879148257;False;all_days;;;
808112;1976_1990;False;140.0;29.940248104755344;3.572368836085059;1451;T1;2220.9115000752845;1956.2754057411557;2741.147131589664;4165.570342181909;3905.4897246003657;4858.812817447605;1944.6588421066244;1810.6141350872226;2237.1386842540187;784.871725848508;True;all_days;;;
1019970;post2010;False;170.0;18.509987509184423;3.7735851675558254;1361;T1;-69.30204354146599;-252.91788594794747;64.18932161986551;2651.5866605087554;2447.60894773242;3066.672310074684;2720.8887040502213;2533.1587840419684;3138.0496861353968;317.10720756781296;False;all_days;;;
1148611;1991_2000;True;240.0;36.10047201767305;3.4680180839256365;1358;T1;2296.806041232276;2047.170101998399;2717.841925504969;5001.508278191697;4724.0653265615465;5666.421835954063;2704.702236959421;2530.0624261734297;3083.4806435116657;670.6718235065698;True;all_days;;;
7048688;1976_1990;True;135.0;16.967963302752295;4.43922752589047;981;T2;834.4063934135479;189.0066686761152;1582.306996253143;3485.921244360303;2852.928786083993;4450.026268771608;2651.514850946755;2427.8383086055;3050.063663930984;1393.300327577028;True;all_days;;;
109104;pre1975;False;200.0;39.20022591645353;4.030666308363295;1173;T2;4553.042679683557;2613.667843180873;7358.0709754856025;7128.800874169006;5285.585618545459;10154.701986933711;2575.758194485449;2434.7542813017276;2967.8090986287693;4744.403132304729;True;all_days;;;
468646;1976_1990;False;150.0;26.147800300300304;3.180803031292162;666;T1;1322.7737093052797;992.339428315994;1759.1695511125183;3341.849665708379;2855.417991776843;3902.3393744160335;2019.075956403099;1763.1818404617934;2250.8264662475394;766.8301227965243;True;all_days;;;
1114639;1976_1990;False;195.0;25.13891021671827;3.2776545183290704;646;T1;1346.068376615337;966.069566020052;1676.471597389263;4549.114563277584;3940.398147826701;4960.16607060878;3203.0461866622472;2788.3325705382626;3516.0379031818184;710.402031369211;True;all_days;;;
671781;pre1975;False;180.0;28.284771551724138;4.407009635807096;464;T2;4111.849443335543;2681.607925304468;5997.15380231988;7170.166667048497;5703.815894304019;9147.17470166168;3058.3172237129543;2849.00674367879;3407.3450084219885;3315.545877015412;True;all_days;;;
768113;1976_1990;True;150.0;18.584830396475773;4.278681374896252;908;T2;1924.4339976732876;1259.8426129265138;2900.0791602158315;4144.7832528787685;3398.4231128385723;5349.348899251092;2220.349255205481;2058.29939844087;2547.969517941532;1640.2365472893177;True;all_days;;;
122850;2001_2010;False;220.0;22.9286286966046;3.898378446592695;913;T1;860.9196343260496;668.4867539933934;1194.106844522219;2787.077182414585;2574.1548871534637;3434.613058382763;1926.1575480885353;1768.01964584098;2387.284358998721;525.6200905288256;True;all_days;;;
461104;1991_2000;False;210.0;20.04379009126467;4.362096508134459;767;T1;1037.5537825413767;761.4859045419356;1449.1244794965341;4146.03243461132;3768.29714066737;4852.60234063547;3108.4786520699436;2822.7205984654483;3558.4630829727093;687.6385749545985;True;all_days;;;
112810;1991_2000;True;180.0;31.142971797884844;3.8071850934109914;851;T1;870.4509246327107;707.5586326991981;1308.9575613022846;3935.328641431747;3663.155481216373;4684.773689844975;3064.8777167990365;2830.2724318580485;3556.1499885675817;601.3989286030865;True;all_days;;;
610891;2001_2010;False;240.0;33.94351577669903;3.701072437385676;824;T1;2411.83783152936;2071.540929105565;2952.5077010412506;5870.618851019761;5435.897145134462;6691.4498784974185;3458.781019490401;3165.8675412357857;4032.388035443129;880.9667719356858;True;all_days;;;
858577;1976_1990;False;180.0;25.89477107364685;3.793147570181192;1127;T2;1772.1119447217418;1215.853022139254;2562.4364022172967;3722.03541981326;3201.8741419348735;4678.012156010204;1949.9234750915182;1829.0300088235704;2308.8085313758925;1346.5833800780426;True;all_days;;;
8399121;2001_2010;False;168.0;28.97189539748954;4.868294979079498;478;T1;2335.7860011204175;2033.0061699749283;2707.496303224632;5460.67547785715;5037.747726062437;6010.059507167088;3124.889476736733;2893.5306104582833;3521.3673700684285;674.4901332497036;True;all_days;;;
108987;2001_2010;False;180.0;32.3279296875;5.861366833673007;512;T1;2003.8690492814867;1644.909680394123;2396.246530462886;5295.818942867425;4925.129035193217;5934.299887628968;3291.9498935859383;3098.1333743253836;3751.022639432768;751.3368500687629;True;all_days;;;
788488;2001_2010;False;250.0;23.861664440734558;5.208797996661102;599;T1;881.7879169686476;458.4541663455251;1429.8701953746272;5465.125786624905;4732.858359173814;6176.698883004711;4583.337869656258;3917.7229721148024;5046.2553004939555;971.4160290291021;True;all_days;;;
865116;1976_1990;True;200.0;23.21919008264463;3.410258284425281;726;T1;2696.5443383750817;2170.5188870600355;3120.4074695991017;5186.3030097691935;4437.070735849512;5701.594267428428;2489.758671394112;2135.3497016898755;2682.695848065305;949.8885825390662;True;all_days;;;
991118;1976_1990;False;234.5;51.17662205226259;3.9848345387535673;1569;T1;2580.6972841453385;2254.711506340508;3445.1427718007503;5013.088165997987;4660.789634343174;6198.788960554989;2432.3908818526484;2298.2000389873483;2857.996259844552;1190.4312654602422;True;all_days;;;
816910;1991_2000;False;180.0;40.8927731092437;6.181615515771527;476;T1;2622.418273243902;2299.84804798122;3145.694013209461;5946.913439955514;5562.240882016081;6664.083333864132;3324.495166711612;3093.778435676505;3704.18902856391;845.8459652282409;True;all_days;;;
1001228;2001_2010;False;170.0;23.96304406779661;2.4354654875951853;295;T1;210.54735383327397;105.76869944040193;348.22855790284694;2156.000524947778;1980.4492300232578;2409.2177591281775;1945.4531711145041;1800.9985495937563;2164.361096253169;242.45985846244503;True;all_days;;;
107461;1976_1990;False;120.0;21.520972270363952;2.690849345691106;577;T2;645.3258728387809;148.7370250230113;1123.0255437014105;2284.925334071286;1682.2878603544514;2799.084357373659;1639.5994612325053;1450.984248320229;1772.702063875412;974.2885186783992;True;all_days;;;
106100;1976_1990;False;140.0;17.25543665768194;3.3471929762881363;742;T2;1107.145249154269;605.4195253418746;1799.6727848327425;3052.270776634423;2550.325632866084;3916.732779639994;1945.1255274801538;1781.54661531403;2243.768707129012;1194.253259490868;True;all_days;;;
5845834;2001_2010;False;180.0;26.735978456014365;3.2924055759373454;557;T1;322.0535436145278;145.1240341007867;508.71083495159513;3085.8233227673727;2704.834830100882;3443.7749597178117;2763.769779152845;2425.928175398008;3080.068574356799;363.58680085080846;True;all_days;;;
1111201;pre1975;True;250.0;68.88914318706698;4.055902065133715;866;T1;6290.299431954394;5704.662917037598;8528.072678194827;9788.05609645318;9073.514333211713;12388.063268018903;3497.7566644987855;3229.31663955281;4145.921700876973;2823.409761157229;True;all_days;;;
8612210;1976_1990;True;300.0;25.341006872852233;3.673981796902236;582;T2;1671.3371930262647;854.2639892788899;2580.0259977654896;6092.46884438691;5000.75085557233;7053.9375069321895;4421.131651360645;3898.449507500087;4748.580716526488;1725.7620084865998;True;all_days;;;
7211010;pre1975;True;180.0;29.643431778929187;3.6930179720157192;579;T3;3168.2174780730056;1680.5571201964915;5252.287444489359;6074.577788773402;4489.359415746155;8214.143176076199;2906.3603107003964;2543.9490010395534;3165.178997729458;3571.7303242928674;True;all_days;;;
1211151;pre1975;True;245.0;30.790403296703296;4.196328961618092;910;T3;3696.297600729672;2035.3645162947575;7261.569323806151;7093.906987996297;5535.187803558937;11212.442130234784;3397.609387266625;3134.44530236365;4022.57649022067;5226.2048075113935;True;all_days;;;
7771161;pre1975;False;240.0;70.64288049605412;3.8317206182703463;887;T2;4472.0485452660905;2803.566879749285;6981.190437753021;7617.486331140963;5867.372547211861;10336.28102174248;3145.437785874872;2899.2958420914792;3550.2249525333846;4177.6235580037355;True;all_days;;;
5769106;post2010;False;200.0;23.49482474226804;3.673981796902236;582;T1;-84.07625667258799;-254.05766087546598;101.53980937129552;2947.8035604383067;2554.205957378347;3263.0219965243323;3031.8798171108947;2642.9306710490496;3328.3795748843604;355.59747024676153;False;all_days;;;
901187;pre1975;False;180.0;29.733950966850827;3.5595957742813673;1448;T1;4376.122180097929;3888.439987531975;6602.164547815153;6637.557597273485;6142.801430785321;9209.499680125124;2261.4354171755554;2152.0353163641335;2733.7200877022456;2713.724560283178;True;all_days;;;
7411491;1991_2000;False;180.0;20.783779151943463;3.7661865237875762;1132;T1;924.9244440745952;707.5360810691178;1297.8725773344722;4058.038283232184;3771.0741412872185;4649.549490376134;3133.1138391575887;2899.9460904304233;3551.0649204812485;590.3364962653544;True;all_days;;;
1071058;post2010;False;250.0;34.03231539187913;3.531261738583022;1059;T1;-103.30232412271971;-382.2029161655704;98.29941574185662;3303.423986338833;3034.871369012864;3836.1699527616793;3406.7263104615527;3169.8636644848066;3947.9561402884156;480.502331907427;False;all_days;;;
1091217;2001_2010;False;150.0;19.625136801541426;3.4782180684705812;1038;T1;266.19412378993775;138.30652631147345;462.62272857157916;3503.205745967475;3172.514663805951;4044.094364535267;3237.0116221775374;2906.5941462927;3730.642572819007;324.3162022601057;True;all_days;;;
7069411;1991_2000;False;190.0;29.74669709127382;3.5918107801665866;997;T1;888.563074083143;693.3948670090513;1355.9343291340394;3967.6505403897836;3617.706940835511;4809.928170155389;3079.0874663066406;2819.5464968428605;3602.3755957624862;662.5394621249882;True;all_days;;;
679810;1976_1990;False;320.0;24.182837837837837;3.8709733899397296;1147;T2;1439.7771114326615;1199.7712831955434;1997.9291693778675;4065.323448871009;3782.0761125872773;4898.622078579173;2625.5463374383476;2487.07777376256;3007.5442664475045;798.1578861823241;True;all_days;;;
721074;post2010;False;134.0;13.017502270663034;3.6065983756532267;1101;T1;-67.40182843880052;-202.9259540355443;71.42496430250961;1475.5352883529192;1365.3627941371087;1723.730962227203;1542.9371167917197;1445.6112853132408;1789.3608973045314;274.35091833805393;False;all_days;;;
712718;1976_1990;False;200.0;24.31212299465241;3.8258845036038127;1122;T1;1619.8020530958797;1300.4035693877836;2275.4480218287376;3894.3848783361937;3588.8098817622;4764.69246818697;2274.582825240314;2136.6934749294155;2601.8190022517815;975.044452440954;True;all_days;;;
7211189;pre1975;False;202.0;38.58671996466431;3.761916794694526;1132;T2;2355.4588488332292;922.2301256033868;4381.130636213455;5932.658260900256;4525.04121181804;8179.816683923343;3577.199412067027;3310.838277173457;4067.0372674861937;3458.9005106100676;True;all_days;;;
811080;1976_1990;False;190.0;34.272207892204044;3.4748704091169045;1039;T1;1466.1451005276544;1193.1354428838188;2055.35494325439;3673.430457546789;3317.1773015382932;4504.105395981194;2207.2853570191346;2038.6959028261278;2568.360065143274;862.2195003705713;True;all_days;;;
5831058;pre1975;False;160.0;24.268602862254024;3.8090248762023284;1118;T2;3227.2791912211505;2016.7935975945709;5797.850610454888;6140.251956085794;5047.693656975193;9005.646976786948;2912.972764864643;2755.3240034934724;3452.3518254730875;3781.0570128603167;True;all_days;;;
760117;1976_1990;False;155.0;35.129248413417955;3.6130989527901507;1103;T2;1108.8463710202936;649.1627782147732;1887.915001309514;3175.41624300671;2728.351574989994;4118.657656239069;2066.5698719864163;1956.5036642238413;2372.3422336055546;1238.7522230947409;True;all_days;;;
468980;pre1975;False;160.0;20.398571780147662;4.123777532070716;1219;T2;3857.795482019818;2481.3933178436473;6622.690984932411;6238.228529069699;4965.953316105544;9226.47195860264;2380.433047049881;2255.1438369147522;2836.6747107171886;4141.297667088764;True;all_days;;;
103721;2001_2010;False;160.0;26.704471661863593;3.4688508053850113;1041;T1;263.8055278128654;124.63178873533721;450.34499188100835;2046.9690277348573;1881.6416179004711;2411.5380151722684;1783.1634999219918;1642.7391149805062;2040.4667564793647;325.7132031456712;True;all_days;;;
821088;1991_2000;False;220.0;24.847171814671814;3.4831671702758658;1036;T2;520.7521496242139;174.62520078879987;934.852377874996;2633.2931240811326;2287.6153031987787;3208.91145225943;2112.540974456919;1959.8101627490616;2473.9041682232155;760.2271770861962;True;all_days;;;
796869;2001_2010;False;150.0;15.375089952153111;3.4634118230358504;1045;T1;349.5395337162254;169.61848620542966;591.8055693959313;2377.320439931088;2183.283494407011;2810.167883995976;2027.7809062148626;1875.3631506638608;2368.882182139757;422.18708319050165;True;all_days;;;
727690;1976_1990;False;157.0;24.249667992047716;3.3559712305874894;503;T3;1161.7202710827828;666.4330848201713;1869.6367221052355;2793.171125713921;2283.6395511842375;3585.770171342899;1631.450854631138;1501.6390168312923;1843.0934973084507;1203.2036372850644;True;all_days;;;
669010;1976_1990;False;170.0;78.5919511873351;3.4545411456540855;758;T2;1791.4882221992475;1257.6751901561395;2838.6454912241325;3624.271412462267;3137.6331018376;4909.407702366232;1832.7831902630196;1710.5913976353431;2230.2005213819684;1580.970301067993;True;all_days;;;
9889114;pre1975;False;200.0;35.563243707093825;3.063642465094684;874;T2;2940.288387589183;1256.2721923891236;5295.0063152938055;5852.32995736177;4164.399751225555;8454.659285459702;2912.0415697725866;2654.420395374758;3329.004249708023;4038.734122904682;True;all_days;;;
7984107;pre1975;False;120.0;32.55018117977528;4.538089887640449;712;T1;3303.2557420606104;2549.976145778842;4509.311503644629;5427.067351380671;4445.852534529541;6752.4937798122555;2123.811609320061;1860.7588366816603;2402.8346781359583;1959.335357865787;True;all_days;;;
721077;1976_1990;False;234.0;29.7089;3.814088285024155;1140;T3;1442.1875724352249;853.8389899074177;2811.2120857534173;4073.5146376006287;3510.8415007851086;5741.723082665226;2631.327065165404;2467.492208764681;3115.2669720950253;1957.3730958459996;True;all_days;;;
658466;1976_1990;False;162.0;14.062115384615383;3.4421285666937838;962;T1;1070.2410962425975;861.0286567884636;1502.9582087966387;2856.2311321433417;2599.467180992138;3444.996414416566;1785.9900359007443;1648.1448323140653;2053.378905678583;641.929552008175;True;all_days;;;
112120;1976_1990;False;136.0;14.46554906542056;3.7594248273059736;1284;T1;1325.4847826621094;1100.2677174156843;1815.6742347819927;3316.1965620863857;3072.3852087255873;3947.3296423315383;1990.7117794242763;1884.4754821779577;2273.268113851719;715.4065173663084;True;all_days;;;
1159664;pre1975;False;152.0;33.746715859030836;4.389148247462172;454;T2;2764.7862285864976;1273.0902101814904;4861.800587385356;5608.062390561839;4089.164743462266;7840.794855639363;2843.276161975341;2604.3386222399363;3209.812021413284;3588.710377203866;True;all_days;;;
122887;2001_2010;False;232.0;29.62284440400364;3.624955183236407;1099;T1;488.4252212467318;249.55070238708333;900.2032026698665;3554.2036691205376;3349.5137252530594;4285.75054239852;3065.778447873806;2915.780496412993;3627.8535315678578;650.6525002827832;True;all_days;;;
706817;2001_2010;False;168.0;32.593960765550236;3.4597834338811455;1045;T1;318.2776033257992;165.44748316103153;541.5555901625063;2719.4159239820624;2493.7369584615153;3221.1999901372596;2401.138320656263;2231.1621538786258;2763.802838409687;376.10810700147476;True;all_days;;;
748773;1976_1990;False;200.0;18.98772239747634;2.9942124079915877;317;T1;1090.495982478984;889.0993675064443;1492.695313871538;2863.46371833675;2618.3192359318355;3384.088908087046;1772.967735857766;1646.6146016580124;2011.049362124879;603.5959463650937;True;all_days;;;
100119;1976_1990;False;160.0;28.882058394160584;3.344338199513382;274;T1;1101.0520774923543;904.0879637955293;1534.2014284183176;3197.9235005221162;2951.672047058468;3816.915200061655;2096.871423029762;1953.5823902283853;2396.9179573283727;630.1134646227883;True;all_days;;;
8087988;2001_2010;False;198.0;33.75986821705426;5.074782046961015;387;T1;1457.7001796932145;1181.5936904649466;1883.3707430121779;4196.429786451716;3944.838976859064;4883.601432774915;2738.729606758501;2585.450147829771;3202.835767155905;701.7770525472313;True;all_days;;;
5610182;1991_2000;False;140.0;31.47072922252011;3.7252663869137814;373;T1;1597.756786007627;1415.3650728601551;1858.2183820710718;3455.1645590868166;3215.676580900232;3809.864441247245;1857.4077730791896;1725.6074476942522;2065.7601483513886;442.8533092109167;True;all_days;;;
6901131;2001_2010;False;195.0;35.506323412698414;4.207008741660915;504;T1;2411.1700519229935;2068.4287846215784;2892.7222291917055;5693.287489237911;5344.652265395468;6407.452408759543;3282.117437314918;3065.5903611343397;3747.078840024373;824.2934445701271;True;all_days;;;
7474976;pre1975;False;180.0;30.734422325581395;2.7859107516009436;1075;T2;1977.7798718065242;996.510156499209;3664.4943708189066;3772.5610650709787;2795.7181799253945;5629.047582008505;1794.7811932644545;1656.4370234323274;2105.0570739436607;2667.9842143196975;True;all_days;;;
801031;2001_2010;False;120.0;26.784920168067227;3.6031630130312995;952;T1;316.92134239878806;171.37924931163283;543.6568024687629;2182.038576674469;2008.4603321848472;2590.9404290307475;1865.1172342756809;1717.4676694662257;2184.170828950276;372.27755315713;True;all_days;;;
730976;1991_2000;True;130.0;32.40291964285714;4.092657587129055;336;T1;611.3537162127814;485.580133221459;917.2749768215259;2824.8154389484102;2628.5065448005453;3346.4611807179426;2213.461722735629;2046.7637086986954;2530.9113018690537;431.6948436000669;True;all_days;;;
104118;1976_1990;False;150.0;26.126394736842105;2.712343138189677;456;T1;2394.4934576988294;2185.4876822429633;2906.041056787141;4313.063480534594;4045.76116965498;5034.688728522534;1918.570022835765;1778.3035962610709;2255.696491807358;720.5533745441776;True;all_days;;;
119498;1976_1990;False;131.0;48.68648165137615;4.10716354208217;436;T2;1132.7980147211047;660.0127688564104;1899.7788644265217;3473.8720388667107;3025.309514760523;4367.725523745713;2341.074024145606;2191.8342670911798;2688.850328492289;1239.7660955701112;True;all_days;;;
767371;1976_1990;False;180.0;17.338456470588234;3.996594049445865;425;T2;1170.4965210516107;662.8505247529474;1922.9823800140027;3342.217546118928;2848.488783765843;4230.51730956096;2171.7210250673174;2055.7246494046503;2465.517403939005;1260.1318552610553;True;all_days;;;
841211;pre1975;True;112.0;27.597025174825173;3.7098939596635248;715;T2;2120.367549233915;785.8452916907767;3497.0356867595474;4032.423587923992;2627.313237945288;5415.879047823203;1912.056038690077;1660.3768994221073;2085.9605194155097;2711.1903950687706;True;all_days;;;
611629;pre1975;False;108.0;27.3724381270903;3.899378273795098;897;T2;2823.293107319681;1709.6709822570174;4516.002539003038;4683.840125843388;3563.8690823034326;6476.936082336543;1860.5470185237068;1715.0325330948338;2130.5356245336843;2806.3315567460204;True;all_days;;;
8190108;2001_2010;False;160.0;37.95568157894737;3.466130072463768;760;T1;1764.1797584933483;1502.6626234796051;2103.1713712648257;4143.912729511518;3876.403872010725;4755.45898155104;2379.7329710181693;2195.350697616923;2774.3721610630773;600.5087477852205;True;all_days;;;
105714;1976_1990;False;145.0;31.9448873015873;3.4174835518748563;630;T2;1340.2264747015788;702.8454977884802;2068.4896438218507;3918.9549712490234;3149.9635232981022;4763.225261831909;2578.7284965474446;2229.0458984584443;2833.8219889228153;1365.6441460333704;True;all_days;;;
698983;pre1975;True;140.0;31.55476100628931;3.2276818658280924;318;T2;3841.488745683236;2653.621855734459;5375.413036000878;6257.19284482271;5032.309174721503;7942.928408455731;2415.704099139474;2219.954451956077;2711.67701704286;2721.7911802664185;True;all_days;;;
7646451;post2010;True;219.0;13.796193548387098;3.0835361681329427;341;T1;-78.88436743936472;-266.4940562378879;102.75737120326664;3160.2920338604745;2867.3073049279183;3591.1264428475433;3239.176401299839;2974.9701086805894;3678.800384658189;369.25142744115453;False;all_days;;;
477661;2001_2010;False;230.0;29.91109732360097;4.00693494128848;822;T1;2353.3800566981945;1999.044631660036;2830.3173582275303;5550.134444774403;5165.903581501367;6350.635876324244;3196.7543880762087;2977.6415438271083;3728.0507240029765;831.2727265674944;True;all_days;;;
7747482;1976_1990;False;200.0;24.189613577023497;3.664554149165626;383;T1;2133.864075622804;1860.8784085201542;2614.3270097693403;4056.0553022103336;3756.4462101392232;4726.966668419544;1922.1912265875294;1782.4135153230575;2183.7717004219166;753.4486012491861;True;all_days;;;
776736;pre1975;True;180.0;17.47554941860465;3.0341637175598244;344;T2;2413.4984499478655;1515.0440524119392;3822.4909244379614;4240.327795490639;3299.5618456481016;5805.58956760053;1826.8293455427734;1705.9336359142635;2068.3815169235104;2307.446872026022;True;all_days;;;
310610;1976_1990;False;160.0;19.892056603773586;3.428853674839729;954;T1;1283.4865841892984;1030.0891152859183;1749.438082250191;3275.6754062701884;2963.173268104427;3936.907844309892;1992.18882208089;1814.6167843715796;2290.978608119162;719.3489669642727;True;all_days;;;
8773113;1976_1990;False;160.0;30.046833698030635;4.575582120318397;457;T2;1914.5828674572394;1267.315442946824;2840.438555798187;3769.0260194047933;3189.1448685490745;4812.6468134721335;1854.4431519475538;1749.8290173951493;2124.144468766773;1573.1231128513627;True;all_days;;;
897731;pre1975;False;639.0;78.19843867924529;4.3485982704402515;212;T2;7434.878690541327;3550.663257245173;12794.290112115486;12737.593476682634;8908.719284788262;18481.2846244321;5302.714786141307;4975.160816428943;6061.254703886321;9243.626854870314;True;all_days;;;
1191021;pre1975;False;380.0;62.047233668341704;3.916193649406453;398;T2;5106.387769895092;2321.717231508678;9899.231025520907;9205.738992641882;6415.783576024509;14416.520664696862;4099.35122274679;3844.098822358021;4880.4873523027545;7577.513794012229;True;all_days;;;
9097838;1976_1990;True;213.5;24.19392690677966;3.7934696481208547;944;T2;1838.837087995044;1346.9924690661212;3024.3107452899912;5159.925356045023;4654.299772727175;6602.356461259756;3321.0882680499794;3084.8619202294085;3818.1454162099894;1677.31827622387;True;all_days;;;
699801;1976_1990;True;225.0;20.39593927125506;1.48746992900311;247;T2;518.2298792774602;143.10489171255043;1016.7790175832627;1975.7678360520276;1593.655560447892;2555.2309298710047;1457.5379567745674;1356.1015047984192;1646.3511397907218;873.6741258707123;True;all_days;;;
876790;2001_2010;False;180.0;38.738015521064305;3.9701057071242647;902;T1;1882.3001886039442;1577.6894456678506;2236.276098089699;4680.331937812574;4310.7712306974745;5315.599662934232;2798.03174920863;2571.5729155438944;3206.0089685320877;658.5866524218486;True;all_days;;;
1015877;pre1975;True;170.0;23.910495370370374;4.025471089975845;864;T2;3705.981035369896;1732.626014560721;7009.288194844533;6161.700565581153;4178.56730173485;9778.507228246637;2455.719530211257;2286.6889169500337;2929.000355468039;5276.662180283812;True;all_days;;;
1141047;1991_2000;True;148.0;14.757974358974359;4.73462595999009;468;T1;906.8574650991645;687.3071471635857;1227.9948748793533;3197.9646859628015;2973.9366280645454;3687.9796088647226;2291.107220863637;2124.438163202418;2568.172836019421;540.6877277157677;True;all_days;;;
120701;1976_1990;False;236.0;25.68823263888889;3.52981418578905;576;T1;1811.1505840212312;1317.2003349696608;2435.2919713802353;4344.48377862399;3640.4482786304493;5091.325780051749;2533.3331946027583;2184.66580303194;2830.962179812033;1118.0916364105744;True;post_visit;no PV;9376.204913194446;5031.721134570456
706646;2001_2010;;160.0;24.291996805111822;3.790436125387785;939;T1;2452.5054593402874;2117.631448531447;2922.384014566524;5685.349451381391;5240.531639780409;6442.1897594874035;3232.843992041104;2962.560950012684;3699.161220789542;804.752566035077;True;post_visit;Unknown;8866.578833865815;3181.2293824844237
1078861;pre1975;True;160.0;20.22842748091603;0.5341745952723385;393;T2;317.22313877751776;262.3448775878974;508.26908864466964;1182.298112310913;1074.4544473786693;1437.7156451446074;865.0749735333952;764.2145168421404;996.3118831340599;245.92421105677226;True;post_visit;PV;7383.37603053435;6201.077918223437
190821;post2010;True;155.0;13.514768575851392;3.9551401545744156;1292;T1;-70.47891725272848;-244.57774763869946;66.92332697719092;2634.7492277984743;2432.0797025157176;3018.572851669894;2705.228145051203;2504.1045141203667;3161.365683047985;311.5010746158904;False;post_visit;PV;4932.890530185758;2298.1413023872833
105898;1976_1990;;160.0;39.92827249683143;3.7449600944141364;789;T2;1137.8167550970188;607.2525783117782;1833.0755340902526;3245.48910142853;2712.9150304929217;4144.314846067824;2107.672346331511;1930.3225592887861;2444.474110320883;1225.8229557784744;True;post_visit;Unknown;14573.819461343473;11328.330359914944
1178890;2001_2010;;210.0;26.44027222222222;3.9353222222222226;180;T1;432.84521111821095;210.68544356422473;740.2459871410099;2497.4759359741633;2289.944174397644;3051.390360757194;2064.6307248559524;1959.2777800517922;2489.0196328054985;529.5605435767852;True;post_visit;Unknown;9650.69936111111;7153.223425136946
731201;1976_1990;;255.0;63.08366975881261;5.612336116264688;539;T2;2510.892816973287;1020.2091973462478;4710.740628173829;6451.952367859341;5091.249674901189;9010.844355579271;3941.0595508860542;3716.4525478109954;4599.51475406628;3690.5314308275806;True;post_visit;Unknown;23025.539461966604;16573.587094107264
1228011;2001_2010;False;120.0;21.941836283185843;3.1753181993074255;678;T1;1722.2868207015717;1489.096081023642;1971.1948001729322;3893.6999334176307;3472.7012998958435;4228.942105906819;2171.413112716059;1908.9264630460675;2349.012753535312;482.0987191492902;True;post_visit;no PV;8008.770243362833;4115.070309945202
114117;1991_2000;;260.0;61.47519117647058;3.053833546462063;340;T1;1774.511577892436;1564.6209942623725;2103.5023231412056;4066.870460722568;3801.8254934177103;4542.94538707512;2292.358882830132;2145.3816720609866;2573.1020995315807;538.8813288788331;True;post_visit;Unknown;22438.444779411762;18371.574318689192
8627071;2001_2010;;250.0;81.64951851851852;3.314391975308642;270;T2;2015.7422940976749;1637.9918808273203;2583.1214889541284;4509.136522351373;4120.822516333978;5254.411202961475;2493.394228253698;2334.2416416093356;2838.668246110955;945.1296081268081;True;post_visit;Unknown;29802.074259259258;25292.937736907887
867211;1991_2000;;245.0;14.443988857938718;3.190704069274555;718;T2;2412.948738052656;1833.4818447253842;3199.85693557558;5003.094690583482;4250.460816457393;6011.787750878313;2590.1459525308255;2264.2831353608067;2926.8717485056586;1366.3750908501956;True;post_visit;Unknown;5272.0559331476325;268.9612425641508
1114677;post2010;;220.0;60.0459;6.703276086956522;500;T1;1261.139233965353;807.6890985557728;1702.9464998741025;5487.062179213872;5118.834922712144;6257.322835290085;4225.922945248519;3959.035007052693;4865.246181811354;895.2574013183297;True;post_visit;Unknown;21916.753500000003;16429.69132078613
611797;1976_1990;;275.0;33.10231592920354;3.7071054828780303;1130;T2;2249.493121558602;1276.106907573464;3688.0011291160913;5118.233748506368;4302.181257790108;6913.588977457838;2868.740626947766;2700.9809725536475;3419.532555659865;2411.8942215426273;True;post_visit;Unknown;12082.345314159293;6964.111565652925
1137376;1976_1990;False;200.0;41.47266766467066;3.4876820446064394;1670;T1;3904.1343966079335;3476.51461805246;4774.913001335705;7164.498798128152;6751.092537976545;8458.66030978536;3260.3644015202185;3026.999171025931;3817.288141955394;1298.3983832832455;True;post_visit;no PV;15137.52369760479;7973.024899476639
700831;1976_1990;;450.0;76.82277751196172;3.998555786699951;836;T2;5045.256834210977;3891.7565513423674;7307.443132063217;9055.115063507332;7872.403208151935;11957.255502001308;4009.8582292963547;3652.103412143244;4778.217373295287;3415.686580720849;True;post_visit;Unknown;28040.31379186603;18985.198728358697
1191127;2001_2010;True;220.0;35.360010135135134;3.053555743243243;296;T1;247.89602902064917;129.88324984429536;439.10213858580204;2405.814883707223;2228.391047943315;2817.6663002056434;2157.918854686574;2009.9286624822637;2470.7499921671465;309.2188887415067;True;post_visit;PV;12906.403699324324;10500.588815617102
121798;1976_1990;;207.0;28.344919811320754;4.00597084358764;424;T2;2298.5570235149207;1902.7598581979914;3193.5434858685007;4234.846089608674;3871.249762990021;5288.851435466214;1936.2890660937537;1820.6491463656814;2220.1393374458908;1290.7836276705093;True;post_visit;Unknown;10345.895731132076;6111.049641523401
114671;pre1975;;260.0;35.04106479859895;2.5519838066956013;571;T3;2859.8534194090025;1447.838872343892;4384.249726681994;5690.00111202407;4134.648363725846;7301.260655449871;2830.147692615067;2471.2132357393625;3077.6788062185833;2936.4108543381017;True;post_visit;Unknown;12789.988651488618;7099.987539464549
1121037;2001_2010;;150.0;39.68100585651538;3.165213380864473;683;T1;267.8043028266002;118.92151168404983;407.0435423194498;2796.2054272577234;2415.053636520435;3050.5099225132276;2528.401124431123;2223.2342188587427;2767.002020192088;288.12203063539994;True;post_visit;Unknown;14483.567137628112;11687.361710370387
9880798;1991_2000;False;150.0;42.82197326203209;3.228697344286858;561;T1;2517.6114573616987;2159.153885601671;2798.5708849035987;5075.562832359215;4493.478650903096;5461.140599846002;2557.951374997516;2214.46660281966;2788.8546755487587;639.4169993019277;True;post_visit;no PV;15630.020240641712;10554.457408282498
680861;1991_2000;False;400.0;54.178261061946905;3.042729302937027;452;T1;782.178945855198;606.8393042396249;1150.9428775259566;3248.0854817872705;3067.1322932457774;3894.364687783218;2465.9065359320725;2339.920317339272;2829.6486802554055;544.1035732863318;True;post_visit;no PV;19775.06528761062;16526.97980582335
468185;1976_1990;False;300.0;20.769166781056967;3.6713260521420827;1457;T3;2723.7748039304133;1910.6096565648768;4491.515744719488;5332.641442866752;4591.808238085818;7372.995491775115;2608.866638936339;2467.6441463454157;3167.0089781275005;2580.906088154611;True;post_visit;no PV;7580.745875085793;2248.104432219041
781007;1976_1990;False;200.0;18.984233631977947;3.705080673997942;1451;T1;1378.0746631577308;1109.6533150918433;1945.808023772329;3507.64038836178;3260.748005163835;4252.089982212149;2129.565725204049;1991.3916749071993;2467.7694055256597;836.1547086804858;True;post_visit;no PV;6929.24527567195;3421.6048873101704
761079;1976_1990;False;250.0;28.907378358750908;3.765477061033753;1377;T2;2716.7314938580525;2018.2252156293603;4144.719212445626;5254.117725453298;4550.2424135501915;6991.561717897863;2537.386231595245;2389.5800438959923;2961.089784372052;2126.4939968162657;True;post_visit;no PV;10551.193100944081;5297.075375490784
461089;1976_1990;False;235.0;21.8788618513324;3.6829631075065556;1426;T1;1677.4217642313783;1356.8134984619462;2479.8860594881035;4074.8674334548377;3718.1391993278567;5218.919481169499;2397.4456692234594;2268.5775380758196;2820.485669660575;1123.0725610261572;True;post_visit;no PV;7985.784575736326;3910.917142281488
114109;1976_1990;False;200.0;36.17581607530775;3.6679856961454105;1381;T2;2049.37860290722;1538.925785534896;3150.336564854754;3795.266446903278;3353.4103716072154;5059.760371625806;1745.8878439960579;1624.416395125237;2048.51366133628;1611.4107793198582;True;post_visit;no PV;13204.172867487328;9408.906420584051
107114;1976_1990;False;185.0;31.388476777939044;3.7135215866304874;1378;T2;1153.0397257588656;652.7484318892133;2088.4777017332603;3253.695234836399;2800.764876594651;4467.011431944632;2100.655509077533;1954.3077598880518;2458.9353962956147;1435.729269844047;True;post_visit;no PV;11456.79402394775;8203.098789111351
671048;2001_2010;;240.0;21.365245786516855;3.208740891141508;712;T1;1412.3508481959852;1147.6392645422388;1698.0973302311304;4061.5978819647544;3548.2685232254967;4391.683139000237;2649.247033768769;2265.874387718554;2844.9326046239376;550.4580656888916;True;post_visit;Unknown;7798.3147120786525;3736.716830113898
109711;1991_2000;True;160.0;17.571543539325845;3.184779524914509;712;T2;1300.1446030743787;778.6611531613827;1893.640092049783;3271.329021414206;2628.369735110517;3905.9910642472064;1971.1844183398275;1712.4388486107457;2161.4058221357186;1114.9789388884005;True;post_visit;PV;6413.6133918539335;3142.2843704397274
7610179;1991_2000;;280.0;33.40373127753304;5.440884313349933;1135;T2;3220.6449187561648;1906.6205709568394;5140.697254299217;8010.580660384585;6629.551362379534;10338.463298464128;4789.93574162842;4514.716585806769;5550.183813333415;3234.0766833423777;True;post_visit;Unknown;12192.36191629956;4181.781255914975
6569121;2001_2010;;150.0;25.887867872044506;4.701064884803773;719;T1;1950.2334840847197;1637.6170581380668;2353.423149691686;5003.736058487972;4479.339942744501;5588.809143376806;3053.502574403252;2684.9449296638854;3390.397115753517;715.8060915536191;True;post_visit;Unknown;9449.071773296244;4445.335714808272
5011111;pre1975;;286.0;52.57780521739131;5.584448865784499;1150;T1;7849.879750036855;6702.9728315580205;11153.088276265848;13141.824378029385;11952.389539767019;17028.691792118643;5291.9446279925305;4989.153006353039;6207.184686001218;4450.115444707827;True;post_visit;Unknown;19190.89890434783;6049.0745263184435
5661171;2001_2010;;250.0;50.21064349376114;3.6620680849414864;561;T1;718.4654354646154;332.5772244858554;1134.7294123755614;4635.8936839629905;3979.9566415014165;5233.333610560609;3917.428248498375;3380.2019782971174;4313.628147634262;802.152187889706;True;post_visit;Unknown;18326.884875222815;13690.991191259825
110119;2001_2010;;130.0;19.404724617524337;3.147466741246901;719;T1;1254.6106633535705;1054.9403289359625;1447.5310388285363;3118.919165098824;2766.825468615569;3368.862103012809;1864.3085017452536;1608.263096238494;2012.0713165204536;392.59070989257384;True;post_visit;Unknown;7082.724485396383;3963.805320297559
102766;2001_2010;;216.0;42.48199443671766;4.701064884803773;719;T1;1678.3773183076464;1240.0441425747922;2195.705085007516;4958.3744963728905;4244.4098990464445;5673.381500527922;3279.997178065244;2834.9970553102667;3760.559361056337;955.6609424327239;True;post_visit;Unknown;15505.927969401948;10547.553473029056
105900;2001_2010;False;240.0;38.21156052141527;5.580197082557418;537;T1;3012.2653036837164;2562.1938334684965;3629.0085821947328;7417.482360374161;6911.320725494736;8283.45332142993;4405.217056690444;4121.004721065108;4957.767965358171;1066.8147487262363;True;post_visit;no PV;13947.219590316574;6529.737229942413
826780;pre1975;True;150.0;13.34161401425178;4.069792376673895;842;T3;2354.8775980422415;988.6526988813671;4396.620689148509;4993.888779276335;3630.1690267832705;7165.114969342626;2639.011181234094;2413.5856165212613;3013.8077555590394;3407.967990267142;True;post_visit;PV;4869.6891152019;-124.19966407443553
698310;pre1975;True;200.0;25.177097415506957;3.574444694153917;503;T2;2608.3493320613443;1039.0682279782375;4493.015580058987;5942.119889943719;4426.840909781108;7983.580255100951;3333.7705578823743;3054.225503804366;3802.160043896014;3453.9473520807496;True;post_visit;PV;9189.640556660039;3247.52066671632
24611;pre1975;;160.0;19.007152758132957;3.20565853883525;707;T2;3070.93757257037;1707.4608657786791;4432.249190423289;4802.929784598825;3291.6539447003506;6119.071343186975;1731.992212028455;1463.1957705422435;1884.6897917030626;2724.78832464461;True;post_visit;Unknown;6937.610756718529;2134.680972119704
6683113;pre1975;False;160.0;22.48769254658385;2.9318234989648033;322;T2;2144.594128595047;1300.2949964419497;3396.690867140677;4574.954027264154;3686.8567796175844;5903.274791453026;2430.359898669107;2217.2424184561537;2714.5181127321944;2096.395870698727;True;post_visit;no PV;8208.007779503105;3633.0537522389504
896968;1976_1990;True;200.0;10.355299418604652;3.077478113414223;344;T2;1038.2050088458777;589.4041081949313;1706.3039181535785;3026.028074803702;2558.9220565818355;3822.9067854441887;1987.8230659578244;1865.2134107916925;2240.2291014387188;1116.8998099586472;True;post_visit;PV;3779.684287790698;753.6562129869958
9981041;2001_2010;True;410.0;25.311705711519842;3.2268635324157864;1033;T1;465.4852658072127;204.11312265271098;806.5358064326197;3357.3313990188276;3053.9865065033437;4026.954275317515;2891.846133211615;2628.8989058316656;3391.957225627087;602.4226837799087;True;post_visit;PV;9238.772584704742;5881.441185685915
111710;1991_2000;;290.0;36.80000807265388;5.14109382997704;991;T1;1657.314432398678;1273.2352554233362;2451.9078240286476;5701.461939560323;5248.556166064363;6982.281410277735;4044.147507161645;3730.651533815758;4818.41170822575;1178.6725686053114;True;post_visit;Unknown;13432.002946518667;7730.541006958344
1027273;2001_2010;;200.0;27.64955571847507;4.498153714565005;682;T1;2480.438310491727;2090.893029101907;2939.7498929544804;6253.7860392619095;5608.400120903123;6871.197884082429;3773.3477287701826;3290.3801291740824;4174.950021700286;848.8568638525735;True;post_visit;Unknown;10092.087837243402;3838.301797981492
6981151;pre1975;False;240.0;60.296394678492234;3.885629992930364;902;T2;3061.550143464497;1721.7971360498093;5179.582903789767;5816.19729493344;4474.990945122171;8348.180029096131;2754.6471514689433;2555.9666856399854;3285.7077657316504;3457.785767739958;True;post_visit;no PV;22008.184057649665;16191.986762716224
876511;1991_2000;;500.0;48.546786407766994;3.7272330097087383;412;T1;5345.738542444475;4732.830158014509;6103.060756149211;11557.671419958464;10874.769804643747;12884.634198602025;6211.932877513989;5784.381288962098;7055.986877599161;1370.2305981347017;True;post_visit;Unknown;17719.577038834952;6161.905618876488
7412010;2001_2010;;250.0;32.96525670498084;5.349812454883669;783;T1;698.1438455288453;337.2717073135128;1292.2442590183218;5449.266860865947;4969.367406447031;6582.654925130288;4751.123015337102;4386.112507600731;5635.2774081677335;954.972551704809;True;post_visit;Unknown;12032.318697318005;6583.0518364520585
6810910;1976_1990;False;160.0;31.21874181818182;5.723695740008783;825;T2;2047.778792565618;772.7313692304277;3705.9906997502353;4974.591132265163;3792.1526611533395;6915.420723855868;2926.8123396995447;2681.2831642828314;3378.329696275438;2933.2593305198075;True;post_visit;no PV;11394.840763636364;6420.249631371202
9889190;pre1975;False;200.0;19.154939432989693;4.175765912147019;776;T3;3667.1406510549086;1663.443777526763;7088.923226478801;6855.253367289338;4911.309866436514;10473.873281449294;3188.112716234429;2910.7841679039175;3738.84365210345;5425.479448952037;True;post_visit;no PV;6991.552893041237;136.29952575189964
6808461;post2010;False;207.0;16.18072472594397;3.950642729792229;821;T1;-79.13331085195205;-277.8695700271446;90.40604778252921;2873.5098832357316;2643.820310579966;3290.3019788536562;2952.6431940876837;2715.247200004272;3370.608322446715;368.2756178096738;False;post_visit;no PV;5905.9645249695495;3032.454641733818
6773102;pre1975;False;200.0;36.43627728983689;3.793470959940356;797;T3;2696.1602483178785;1138.0151154662658;5164.715349222155;5553.614168129722;3998.2588748396;8304.358920055987;2857.4539198118437;2599.3021288517425;3272.9304024942794;4026.7002337558893;True;post_visit;no PV;13299.241210790464;7745.627042660742
4710670;pre1975;True;300.0;31.973840852130326;4.018836902037703;798;T1;4978.146720822038;4229.5237044090645;7508.656177687941;8071.907995497422;7196.288107241442;11193.604577607133;3093.761274675384;2857.021060233125;3742.841393750595;3279.132473278876;True;post_visit;PV;11670.451911027569;3598.5439155301465
716869;1976_1990;False;155.0;16.687782983970408;3.916420781286299;811;T2;1428.8138286069961;828.7723089518436;2361.7394392474475;3726.7284077675677;3072.4089772368393;4894.702916752192;2297.9145791605715;2098.368973736011;2669.162039231646;1532.967130295604;True;post_visit;no PV;6091.040789149199;2364.312381381631
115508;pre1975;False;170.0;24.776828680203046;3.929747268814831;788;T3;2451.424300171015;1396.3351362812914;4757.599053470302;4451.3330740856545;3386.8178934948473;7135.970341565446;1999.9087739146394;1843.780302915942;2442.1401480985346;3361.263917189011;True;post_visit;no PV;9043.542468274112;4592.209394188458
781099;1976_1990;False;150.0;24.268970333745365;4.182433483814335;809;T2;1546.094840185062;1085.1769953882526;2384.7563874379302;3477.6891255379583;3010.200268468801;4496.247774368633;1931.5942853528963;1771.7954868023826;2200.622215218432;1299.5793920496776;True;post_visit;no PV;8858.174171817058;5380.4850462791
105768;pre1975;True;294.0;17.767506793478262;3.5092880631695023;736;T3;3568.1442819514637;1438.5590522006876;6598.522259575185;5785.41833265373;3684.106016120242;8919.354559727994;2217.274050702267;2044.3076080136575;2610.8815441130005;5159.963207374497;True;post_visit;PV;6485.139979619566;699.7216469658351
8010411;post2010;False;375.0;29.43738051948052;3.51395487483531;770;T1;-142.6225772387079;-451.4150163132222;170.48508603520762;4476.199126663283;4087.856517699496;5143.706045285321;4618.821703901991;4266.109502289018;5301.270248419215;621.9001023484299;False;post_visit;no PV;10744.64388961039;6268.444762947107
7086681;2001_2010;False;180.0;28.307991432068544;3.9245340854664468;817;T1;393.33424782681504;193.33407151819108;659.1344866589478;2346.5331150080283;2122.4878332019093;2824.5812870376344;1953.1988671812132;1809.2782600069536;2303.596376846362;465.80041514075674;True;post_visit;no PV;10332.416872705018;7985.88375769699
868122;1976_1990;False;280.0;23.26111316113161;3.896405511881206;813;T1;2744.1663811009535;2253.219843467839;3702.4834155397252;5410.3435582266;4795.982453941374;6708.170603381558;2666.1771771256467;2408.506830849637;3150.2252876006646;1449.2635720718863;True;post_visit;no PV;8490.306303813039;3079.9627455864384
881223;1976_1990;False;240.0;41.326712500000006;3.8254121920289856;800;T2;3078.5741554082047;2410.172259349164;4680.465603576857;5654.233762110632;4940.034133519923;7688.2479413271885;2575.659606702427;2385.8074174387225;3122.825529179858;2270.2933442276926;True;post_visit;no PV;15084.250062500003;9430.016300389372
118708;1991_2000;False;186.0;23.279223880597012;3.8221840976278028;804;T2;459.097954309163;352.81713565544004;717.5198797562867;2281.0450929346607;2114.536595680735;2823.2754650171055;1821.9471386254977;1674.0388953491617;2163.878195972059;364.7027441008467;True;post_visit;no PV;8496.916716417909;6215.871623483248
1037610;post2010;False;222.0;53.54172229140722;3.794349964805891;803;T1;-79.77797139518952;-304.14731045089104;89.90841304688712;3270.8193430190636;2994.7086574351047;3781.548662749474;3350.597314414253;3078.387305094184;3859.1385706601623;394.05572349777816;False;post_visit;no PV;19542.728636363634;16271.90929334457
6885841;post2010;False;170.0;17.714525587828494;3.3702058853007797;723;T1;-100.5835733766462;-309.0807309819223;107.06306295618666;3043.296222628368;2646.9862337175905;3322.07940763144;3143.879796005014;2733.4127177520895;3392.161976345955;416.14379393810896;False;post_visit;no PV;6465.8018395574;3422.505616929032
2794690;1976_1990;False;140.0;21.450657465495606;3.738086183696107;797;T2;1036.0872185304506;592.4671132762783;1717.504067054894;4476.0031522201825;3943.3906041236223;5419.631634227811;3439.915933689732;3128.756782592409;3944.0456799732947;1125.0369537786157;True;post_visit;no PV;7829.489974905896;3353.4868226857134
111119;1976_1990;False;180.0;17.850003759398497;3.7650931677018633;798;T1;1556.4311988077056;1285.9497266424105;2321.896058097075;3697.3272433053044;3387.8925296997463;4802.458139992736;2140.8960444975987;1992.7943282698968;2585.2733651690555;1035.9463314546647;True;post_visit;no PV;6515.251372180452;2817.9241288751473
105807;1976_1990;False;200.0;33.817597186700766;3.681842099410653;782;T3;1388.0844517540563;746.1750107824678;2665.6017044356936;3465.4547331728963;2827.2128839626907;4937.025725166516;2077.37028141884;1903.0579742262998;2397.9977374363184;1919.4266936532258;True;post_visit;no PV;12343.42297314578;8877.968239972884
7374981;post2010;True;200.0;24.84075031847134;5.372074079202436;785;T1;-128.33713819719878;-430.38376301948693;130.2936997603935;4090.7745913275435;3762.3316367244975;4747.5736539249765;4219.111729524742;3874.870922594607;4890.904643293316;560.6774627798804;False;post_visit;PV;9066.873866242038;4976.099274914495
861116;1976_1990;False;195.0;17.91939664082687;3.597939454368423;774;T2;1252.029429536116;667.267588121338;2000.6258584944194;3543.441022798923;2906.1057440907284;4450.453541631841;2291.411593262807;2101.0368423162845;2616.3371152688887;1333.3582703730813;True;post_visit;no PV;6540.579773901808;2997.138751102885
108511;2001_2010;False;274.0;38.18139152759949;3.6855565012743954;779;T1;450.84686471939676;196.8922177005082;791.9386394502459;4138.696851655039;3718.455029329549;4756.362598371578;3687.849986935642;3398.4311104659578;4206.836781260961;595.0464217497376;True;post_visit;no PV;13936.207907573813;9797.511055918774
86109;1976_1990;False;160.0;18.400541009463723;3.99377447080876;634;T2;1536.5768320587154;762.4763378547668;2243.2587187231015;4051.352075796906;3075.164813562669;4695.948829017725;2514.7752437381905;2162.716460626987;2722.296536736489;1480.7823808683347;True;post_visit;no PV;6716.197468454258;2664.8453926573525
1037311;1976_1990;False;180.0;10.70833918918919;3.4945644339992166;740;T2;786.2646381465242;179.52412738426125;1504.3406930870412;3058.524733982574;2420.9074188875443;3934.9181698311827;2272.26009583605;2066.69509605932;2577.6104627606655;1324.81656570278;True;post_visit;no PV;3908.543804054054;850.0190700714797
116121;pre1975;False;395.0;80.56500651890482;3.8880447914895226;767;T1;8841.509911626914;7779.182967908858;12736.661005992852;12681.955207416786;11378.183427731998;17297.84272802439;3840.445295789872;3485.223377769277;4714.86103389577;4957.478038083994;True;post_visit;no PV;29406.22737940026;16724.272171983474
120741;1976_1990;False;164.0;28.30462337662338;3.5886236118953514;770;T1;1365.3916616933652;1130.5324798055483;1974.3900766116722;3442.9085346769753;3131.6654140437863;4304.454204918372;2077.51687298361;1915.465631865729;2448.3321984745253;843.8575968061239;True;post_visit;no PV;10331.187532467533;6888.278997790558
114721;1976_1990;False;140.0;30.016128571428574;3.5886236118953514;770;T2;1389.999793677307;830.2327584825663;2191.911963025856;3361.7405340037376;2781.632268492875;4358.9329517037395;1971.7407403264306;1817.3591199148275;2274.572979094096;1361.6792045432899;True;post_visit;no PV;10955.88692857143;7594.146394567692
815461;1976_1990;True;240.0;9.361723684210526;3.3971462306127638;684;T2;1315.1790778315562;680.8297037274211;1985.5602475924081;3733.2003418066174;2927.706816442552;4494.461070534605;2418.021263975061;2103.961060058152;2619.8283124546047;1304.7305438649869;True;post_visit;PV;3417.029144736842;-316.1711970697752
1678757;1976_1990;False;200.0;17.383911492734477;3.820009275745219;757;T2;1356.2946466943831;770.1319791335457;2212.7100133563595;3781.3099309548793;3159.9452924800057;4837.483219139878;2425.015284260496;2234.9054315273333;2812.4882363003403;1442.5780342228138;True;post_visit;no PV;6345.127694848084;2563.8177638932043
971071;1976_1990;False;250.0;31.208876302083336;3.574558612620773;768;T2;1468.21857167599;841.092766912911;2711.73146474507;4105.450815222086;3492.1381452077326;5705.430375277706;2637.232243546096;2436.993609135334;3189.150580625845;1870.6386978321589;True;post_visit;no PV;11391.239850260417;7285.789035038331
121728;post2010;False;455.0;34.70174967405476;3.5674307012074147;767;T1;-116.40698610133313;-426.52728500498813;142.1916204202951;5019.633721862204;4621.210993269329;5833.349624581164;5136.040707963537;4732.621710626204;5993.304034655253;568.7189054252832;False;post_visit;no PV;12666.138631029988;7646.504909167784
114798;pre1975;False;301.0;34.40997058823529;3.3349296888320543;680;T3;4239.705532907403;2130.1919967097597;7334.513638024507;7371.902798254322;5081.467229683558;10588.06907493533;3132.197265346919;2741.4303459563525;3526.7427351310707;5204.3216413147475;True;post_visit;no PV;12559.63926470588;5187.736466451558
1081057;post2010;False;200.0;20.29081389252949;3.5009727239918704;763;T1;-77.11931151711497;-252.0008195499198;100.8796136556175;2750.5000002691186;2489.7483256173728;3112.066798532793;2827.6193117862335;2569.0798257151037;3181.712635955099;352.8804332055373;False;post_visit;no PV;7406.147070773263;4655.647070504145
9776611;post2010;False;180.0;21.87813272010513;3.4741082195433166;761;T1;-77.08035424319223;-256.90545793509733;84.61175658458957;2433.9062128985543;2222.051449757711;2757.5306319117244;2510.9865671417465;2319.8503894109604;2836.4514283700523;341.5172145196869;False;post_visit;no PV;7985.518442838372;5551.612229939818
7411010;post2010;False;260.0;21.341254617414247;3.4735633436579865;758;T1;-111.91328877549859;-384.06454535526706;114.48674216272103;3396.991726765991;3084.5897998325563;3939.0328544008566;3508.90501554149;3200.528422597352;4083.486139676587;498.5512875179881;False;post_visit;no PV;7789.5579353562;4392.566208590209
512280;post2010;False;300.0;28.63069616908851;3.7956862902762625;757;T1;-113.37683668347199;-407.0518235839231;124.41213796364521;3447.1342688260365;3203.1480871074764;4042.034901052993;3560.5111055095085;3306.6855440475156;4158.193190628741;531.4639615475684;False;post_visit;no PV;10450.204101717305;7003.069832891269
7710511;pre1975;False;200.0;53.69702387267904;3.373219832391497;754;T2;3469.7076695624046;2172.661947017903;5849.549296609926;6118.701604367062;4762.486893602154;8729.03543767598;2648.9939348046573;2453.64641717542;3109.749399116076;3676.8873495920234;True;post_visit;no PV;19599.41371352785;13480.712109160788
823761;1991_2000;False;240.0;19.02658189081225;3.4320386344777014;751;T2;740.8665472858188;283.45264437127366;1368.2815960977637;3352.3657885694565;2821.2516535162076;4290.83894036279;2611.4992412836377;2397.759315389192;3112.28806124502;1084.82895172649;True;post_visit;no PV;6944.702390146471;3592.3366015770143
1101758;1976_1990;False;192.0;14.992598130841122;3.4151181768928622;749;T2;703.1058598857535;196.5905947480144;1501.7147995684409;2566.898122855116;2070.7118989631995;3528.399433413278;1863.7922629693626;1739.0757695751238;2181.7591463746994;1305.1242048204265;True;post_visit;no PV;5472.2983177570095;2905.4001949018934
1061168;post2010;False;160.0;21.490703770197488;2.8142657351755003;557;T1;-56.14797879728121;-176.63890402599404;51.76435375351681;1677.8617312163497;1455.2354530693945;1812.7679702739542;1734.0097100136309;1502.2182599691891;1857.043287632348;228.40325777951085;False;post_visit;no PV;7844.106876122083;6166.2451449057335
808112;1976_1990;False;140.0;26.75798382749326;3.2881337649908198;742;T1;2084.207552836101;1824.8250653577293;2539.286724622008;3898.066354250562;3562.793737726375;4513.839360079587;1813.8588014144611;1654.1121271537029;2086.0143901170654;714.4616592642788;True;post_visit;no PV;9766.66409703504;5868.597742784477
1019970;post2010;False;170.0;16.768742024965327;3.229869645621018;721;T1;-66.82434196430222;-222.5590706992038;68.42698728390393;2609.6656442805797;2254.9899039293523;2897.1050463166316;2676.489986244882;2334.8562472497865;2976.5295551209106;290.98605798310774;False;post_visit;no PV;6120.590839112345;3510.925194831765
1148611;1991_2000;True;240.0;34.56211468531468;3.2091121414817065;715;T1;2333.1022481496057;1949.854463047136;2624.3412317720167;5105.553475928984;4471.711252396586;5453.255551521431;2772.4512277793783;2392.8447930593375;3030.3999159790196;674.4867687248807;True;post_visit;PV;12615.171860139859;7509.618384210875
7048688;1976_1990;True;135.0;11.164369439071567;4.127623412665041;517;T2;689.0817436029047;166.5382408023845;1299.70345248195;3136.392752161155;2583.1370507112847;3898.9161269670817;2447.3110085582503;2256.667766735524;2745.3544218303673;1133.1652116795656;True;post_visit;PV;4074.994845261122;938.6020930999671
109104;pre1975;False;200.0;34.35372126436781;3.2021582437947695;696;T2;4175.923248984345;2283.2588382802273;6169.754122382515;6558.879342292066;4530.363003872614;8595.520484136132;2382.956093307721;2064.1174726560503;2565.357601962812;3886.4952841022873;True;post_visit;no PV;12539.108261494252;5980.228919202185
468646;1976_1990;False;150.0;26.147800300300304;3.180803031292162;666;T1;1322.7737093052797;983.2254518823551;1786.6653694983377;3341.849665708379;2831.0831103138084;3953.5755083593194;2019.075956403099;1768.438483199485;2274.7268608184168;803.4399176159826;True;post_visit;no PV;9543.947109609611;6202.0974439012325
1114639;1976_1990;False;195.0;25.13891021671827;3.2776545183290704;646;T1;1346.068376615337;986.860923918473;1707.0625979417825;4549.114563277584;3888.978751268235;5006.812656025897;3203.0461866622472;2785.2662469013917;3480.273764176461;720.2016740233096;True;post_visit;no PV;9175.702229102168;4626.587665824583
671781;pre1975;False;180.0;28.284771551724138;4.407009635807096;464;T2;4111.849443335543;2690.0144468012686;6029.454226051788;7170.166667048497;5676.805310738543;9261.154516332685;3058.3172237129543;2846.308284429855;3428.0972097674667;3339.4397792505197;True;post_visit;no PV;10323.94161637931;3153.774949330813
768113;1976_1990;True;150.0;14.911617224880384;3.699448882416846;627;T2;1935.4279112395452;1121.9717997848404;2639.5495007418594;4164.236843284008;3167.6229902438135;4927.631746935167;2228.8089320444624;1946.4329883164337;2405.250731985701;1517.577700957019;True;post_visit;PV;5442.74028708134;1278.5034437973327
122850;2001_2010;False;220.0;19.455092800000003;3.4212118492753625;625;T1;868.8303984657673;651.4673934249327;1163.0568660671913;2827.369059867504;2426.982185838966;3269.3281178836246;1958.5386614017366;1641.6577643525243;2246.7329401579377;511.58947264225867;True;post_visit;no PV;7101.108872000001;4273.739812132497
461104;1991_2000;False;210.0;17.87397280334728;4.026706915893517;478;T1;850.6792259066551;634.6162586508619;1151.9828775138437;3599.081243379047;3353.7901269317067;4108.415910206309;2748.402017472392;2568.7518129143;3085.0968604644336;517.3666188629818;True;post_visit;no PV;6524.000073221757;2924.91882984271
112810;1991_2000;True;180.0;28.634027272727273;3.3155493412384716;550;T1;881.7443589792483;620.9330966895051;1168.6033723216965;3967.1970609389673;3426.0815186039076;4498.672650397279;3085.452701959719;2718.0930110750924;3445.0848031664923;547.6702756321914;True;post_visit;PV;10451.419954545454;6484.222893606487
610891;2001_2010;False;240.0;30.421649402390436;3.244465283792367;502;T1;2303.556637115759;1990.5105930622447;2737.423225557964;5324.029462654271;4925.2795226152375;5980.903109411748;3020.472825538512;2810.4719142812596;3464.415599409616;746.9126324957194;True;post_visit;no PV;11103.902031872509;5779.872569218238
858577;1976_1990;False;180.0;24.869623711340203;3.673981796902236;582;T2;1889.859577462893;1185.980819528678;2618.2164379567257;3983.857018174681;3140.9425724105686;4765.690272105399;2093.997440711788;1769.3620391368804;2302.438019955898;1432.2356184280477;True;post_visit;no PV;9077.412654639174;5093.555636464494
8399121;2001_2010;False;168.0;27.961647727272727;4.6161426767676765;264;T1;2314.393227141808;1989.2333671396018;2738.242186344321;5354.036460676397;4957.790564765323;5940.660855655722;3039.643233534589;2816.1922211985425;3404.5535909775367;749.0088192047192;True;post_visit;no PV;10206.001420454546;4851.964959778149
108987;2001_2010;False;180.0;32.3279296875;5.861366833673007;512;T1;2003.8690492814867;1658.274717530355;2415.7931478906803;5295.818942867425;4904.853942493108;5932.750880919039;3291.9498935859383;3091.935450361871;3741.7054185848274;757.5184303603253;True;post_visit;no PV;11799.694335937502;6503.875393070077
788488;2001_2010;False;250.0;22.464904564315354;5.056687413554633;241;T1;653.6515561807973;358.05079636507907;1109.5873013050173;4338.18109657797;4054.7450441271026;5136.916817761226;3684.5295403971722;3460.6188526410315;4227.316501441907;751.5365049399381;True;post_visit;no PV;8199.690165975104;3861.509069397134
865116;1976_1990;True;200.0;26.73056959314775;4.4196453154579025;467;T1;2678.474975398802;2332.730854942786;3302.1632046311333;5150.007341637716;4755.602250048684;5972.209961368946;2471.532366238914;2306.5831348430443;2829.339149265222;969.4323496883471;True;post_visit;PV;9756.657901498927;4606.650559861211
991118;1976_1990;False;234.5;52.27703162055336;4.214916938763819;506;T1;2434.784552133259;2131.839367197096;3130.527374463926;4714.635287169216;4360.717325947867;5648.2559681167895;2279.8507350359573;2146.3113676738008;2604.3203051364094;998.68800726683;True;post_visit;no PV;19081.116541501975;14366.481254332759
816910;1991_2000;False;180.0;40.8927731092437;6.181615515771527;476;T1;2622.418273243902;2269.9648576356453;3134.4335799385503;5946.913439955514;5580.072457816937;6746.1236907303755;3324.495166711612;3119.8969659639565;3759.8982492437467;864.468722302905;True;post_visit;no PV;14925.86218487395;8978.948744918434
1001228;2001_2010;False;170.0;26.14365502183406;3.0839511739763306;229;T1;266.60930419214446;147.6282322403342;443.8585908350568;2434.7076508855143;2265.301096866098;2752.4346424563764;2168.09834669337;2023.5777051714258;2441.981876790259;296.2303585947226;True;post_visit;no PV;9542.434082969432;7107.726432083918
107461;1976_1990;False;120.0;23.393102941176473;3.756564720090935;408;T2;687.9139762841328;171.20907659573382;1331.3914623333687;2386.913819170507;1856.2209559541059;3117.6026217595345;1698.9998428863742;1582.7492786401106;1906.5154288201454;1160.1823857376348;True;post_visit;no PV;8538.482573529413;6151.568754358906
106100;1976_1990;False;140.0;18.731714285714286;4.262296926486455;497;T2;1252.183591514421;709.3311890995158;1972.4511440906422;3355.245735837699;2805.9935121551543;4174.510267924046;2103.062144323278;1958.7642096607574;2375.7443164227857;1263.1199549911264;True;post_visit;no PV;6837.075714285715;3481.8299784480155
5845834;2001_2010;False;180.0;28.969063457330414;3.978152602035962;457;T1;297.1322254098245;127.94673054389979;529.6844285507483;2961.4866322269386;2756.89723252651;3422.2060598207527;2664.354406817114;2457.216795362667;3028.417349114437;401.7376980068485;True;post_visit;no PV;10573.7081619256;7612.2215296986615
1111201;pre1975;True;250.0;73.06123217922607;4.3142292718203015;491;T1;6048.986216776499;5401.74353428457;8059.79203554116;9435.205987532649;8725.00604850356;11852.17593112825;3386.2197707561495;3127.8168728308506;3945.3828775158627;2658.0485012565896;True;post_visit;PV;26667.349745417516;17232.143757884867
8612210;1976_1990;True;300.0;28.137677894736843;4.3829019069412665;475;T2;1522.4477332216802;819.6045161591355;2459.854751158901;5747.365880864614;5018.627986891401;7041.839290254572;4224.918147642934;3932.109534418121;4784.646513915766;1640.2502349997653;True;post_visit;PV;10270.252431578947;4522.886550714333
7211010;pre1975;True;180.0;32.341678879310344;4.376542900424788;464;T3;2866.938109860447;1662.523496113665;4830.296530377117;5637.5687503306035;4411.580102072259;7726.163693040457;2770.6306404701563;2544.2883372278147;3160.0808374009875;3167.7730342634522;True;post_visit;PV;11804.712790948275;6167.144040617672
1211151;pre1975;True;245.0;29.48668398268398;4.716000972457494;462;T3;3689.5359669252994;2150.3388594338517;6714.154294421901;7083.635723337609;5380.552061448799;10262.100974911868;3394.09975641231;3192.0209581558406;3999.451343820202;4563.81543498805;True;post_visit;PV;10762.639653679653;3679.0039303420435
7771161;pre1975;False;240.0;69.73553006681514;4.4418969691101;449;T2;4604.490831258276;2719.047289998542;7088.382626805946;7810.230522081363;5892.191131499616;10422.693227746415;3205.7396908230876;2989.7621056298367;3611.3138416541087;4369.335336807404;True;post_visit;no PV;25453.468474387526;17643.23795230616
5769106;post2010;False;200.0;24.91214601769912;4.295435263562909;452;T1;-75.05802086339463;-270.15120652387367;97.81536344327937;2790.2605715801237;2580.836025470852;3177.877936608768;2865.3185924435184;2657.154322212029;3220.934999537799;367.966569967153;False;post_visit;no PV;9092.933296460178;6302.672724880054
901187;pre1975;False;180.0;36.42812527964206;4.229759102551633;447;T1;4473.173717210417;3987.683853116167;6564.549642917683;6768.361405398545;6205.634189107162;9162.927453228622;2295.1876881881276;2146.1411183667237;2718.340965013177;2576.865789801516;True;post_visit;no PV;13296.265727069353;6527.904321670808
7411491;1991_2000;False;180.0;21.042720720720723;4.162751664708186;444;T1;879.4199423351438;666.1825783456061;1182.325085429386;3931.156704590082;3666.7690040790253;4452.367170240473;3051.736762254938;2835.944336648637;3420.507148617472;516.14250708378;True;post_visit;no PV;7680.593063063064;3749.4363584729817
1071058;post2010;False;250.0;33.927324324324324;4.197865925708317;444;T1;-109.07097759576027;-381.3779463430104;119.93500733889984;3405.3018389761955;3153.8739019812365;3904.755871919284;3514.372816571956;3280.4522939560443;4028.036696888288;501.31295368191024;False;post_visit;no PV;12383.473378378378;8978.171539402181
1091217;2001_2010;False;150.0;20.0033576309795;4.048100013205243;439;T1;275.165099570253;137.11380751836666;484.6881402267586;3546.4992601299537;3288.3591028966766;4137.209714838912;3271.3341605597006;3021.4493699341147;3790.935008759924;347.5743327083919;True;post_visit;no PV;7301.225535307518;3754.7262751775643
7069411;1991_2000;False;190.0;31.44530946882217;4.004884459617767;433;T1;879.9647217707598;717.3888294859366;1292.2027353432723;3943.5690531984;3681.9677871209815;4580.529546808575;3063.6043314276403;2838.3962605912425;3497.6372431039804;574.8139058573356;True;post_visit;no PV;11477.537956120092;7533.968902921692
679810;1976_1990;False;320.0;26.35233025404157;3.9647499748970776;433;T2;1268.5344288522842;1007.6829867715918;1736.656250285085;3669.762773552539;3388.079912824773;4312.017229981916;2401.2283447002546;2257.860247844315;2665.007739369345;728.9732635134932;True;post_visit;no PV;9618.600542725173;5948.837769172635
721074;post2010;False;134.0;11.016273159144893;3.970861217253606;421;T1;-63.83663384634542;-202.73223707655052;64.19812600029042;1417.0457626286063;1314.0145522164578;1626.2284545692278;1480.8823964749517;1386.3718593142828;1679.5741660194903;266.93036307684093;False;post_visit;no PV;4020.939703087886;2603.8939404592793
712718;1976_1990;False;200.0;22.870105011933177;4.014673757393379;419;T1;1462.1493090190907;1141.0780418332747;2024.4315020941144;3587.3270930149024;3295.71006509971;4279.76617084486;2125.1777839958118;2008.9148744664135;2408.269755276665;883.3534602608397;True;post_visit;no PV;8347.588329355609;4760.261236340706
7211189;pre1975;False;202.0;40.41599033816426;3.94361732479171;414;T2;2124.0878555485374;827.9604146127807;3820.9093282275726;5531.511224616607;4200.000201865058;7397.700184340891;3407.42336906807;3129.582190283925;3832.6309783531356;2992.9489136147918;True;post_visit;no PV;14751.836473429954;9220.325248813348
811080;1976_1990;False;190.0;36.262760290556905;3.9397479559251853;413;T1;1476.410883199052;1201.36541926812;1988.7656724787416;3693.973355565643;3400.9791013944887;4416.8090892451655;2217.562472366591;2089.880891301569;2506.9368320535327;787.4002532106217;True;post_visit;no PV;13235.90750605327;9541.934150487628
5831058;pre1975;False;160.0;24.222406015037592;4.065453397987723;399;T2;2963.078043258376;1926.537004272774;5168.47810499817;5758.662215078855;4723.561350024819;8166.117767904711;2795.5841718204792;2627.2523548311938;3254.465859754927;3241.941100725396;True;post_visit;no PV;8841.178195488721;3082.5159804098657
760117;1976_1990;False;155.0;31.211820197044336;3.874156582423074;406;T2;1022.7749148453827;543.4633675043193;1661.18807176347;2986.335958743186;2542.1646810718457;3760.2599418547293;1963.5610438978033;1827.4425105451107;2224.0247966406937;1117.7247042591507;True;post_visit;no PV;11392.314371921182;8405.978413177996
468980;pre1975;False;160.0;29.287192019950126;3.7460704217716576;401;T2;3014.611029882522;1915.628247623015;5214.813556463516;5036.3960074267725;3948.666138915768;7446.669851723612;2021.7849775442505;1895.2397260282448;2363.5897101734436;3299.1853088405005;True;post_visit;no PV;10689.825087281795;5653.429079855023
103721;2001_2010;False;160.0;24.23159398496241;3.713124659474774;399;T1;250.8061944182234;119.34495609191875;415.0223198796305;1982.5429964026189;1836.1809625640622;2276.832186089368;1731.7368019843955;1599.4762391993524;1971.34603418172;295.6773637877118;True;post_visit;no PV;8844.53180451128;6861.988808108661
821088;1991_2000;False;220.0;23.87858897243108;3.713124659474774;399;T2;493.0565598624853;183.1489164204834;906.1320128699218;2532.5751233624737;2229.658456869686;3062.181603419347;2039.5185634999884;1923.5057381635952;2296.931114071806;722.9830964494384;True;post_visit;no PV;8715.684974937343;6183.109851574869
796869;2001_2010;False;150.0;14.956794416243655;3.6063220959317293;394;T1;323.2638482035263;177.4039229913674;570.0675347249706;2254.203368915361;2116.3488071885963;2682.3648376073907;1930.9395207118346;1819.3483567571834;2234.10372971673;392.66361173360326;True;post_visit;no PV;5459.229961928934;3205.0265930135733
727690;1976_1990;False;157.0;23.309690851735013;2.957411237598866;317;T3;1023.7526929112496;583.8661379526878;1758.2025634346735;2549.276756877356;2116.1255372219425;3337.904229868727;1525.5240639661065;1413.2004633944232;1712.5061453863264;1174.3364254819858;True;post_visit;no PV;8508.03716088328;5958.760404005923
669010;1976_1990;False;170.0;72.37696113989638;3.4951297214087256;386;T2;1658.592107918892;1158.792899577634;2522.3326584568276;3343.0459449288182;2890.8352058710766;4367.965658940072;1684.4538370099262;1585.587194715895;2026.509900499857;1363.5397588791936;True;post_visit;no PV;26417.59081606218;23074.544871133363
9889114;pre1975;False;200.0;30.82016037735849;1.9575488788624555;212;T2;1668.6487266767667;736.1829577081375;2889.2989615657148;3960.9357122154533;3015.6968809656537;5289.054705289568;2292.2869855386866;2092.9904742454605;2590.6975567584614;2153.116003857577;True;post_visit;no PV;11249.358537735849;7288.422825520395
7984107;pre1975;False;120.0;33.82712658227848;5.1420323488045;237;T1;2857.9687293394645;2532.020060366223;4338.516214731778;4795.174653490154;4471.9060187908135;6479.498349321053;1937.2059241506895;1846.6995468369414;2284.130516972704;1806.496154365555;True;post_visit;no PV;12346.901202531646;7551.726549041492
721077;1976_1990;False;234.0;26.018568783068783;3.3083643892339545;378;T3;1076.1076512613104;634.9937879209372;2122.0721849854026;3321.08419913111;2919.941076079235;4530.960037248508;2244.9765478697996;2085.8212887873137;2604.0374025834312;1487.0783970644654;True;post_visit;no PV;9496.777605820105;6175.693406688995
658466;1976_1990;False;162.0;12.380421828908554;2.772377003975888;339;T1;765.6094442421331;617.4672250086244;1055.38952521146;2253.734478387245;2056.0442645077287;2622.7345159567863;1488.1250341451118;1379.4589251887896;1681.5436125522097;437.9223002028357;True;post_visit;no PV;4518.853967551622;2265.1194891643772
112120;1976_1990;False;136.0;15.159260053619303;3.296378657186152;373;T1;999.7739323477663;801.545869571003;1363.2758360723803;2683.031279054628;2485.1561175829584;3137.0824959784363;1683.2573467068619;1564.2122934773822;1899.4221818370693;561.7299665013774;True;post_visit;no PV;5533.129919571045;2850.098640516417
1159664;pre1975;False;152.0;31.6314532967033;3.2922801401497055;364;T2;2073.8535768068023;947.9021291032326;3495.310107275067;4576.201787081055;3427.909705028564;6131.659542589553;2502.348210274253;2316.6201325844036;2820.8572231689714;2547.407978171834;True;post_visit;no PV;11545.480453296705;6969.2786662156495
122887;2001_2010;False;232.0;27.215791891891893;3.3280359576968275;370;T1;385.7401319555629;212.97513677680897;686.6278923856545;3040.190619674092;2829.529072815159;3536.9379204674046;2654.450487718529;2464.931371221469;3073.6811287721584;473.6527556088455;True;post_visit;no PV;9933.764040540542;6893.57342086645
706817;2001_2010;False;168.0;34.07039726027397;3.1904773674806433;365;T1;260.68334843490175;144.5564545546111;475.179103074306;2428.0525745037603;2265.9598384822825;2812.8635133687344;2167.3692260688586;2012.2355769248838;2490.9348316803316;330.6226485196949;True;post_visit;no PV;12435.695;10007.64242549624
748773;1976_1990;False;200.0;18.98772239747634;2.9942124079915877;317;T1;1090.495982478984;887.0161335994794;1504.0835689986366;2863.46371833675;2645.8687732000503;3423.0655435432122;1772.967735857766;1649.9415137578292;2026.4270186101223;617.0674353991571;True;post_visit;no PV;6930.518675078864;4067.0549567421144
100119;1976_1990;False;160.0;32.19382062780269;4.109186846038864;223;T1;1352.8621938695296;1080.6118492291432;1968.5364679723268;3675.5947358725634;3355.5289069806586;4494.473881603437;2322.732542003034;2177.5954776529484;2637.914694108858;887.9246187431836;True;post_visit;no PV;11750.74452914798;8075.149793275416
