Household_ID;era;area_m2;residents;pv_level;n_days;hdd_per_day_raw;meas_kwh_day;pred_heat_kwh_day;pred_dhw_kwh_day;pred_appl_kwh_day;pred_noappl_kwh_day;pred_kwh_day;pred_lo_kwh_day;pred_hi_kwh_day;resid_noappl_kwh_yr;resid_kwh_yr;ratio_meas_pred;inside_band;above_band;band_rel_width
120701;1976_1990;236.0;2;False;576;3.52981418578905;25.68823263888889;9.4420375609749;2.02608695652174;7.838356164383562;11.468124517496639;19.306480681880203;18.523874099391687;23.506782596878875;5190.339464308172;2329.3394643081715;1.330549728982879;False;True;0.25809512254420447
706646;2001_2010;160.0;4;Unknown;939;3.790436125387785;24.291996805111822;6.957005451879744;9.320000000000002;11.09041095890411;16.277005451879745;27.367416410783854;26.876960392638708;31.05917404220286;2925.471843929708;-1122.5281560702915;0.8876247739461371;False;False;0.15281726220660682
1078861;pre1975;160.0;2;True;393;0.5341745952723385;20.22842748091603;1.518783614306736;2.0260869565217394;7.838356164383562;3.5448705708284756;11.383226735212038;10.55369492584549;14.5057470023405;6089.498272181957;3228.498272181957;1.7770380887119552;False;True;0.34718205728697504
190821;post2010;155.0;4;True;1292;3.9551401545744156;13.514768575851392;3.410123540416438;4.052173913043479;11.09041095890411;7.462297453459916;18.552708412364026;18.477719084460407;22.01287939621893;2209.1519596728886;-1838.8480403271117;0.728452594384806;False;False;0.19054685888355782
105898;1976_1990;160.0;2;Unknown;789;3.7449600944141364;39.92827249683143;7.63461837500132;2.02608695652174;7.838356164383562;9.66070533152306;17.499061495906624;16.195344893647526;21.38641380523933;11047.662015337555;8186.662015337555;2.2817379381272214;False;True;0.29664841813408654
1178890;2001_2010;210.0;1;Unknown;180;3.9353222222222226;26.44027222222222;7.2983541456;1.01304347826087;6.212328767123288;8.31139762386087;14.523726390984159;13.20984221238704;17.836672090024905;6617.039228401893;4349.539228401893;1.8204881798541352;False;True;0.31857043799104107
731201;1976_1990;255.0;3;Unknown;539;5.612336116264688;63.08366975881261;18.326089146501204;3.0391304347826082;9.464383561643835;21.36521958128381;30.829603142927645;26.807111578551957;41.09690658895864;15227.234314798012;11772.734314798012;2.0462044051087336;False;True;0.4635088860585862
1228011;2001_2010;120.0;3;False;678;3.1753181993074255;21.941836283185843;3.515853524239054;6.990000000000001;9.464383561643835;10.505853524239054;19.97023708588289;19.319122502170096;23.306748306279687;4174.133707015578;719.6337070155781;1.0987268798474452;True;False;0.19967844081973737
114117;1991_2000;260.0;2;Unknown;340;3.053833546462063;61.47519117647058;8.115602785820974;4.66;7.838356164383562;12.775602785820974;20.613958950204534;19.43130596992053;23.731216156487857;17775.349762587106;14914.349762587108;2.982211778192205;False;True;0.208592158204752
8627071;2001_2010;250.0;3;Unknown;270;3.314391975308642;81.64951851851852;6.715475961599781;6.989999999999998;9.464383561643835;13.70547596159978;23.169859523243616;22.2540185012981;26.98809918291764;24799.575533275343;21345.07553327534;3.523953972902127;False;True;0.20432064669491806
867211;1991_2000;245.0;2;Unknown;718;3.190704069274555;14.443988857938718;8.649035956706324;4.66;7.838356164383562;13.309035956706325;21.147392121089887;19.809034536258125;25.7217538194242;414.25780894982375;-2446.742191050176;0.6830151337447423;False;False;0.279595670677021
1114677;post2010;220.0;3;Unknown;500;6.703276086956522;60.0459;10.069894927056895;6.989999999999999;9.464383561643835;17.059894927056895;26.52427848870073;25.61050114713327;30.44811178541436;15689.891851624234;12235.391851624234;2.2638089863812656;False;True;0.18238424997467498
611797;1976_1990;275.0;2;Unknown;1130;3.7071054828780303;33.10231592920354;10.083475197647557;4.66;7.838356164383562;14.743475197647557;22.581831362031117;20.177386207432207;28.39647416715962;6700.976867017935;3839.976867017935;1.4658827000568904;False;True;0.3639690611429732
1137376;1976_1990;200.0;5;False;1678;3.471233024131558;41.426128724672225;8.552600711058552;11.65;12.57945205479452;20.20260071105855;32.782052765853074;32.73062312040867;38.81380650679506;7746.587724968991;3155.08772496899;1.2636831811772056;False;True;0.18556444374718484
700831;1976_1990;450.0;2;Unknown;836;3.998555786699951;76.82277751196172;22.405170275671654;4.660000000000002;7.838356164383562;27.065170275671655;34.90352644005522;32.245949180316714;43.51473550176083;18161.526641245873;15300.526641245873;2.2010033182148625;False;True;0.3228552375874571
1191127;2001_2010;220.0;3;True;296;3.053555743243243;35.360010135135134;4.447283310450648;3.0391304347826087;9.464383561643835;7.486413745233257;16.950797306877092;16.663527573620584;20.217399945180727;10173.862682314186;6719.362682314185;2.08603816652266;False;True;0.2096581244658211
121798;1976_1990;207.0;2;Unknown;424;4.00597084358764;28.344919811320754;8.691782203260441;4.659999999999999;7.838356164383562;13.351782203260441;21.190138367644003;19.890433025842324;25.839598277202604;5472.495226942014;2611.4952269420137;1.3376467543318002;False;True;0.28075160001995453
114671;pre1975;260.0;4;Unknown;571;2.5519838066956013;35.04106479859895;11.029247939390734;4.05217391304348;11.09041095890411;15.081421852434215;26.171832811338327;24.222429305092426;33.45635467996021;7285.26967535013;3237.2696753501286;1.338884634148291;False;True;0.3528192099281408
1121037;2001_2010;150.0;4;Unknown;683;3.165213380864473;39.68100585651538;3.4498817075095674;4.052173913043479;11.09041095890411;7.502055620553046;18.592466579457156;18.583049712793663;22.121159384512566;11745.31683612625;7697.316836126251;2.134251831887598;False;True;0.19029802509518376
9880798;1991_2000;150.0;4;False;587;3.402035849196356;43.293468483816014;4.619239674771386;9.320000000000002;11.09041095890411;13.939239674771388;25.029650633675498;24.568809225697546;28.874145232928317;10714.29351530129;6666.293515301289;1.7296872863885655;False;True;0.17200943274207223
680861;1991_2000;400.0;2;False;543;3.917535871566979;63.00837569060774;11.078635408544582;2.02608695652174;7.838356164383562;13.104722365066321;20.943078529449885;20.0841232590469;24.910734944554783;18214.83346382262;15353.833463822619;3.0085536661673777;False;True;0.23046333320675672
468185;1976_1990;300.0;2;False;1555;3.939773027634093;21.815538263665594;11.499686667308241;4.659999999999999;7.838356164383562;16.15968666730824;23.9980428316918;21.984373289506188;30.568904556199893;2064.3858326704344;-796.6141673295656;0.9090548932122084;False;False;0.35771797420733736
781007;1976_1990;200.0;2;False;1552;3.981930020170327;19.654122422680413;8.77816004484193;2.02608695652174;7.838356164383562;10.80424700136367;18.642603165747232;17.845579708511675;22.36167858518687;3230.204528780611;369.2045287806108;1.0542584770989323;True;False;0.2422461518127895
761079;1976_1990;250.0;2;False;1377;3.765477061033753;28.907378358750908;13.321150348684172;2.02608695652174;7.838356164383562;15.347237305205912;23.185593469589474;21.17200305098771;27.871346226321634;4949.4514845439235;2088.4514845439235;1.2467819034551002;False;True;0.288944218060274
461089;1976_1990;235.0;2;False;1426;3.6829631075065556;21.8788618513324;9.841554281609264;2.02608695652174;7.838356164383562;11.867641238131004;19.705997402514566;18.745417119118894;24.033750951964453;3654.0955238185093;793.0955238185092;1.1102641193152987;True;False;0.26836164264239404
114109;1976_1990;200.0;1;False;1442;3.640544423003478;36.44107420249654;10.031969871897159;1.01304347826087;6.212328767123288;11.04501335015803;17.25734211728132;15.376134058130573;21.493527283794737;9269.562211103555;7002.062211103555;2.1116272688367714;False;True;0.3544806137637077
107114;1976_1990;185.0;2;False;1415;3.646595580478312;31.32114982332156;7.284835193819844;2.02608695652174;7.838356164383562;9.310922150341584;17.149278314725144;15.361101114819009;21.673626180997942;8033.73310063769;5172.733100637691;1.8263829677560137;False;True;0.36809275296201327
671048;2001_2010;240.0;2;Unknown;712;3.208740891141508;21.365245786516855;6.183088151118643;4.66;7.838356164383562;10.843088151118643;18.681444315502205;17.603118466982043;21.945509838068354;3840.5875369203472;979.5875369203474;1.1436613478962963;True;False;0.23244409253105314
109711;1991_2000;160.0;2;True;712;3.184779524914509;17.571543539325845;4.113233272525975;4.66;7.838356164383562;8.773233272525975;16.611589436909536;14.991208755863616;20.47729699949071;3211.3832473819525;350.38324738195246;1.0577882150327753;True;False;0.33025667197369296
7610179;1991_2000;280.0;4;Unknown;1135;5.440884313349933;33.40373127753304;13.59905964721698;9.32;11.09041095890411;22.91905964721698;34.00947060612109;31.422283136399106;41.0350766698274;3826.9051450653624;-221.09485493463853;0.9821890985718834;True;False;0.28265049005785353
6569121;2001_2010;150.0;3;Unknown;719;4.701064884803773;25.887867872044506;6.423235813464387;6.989999999999998;9.464383561643835;13.413235813464386;22.87761937510822;22.359355480917277;26.736441253317714;4553.240701381744;1098.740701381744;1.1315804956616928;True;False;0.19132610350021317
5011111;pre1975;286.0;5;Unknown;1150;5.584448865784499;52.57780521739131;33.322144034325895;5.06521739130435;12.57945205479452;38.387361425630246;50.96681348042477;49.98768217229702;62.48000922617014;5179.5119839927875;588.011983992787;1.031608641524848;True;False;0.2451070844103516
5661171;2001_2010;250.0;4;Unknown;561;3.6620680849414864;50.21064349376114;8.26835286753761;4.052173913043478;11.09041095890411;12.320526780581087;23.4109377394852;23.24779176434874;27.639148258572163;13829.892600310717;9781.892600310719;2.1447514855022316;False;True;0.18757712925001302
110119;2001_2010;130.0;2;Unknown;719;3.147466741246901;19.404724617524337;3.7140447173547275;4.660000000000001;7.838356164383562;8.374044717354728;16.21240088173829;15.27633375295808;19.05499570938668;4026.198163561907;1165.1981635619072;1.1969062916142108;False;True;0.23307232432704653
102766;2001_2010;216.0;2;Unknown;719;4.701064884803773;42.48199443671766;8.531905804198583;4.66;7.838356164383562;13.191905804198583;21.030261968582145;20.000140113893462;25.087841557843056;10690.882350869464;7829.882350869464;2.0200411435760057;False;True;0.24192287530941328
105900;2001_2010;240.0;5;False;537;5.580197082557418;38.21156052141527;10.857180589557391;11.65;12.57945205479452;22.507180589557393;35.086632644351916;34.59975327095662;40.51690825925613;5732.098675128126;1140.5986751281253;1.0890632027512732;True;False;0.16864414001416075
826780;pre1975;150.0;4;True;842;4.069792376673895;13.34161401425178;10.708241026655337;4.05217391304348;11.09041095890411;14.760414939698816;25.850825898602928;22.677763375337893;33.96498592329219;-517.8623377881679;-4565.862337788169;0.5161001070752176;False;False;0.43662908845648524
698310;pre1975;200.0;5;True;503;3.574444694153917;25.177097415506957;14.040633037619932;5.065217391304347;12.57945205479452;19.105850428924278;31.6853024837188;28.11187641069854;40.91677393521187;2216.005150102678;-2375.494849897323;0.7945986132985151;False;False;0.40412735624326174
24611;pre1975;160.0;1;Unknown;707;3.20565853883525;19.007152758132957;11.611258856909943;1.0130434782608686;6.212328767123288;12.624302335170812;18.8366311022941;15.774477271332549;24.383515392954923;2329.740404381183;62.2404043811831;1.0090526620664186;True;False;0.457037039949988
6683113;pre1975;160.0;4;False;322;2.9318234989648033;22.48769254658385;10.619397280416745;4.05217391304348;11.09041095890411;14.671571193460224;25.761982152364332;23.79121869162112;31.9923865480492;2852.884293890124;-1195.1157061098756;0.8729022640255195;False;False;0.3183438218349752
896968;1976_1990;200.0;2;True;344;3.077478113414223;10.355299418604652;7.843029951405289;2.02608695652174;7.838356164383562;9.86911690792703;17.70747307231059;15.993902412445212;22.002856624081605;177.45661639733214;-2683.543383602668;0.5847982586966274;False;False;0.3393456642344228
9981041;2001_2010;410.0;2;True;1168;3.859581931209053;26.863366438356163;9.539149479924564;2.02608695652174;7.838356164383562;11.565236436446304;19.403592600829867;18.678107247000305;23.1232942871984;5583.817450697099;2722.8174506970977;1.3844532294090348;False;True;0.22909092824428715
111710;1991_2000;290.0;3;Unknown;1134;5.445682271298214;38.87321781305115;14.819294572545823;3.0391304347826082;9.464383561643835;17.85842500732843;27.322808568972267;26.9164213826524;32.36192798505659;7670.399374088792;4215.899374088792;1.422738724495384;False;True;0.19930259324029004
1027273;2001_2010;200.0;4;Unknown;682;4.498153714565005;27.64955571847507;7.469859324751739;9.320000000000002;11.09041095890411;16.789859324751742;27.880270283655854;27.71032569168615;32.343338053980226;3963.789183709015;-84.21081629098578;0.9917248088761882;False;False;0.16617530300665945
6981151;pre1975;240.0;2;False;1059;3.45481657565929;57.521465533522196;13.751652321166945;2.02608695652174;7.838356164383562;15.777739277688685;23.616095442072247;20.39167141417677;30.70153760842628;15236.46008337923;12375.460083379232;2.4356890695422617;False;True;0.4365609979659214
876511;1991_2000;500.0;8;Unknown;412;3.7272330097087383;48.546786407766994;16.307116213117805;18.639999999999997;17.046575342465754;34.9471162131178;51.99369155558355;51.728505798467665;59.55144609937061;4963.879621046955;-1258.1203789530437;0.9337053199207511;False;False;0.15045941280279884
7412010;2001_2010;250.0;5;Unknown;783;5.349812454883669;32.96525670498084;10.96908031369952;5.065217391304348;12.57945205479452;16.034297705003866;28.613749759798388;28.60653535017654;33.810949575447026;6179.800034991595;1588.3000349915942;1.1520774795932622;True;False;0.18188508213567173
6810910;1976_1990;160.0;2;False;1238;5.8000396033808626;33.75705896607431;13.07455369806672;2.02608695652174;7.838356164383562;15.10064065458846;22.938996818972022;19.03263701805822;29.118429182649695;6809.592683692335;3948.5926836923354;1.4716013621901312;False;True;0.4396788684433609
9889190;pre1975;200.0;4;False;1158;4.267574046957523;18.607757340241797;16.739136805696;4.05217391304348;11.09041095890411;20.791310718739478;31.88172167764359;26.804924111099233;44.57202370167644;-796.9969831516536;-4844.996983151655;0.5836497014930693;False;False;0.5572816854190163
6808461;post2010;207.0;4;False;1177;4.04060881878517;16.408966015293117;4.345092529823879;4.05217391304348;11.09041095890411;8.397266442867359;19.48767740177147;19.322516549316788;23.01054781765775;2924.270343935402;-1123.729656064599;0.8420175312324037;False;False;0.18924940064975165
6773102;pre1975;200.0;4;False;1438;3.6075248130454938;35.986128650904035;11.805009549399744;4.052173913043478;11.09041095890411;15.85718346244322;26.947594421347333;23.94002254643535;35.89645490705741;7347.064993788197;3299.0649937881967;1.3354115431690097;False;True;0.443692011007499
4710670;pre1975;300.0;2;True;1154;4.089511767513124;37.73992027729636;22.731512745961695;2.026086956521737;7.838356164383562;24.757599702483432;32.595955866866994;30.9787106045194;42.176710888187266;4738.54700980672;1877.5470098067196;1.157809896155188;True;False;0.3435395583858415
716869;1976_1990;155.0;2;False;1166;4.018784491759266;17.04317409948542;9.338616999375304;2.02608695652174;7.838356164383562;11.364703955897044;19.203060120280604;17.424393590886172;23.282176114153334;2072.641602409757;-788.3583975902424;0.8875238630058706;False;False;0.3050442214197247
115508;pre1975;170.0;2;False;1217;4.068528187631738;25.80907148726376;11.707671408896086;2.0260869565217385;7.838356164383562;13.733758365417824;21.572114529801386;18.704250188610498;29.43405356443434;4407.489289473767;1546.489289473767;1.1964089775070086;True;False;0.4973922867413328
781099;1976_1990;150.0;2;False;1454;3.983574447301796;25.019319807427784;7.945400827975197;2.02608695652174;7.838356164383562;9.971487784496937;17.8098439488805;16.373941731775577;21.753205994977975;5492.458688369759;2631.4586883697593;1.4048028651593247;False;True;0.30203882070176874
105768;pre1975;294.0;1;True;1158;3.819199262846987;20.966550949913643;17.95628166436327;1.0130434782608686;6.212328767123288;18.96932514262414;25.18165390974743;18.159619740241315;36.199466334768765;728.9874196606686;-1538.5125803393319;0.8326121479176479;True;False;0.7163884730996364
8010411;post2010;375.0;5;False;1126;3.732819001467295;31.566730017761987;8.503114112826196;5.065217391304348;12.57945205479452;13.568331504130544;26.147783558925063;26.155875626229825;30.4297084056855;6569.415457475477;1977.9154574754773;1.20724305165771;False;True;0.1634491416767476
7086681;2001_2010;180.0;1;False;1396;3.690164932934679;28.402554441260744;5.662734887327587;1.01304347826087;6.212328767123288;6.675778365588457;12.888107132711745;11.492224661622235;15.929674464744053;7930.273267620385;5662.773267620384;2.2037801322407735;False;True;0.34430578186760846
868122;1976_1990;280.0;1;False;1537;4.067797912364572;24.75062589459987;16.032006726911572;1.0130434782608686;6.212328767123288;17.04505020517244;23.25737897229573;21.393261049085673;27.53248329162221;2812.535126641012;545.0351266410116;1.0642052969116986;True;False;0.26396879243570825
881223;1976_1990;240.0;2;False;1206;4.162011650683779;44.2443855721393;13.103896618376401;4.659999999999999;7.838356164383562;17.7638966183764;25.60225278275996;23.452218202476885;32.635563623117434;9665.37846812346;6804.378468123458;1.7281442358827335;False;True;0.3586928657631421
118708;1991_2000;186.0;2;False;1395;3.6916632590514777;23.895303225806448;4.535994396929294;2.026086956521739;7.838356164383562;6.562081353451033;14.400437517834595;13.736338302821256;17.769042987844315;6326.625983409727;3465.6259834097264;1.6593456411454646;False;True;0.2800404279403769
1037610;post2010;222.0;5;False;1240;4.067521353436185;49.493156451612904;4.644174779402102;5.065217391304348;12.57945205479452;9.709392170706451;22.288844225500974;22.64177909652239;26.425448971529814;14521.073962530856;9929.573962530854;2.2205348985743774;False;True;0.16975621690955486
6885841;post2010;170.0;4;False;1288;3.5361586270141325;18.775337732919255;4.2988001895770696;4.052173913043479;11.09041095890411;8.350974102620548;19.441385061524656;19.2480974530749;23.05884532487824;3804.892725059028;-243.1072749409715;0.965740747045665;False;False;0.19601215961433607
2794690;1976_1990;140.0;6;False;1214;4.143672963971062;22.821444810543657;7.623666738959628;6.078260869565219;14.068493150684931;13.701927608524848;27.770420759209777;27.509645953485496;33.531766864539435;3328.6237787368655;-1806.376221263134;0.8217896663656116;False;False;0.21685378710211886
111119;1976_1990;180.0;2;False;1550;3.991898639551192;18.850669677419354;9.554001685902298;2.02608695652174;7.838356164383562;11.580088642424037;19.4184448068076;18.65490737375835;23.906884021909207;2653.7620777732905;-207.2379222267095;0.9707610400813768;True;False;0.2704632992189803
105807;1976_1990;200.0;2;False;1243;4.085178180419042;35.74891069991955;9.21452480304869;2.02608695652174;7.838356164383562;11.24061175957043;19.07896792395399;16.820142991824813;24.311037803255726;8945.529113227429;6084.529113227429;1.8737339903505024;False;True;0.39262578779358176
7374981;post2010;200.0;5;True;1159;5.667892173412862;28.154070750647108;7.206449600874602;5.065217391304348;12.57945205479452;12.27166699217895;24.851119046973473;24.919270944585115;29.054209566925156;5797.077371840877;1205.5773718408768;1.1329095763225154;True;False;0.16638842760055186
861116;1976_1990;195.0;2;False;1365;3.6950818920210224;18.553728937728938;8.772990261779125;2.02608695652174;7.838356164383562;10.799077218300864;18.637433382684428;17.170976159110914;22.62738147979108;2830.4478775912467;-30.552122408753934;0.9955087997774813;True;False;0.292765919461291
108511;2001_2010;274.0;5;False;804;3.8221840976278028;38.94995646766169;7.234950197042822;5.065217391304347;12.57945205479452;12.300167588347168;24.879619643141687;25.22773990184296;29.300336064616463;9727.172940949802;5135.672940949802;1.5655366531456856;False;True;0.1636920588493062
86109;1976_1990;160.0;2;False;1434;4.173408803791967;18.848203626220364;9.064429992919047;2.02608695652174;7.838356164383562;11.090516949440786;18.92887311382435;17.050289459459712;23.7063862550609;2831.555637024546;-29.444362975454226;0.9957382836728369;True;False;0.3516372451532802
1037311;1976_1990;180.0;3;False;1163;4.0756992660161755;11.521712811693895;6.926068617043287;3.0391304347826082;9.464383561643835;9.965199051825895;19.42958261346973;17.978684499565425;23.92290781794318;568.1275223518202;-2886.37247764818;0.592998472530561;False;False;0.3059367479287419
116121;pre1975;395.0;2;False;1241;4.43484774433895;83.6525592264303;38.15956827968147;4.659999999999999;7.838356164383562;42.81956827968147;50.65792444406503;47.38125599437972;63.94867846105112;14904.041695563323;12043.041695563323;1.6513222786850843;False;True;0.3270450309302476
120741;1976_1990;164.0;2;False;1208;4.159824017420098;31.793264900662255;9.54700519150208;2.02608695652174;7.838356164383562;11.57309214802382;19.41144831240738;18.398936920774943;23.859537612340617;7380.363054713028;4519.36305471303;1.6378615541191064;False;True;0.2813082570492885
114721;1976_1990;140.0;2;False;1520;3.913876902173913;32.87059078947369;8.712847258067358;2.02608695652174;7.838356164383562;10.738934214589097;18.57729037897266;16.926906405996437;22.8359524740412;8078.054649832876;5217.054649832876;1.7693964038307433;False;True;0.3180790065451697
815461;1976_1990;240.0;2;True;1142;4.031672339399477;16.591260945709283;9.305531606793553;2.02608695652174;7.838356164383562;11.331618563315292;19.169974727698854;17.578338511898327;23.511356261410146;1919.7694695738069;-941.2305304261932;0.8654816285039977;False;False;0.30949533495937026
1678757;1976_1990;200.0;2;False;1437;3.9172788770889433;17.724354210160055;9.50300517350761;2.02608695652174;7.838356164383562;11.52909213002935;19.36744829441291;17.503854383987683;23.79374383887097;2261.2706592477075;-599.729340752292;0.9151620771474138;True;False;0.32476603831686923
971071;1976_1990;250.0;2;False;1566;3.9749183001092048;33.89293295019157;11.403093030166128;2.0260869565217385;7.838356164383562;13.429179986687867;21.26753615107143;19.293753475639242;27.974480473615433;7469.269831678852;4608.269831678852;1.593646424740371;False;True;0.4081679671925169
121728;post2010;455.0;7;False;1561;4.040116629065352;35.724942985265855;8.388613664637486;7.091304347826088;15.557534246575342;15.479918012463575;31.037452259038915;31.622313662605425;36.79181451408401;7389.434115072832;1710.9341150728333;1.1510269170003096;True;False;0.16655686840317543
114798;pre1975;301.0;3;False;1075;3.842205251095382;38.802642790697675;18.897962408994843;3.0391304347826082;9.464383561643835;21.93709284377745;31.401476405421285;27.60194171299553;44.36876177294232;6155.925730625882;2701.4257306258824;1.2356948536342902;True;False;0.533950055197153
1081057;post2010;200.0;4;False;1199;4.140636484510039;21.62621684737281;4.581332512883638;4.052173913043479;11.09041095890411;8.633506425927116;19.723917384831225;19.50925062604869;23.287438327374165;4742.339303827678;694.3393038276785;1.0964463308898544;True;False;0.19155361623199196
9776611;post2010;180.0;3;False;1246;4.107521919417498;22.829201444622793;4.771346531346116;3.0391304347826096;9.464383561643835;7.810476966128725;17.27486052777256;16.95025073008013;20.390563327597302;5481.8344346503345;2027.334434650335;1.3215273957159073;False;True;0.19915139644608013
7411010;post2010;260.0;4;False;1553;3.947331224278395;24.247873148744365;6.640138749048129;4.052173913043478;11.09041095890411;10.692312662091606;21.782723620995718;21.895891013145732;25.45385415333855;4947.779577628257;899.7795776282561;1.1131699401158706;True;False;0.1633387634209068
512280;post2010;300.0;4;False;1427;3.974448549201223;29.628056061667834;6.278322492586483;4.052173913043478;11.09041095890411;10.330496405629962;21.420907364534074;21.43723298243526;25.22764301730727;7043.609274453824;2995.6092744538228;1.3831373040117843;False;True;0.17694908858752054
7710511;pre1975;200.0;3;False;1237;3.9634322519419354;59.100941794664514;17.931890371957465;3.0391304347826082;9.464383561643835;20.97102080674007;30.435404368383907;26.794701510468396;40.45670257625207;13917.421160592421;10462.921160592421;1.9418484170382233;False;True;0.44888515034732607
823761;1991_2000;240.0;2;False;1546;3.976523539006693;22.59410931435964;9.223097537352558;2.02608695652174;7.838356164383562;11.249184493874298;19.087540658257858;17.630424605709194;23.40507960757336;4140.897559477149;1279.89755947715;1.1837098198706248;True;False;0.30253530851633686
1101758;1976_1990;192.0;2;False;1518;3.897645734280422;17.585399868247695;6.353844130479374;2.02608695652174;7.838356164383562;8.379931087001113;16.218287251384673;14.615306827499703;20.47933178880611;3359.996105155002;498.9961051550029;1.0842945124643972;True;False;0.36156869528906344
1061168;post2010;160.0;2;False;962;3.67569336225858;21.490136174636174;3.2099585558640347;2.02608695652174;7.838356164383562;5.2360455123857745;13.074401676769337;12.145600231373846;15.780382378921017;5932.743091721395;3071.743091721395;1.6436802773789607;False;True;0.2780075323833342
808112;1976_1990;140.0;2;False;1451;3.572368836085059;29.940248104755344;7.272465639807989;4.659999999999999;7.838356164383562;11.932465639807988;19.77082180419155;18.84430600587527;23.25983423608209;6572.840599705784;3711.8405997057853;1.51436538153451;False;True;0.2233355939342236
1019970;post2010;170.0;4;False;1361;3.7735851675558254;18.509987509184423;3.4598054993999248;4.052173913043479;11.09041095890411;7.511979412443404;18.602390371347514;18.61137829277216;22.099691400782323;4014.272955310472;-33.72704468952822;0.9950327425498277;False;False;0.18751961647805582
1148611;1991_2000;240.0;3;True;1358;3.4680180839256365;36.10047201767305;7.229645111267006;6.990000000000001;9.464383561643835;14.219645111267006;23.68402867291084;23.09474596070311;27.31464097018281;7986.501820838205;4532.001820838205;1.5242538554669038;False;True;0.1781747129155566
7048688;1976_1990;135.0;4;True;981;4.43922752589047;16.967963302752295;6.114104317541287;4.05217391304348;11.09041095890411;10.166278230584766;21.256689189488874;20.17523839109586;25.995404644417356;2482.6150513411485;-1565.3849486588513;0.7982411160785429;False;False;0.27380398713264736
109104;pre1975;200.0;2;False;1173;4.030666308363295;39.20022591645353;16.01602531912334;4.659999999999999;7.838356164383562;20.67602531912334;28.514381483506902;23.016728656453957;37.22014626135158;6761.33321802552;3900.33321802552;1.3747528046199236;False;True;0.49811417488094806
468646;1976_1990;150.0;2;False;666;3.180803031292162;26.147800300300304;6.815960267968531;2.02608695652174;7.838356164383562;8.84204722449027;16.680403388873835;15.78468850137249;20.60272742353381;6316.599872670661;3455.599872670661;1.5675760166412651;False;True;0.2888442689206815
1114639;1976_1990;195.0;5;False;646;3.2776545183290704;25.13891021671827;7.072593331429127;5.065217391304348;12.57945205479452;12.137810722733475;24.717262777527996;24.696865144285884;29.031495886395906;4745.40131530445;153.90131530444987;1.017058824149963;True;False;0.17536855844939694
671781;pre1975;180.0;4;False;464;4.407009635807096;28.284771551724138;12.926013882588268;9.320000000000002;11.09041095890411;22.246013882588272;33.33642484149238;29.90337475644302;41.60623164811275;2204.146549234591;-1843.8534507654088;0.8484644555081182;False;False;0.35105314823993045
768113;1976_1990;150.0;2;True;908;4.278681374896252;18.584830396475773;10.374385762433281;2.02608695652174;7.838356164383562;12.40047271895502;20.238828883338584;18.117164562144286;25.102982658167907;2257.2905522950746;-603.709447704926;0.9182759784967376;True;False;0.3451690874156571
122850;2001_2010;220.0;1;False;913;3.898378446592695;22.9286286966046;5.900080621493201;2.33;6.212328767123288;8.230080621493201;14.44240938861649;13.11728186672673;17.955839556276604;5364.970047415661;3097.4700474156607;1.5875902752539996;False;True;0.33502427187555195
461104;1991_2000;210.0;3;False;767;4.362096508134459;20.04379009126467;9.251687140871844;3.0391304347826082;9.464383561643835;12.290817575654453;21.755201137298286;21.251341495004873;25.144379737259708;2829.834968197729;-624.6650318022705;0.9213332464621767;False;False;0.17894747181079385
112810;1991_2000;180.0;4;True;851;3.8071850934109914;31.142971797884844;7.483257812180867;4.052173913043478;11.09041095890411;11.535431725224345;22.625842684128457;22.619908433349327;26.920683648119;7156.752126521082;3108.752126521081;1.3764336750971475;False;True;0.19008243250036266
610891;2001_2010;240.0;4;False;824;3.701072437385676;33.94351577669903;7.521442636531437;9.319999999999999;11.09041095890411;16.841442636531436;27.93185359543555;27.798490638730733;32.23815359740181;6242.256696161172;2194.256696161171;1.2152260379255988;False;True;0.158946234753163
858577;1976_1990;180.0;1;False;1127;3.793147570181192;25.89477107364685;8.473143827777756;2.3299999999999996;6.212328767123288;10.803143827777756;17.015472594901045;14.892732500987945;21.10229843698388;5508.443944742219;3240.943944742219;1.5218367241475637;False;True;0.36493643660868574
8399121;2001_2010;168.0;4;False;478;4.868294979079498;28.97189539748954;7.062224926786715;9.320000000000002;11.09041095890411;16.38222492678672;27.472635885690828;26.94543398561689;31.42524480572776;4595.22972180653;547.2297218065299;1.0545728308720317;True;False;0.1630644703606394
108987;2001_2010;180.0;3;False;512;5.861366833673007;32.3279296875;9.413904428684976;6.989999999999999;9.464383561643835;16.403904428684974;25.86828799032881;25.029251181785583;29.814106139913246;5812.2692194674855;2357.7692194674855;1.2497127641220869;False;True;0.18496991219196812
788488;2001_2010;250.0;3;False;599;5.208797996661102;23.861664440734558;11.408728981096893;3.0391304347826082;9.464383561643835;14.4478594158795;23.912242977523334;23.263445535170202;28.13013958161836;3436.0388340720956;-18.461165927903522;0.997884826746018;True;False;0.2035231095227109
865116;1976_1990;200.0;2;True;726;3.410258284425281;23.21919008264463;9.128891170792738;4.659999999999999;7.838356164383562;13.788891170792738;21.6272473351763;20.4735322324093;25.433202363168554;3442.0591028259405;581.0591028259406;1.0736082000079161;True;False;0.2293250756277451
991118;1976_1990;234.5;2;False;1569;3.9848345387535673;51.17662205226259;9.773223711725567;4.66;7.838356164383562;14.433223711725567;22.27157987610913;21.493344654766307;26.536660214385357;13411.340394296012;10550.340394296012;2.2978442632693556;False;True;0.22644624169788005
816910;1991_2000;180.0;3;False;476;6.181615515771527;40.8927731092437;11.647247744724119;6.989999999999999;9.464383561643835;18.637247744724117;28.101631306367953;27.64367020620173;32.02943408837792;8123.266758049647;4668.766758049647;1.455174351389957;False;True;0.1560679461758633
1001228;2001_2010;170.0;3;False;295;2.4354654875951853;23.96304406779661;3.590385838760717;3.0391304347826087;9.464383561643835;6.6295162735433255;16.09389983518716;15.801893373476263;19.313622761019843;6326.73764490245;2872.2376449024496;1.4889519826266484;False;True;0.2182025129711354
107461;1976_1990;120.0;2;False;577;2.690849345691106;21.520972270363952;4.047687224009463;2.026086956521739;7.838356164383562;6.073774180531203;13.912130344914765;12.5486445904249;17.724745607659013;5638.227302788953;2777.2273027889532;1.5469214086418053;False;True;0.3720566792364844
106100;1976_1990;140.0;2;False;742;3.3471929762881363;17.25543665768194;7.045964190971054;2.02608695652174;7.838356164383562;9.072051147492793;16.910407311876355;15.355872064782817;20.871092857889415;2986.9357112190387;125.93571121903864;1.0204033728722353;True;False;0.32614358077780903
5845834;2001_2010;180.0;4;False;557;3.2924055759373454;26.735978456014365;4.208442551638949;4.05217391304348;11.09041095890411;8.260616464682428;19.351027423586537;19.315352469490705;22.96520348459642;6743.507126836157;2695.5071268361576;1.3816309527537787;False;True;0.18861277673851012
1111201;pre1975;250.0;4;True;866;4.055902065133715;68.88914318706698;19.45621035412585;9.320000000000004;11.09041095890411;28.776210354125855;39.86662131302997;39.42472925729715;48.56408086479652;14641.220484023512;10593.22048402351;1.7279905073006856;False;True;0.22924821082122337
8612210;1976_1990;300.0;6;True;582;3.673981796902236;25.341006872852233;10.146443472350134;6.078260869565217;14.068493150684931;16.224704341915352;30.293197492600285;29.817674139551087;36.15462286478778;3327.450423791962;-1807.5495762080388;0.8365246646228837;False;False;0.2091871855648325
7211010;pre1975;180.0;4;True;579;3.6930179720157192;29.643431778929187;12.03652274205474;4.05217391304348;11.09041095890411;16.088696655098218;27.179107614002326;24.73562627630482;35.44239820173605;4947.478320198304;899.4783201983042;1.090669796813243;True;False;0.39393390237416165
1211151;pre1975;245.0;4;True;910;4.196328961618092;30.790403296703296;17.10610472007067;4.05217391304348;11.09041095890411;21.15827863311415;32.24868959201826;28.721884628618675;44.510295931458806;3515.725502210038;-532.2744977899615;0.9547799828841449;True;False;0.48958303430561273
7771161;pre1975;240.0;3;False;887;3.8317206182703463;70.64288049605412;19.827732984545715;3.0391304347826082;9.464383561643835;22.866863419328325;32.33124698097216;27.659795731668837;41.54133230284662;17438.246233004913;13983.746233004915;2.184972343863799;False;True;0.42935357795965784
5769106;post2010;200.0;4;False;582;3.673981796902236;23.49482474226804;3.8469442152373414;4.052173913043479;11.09041095890411;7.89911812828082;18.98952908718493;19.012595128054702;22.647978316359197;5692.432914105335;1644.4329141053352;1.2372515734538938;False;True;0.19144146079735228
901187;pre1975;180.0;2;False;1448;3.5595957742813673;29.733950966850827;17.403245532109768;2.02608695652174;7.838356164383562;19.42933248863151;27.26768865301507;26.00531252430883;35.00265836532065;3761.185744550051;900.1857445500509;1.0904463280778678;True;False;0.32996364141839185
7411491;1991_2000;180.0;4;False;1132;3.7661865237875762;20.783779151943463;7.609801109463304;4.052173913043478;11.09041095890411;11.661975022506782;22.752385981410892;22.677214292199267;26.60311960099546;3329.4585072443883;-718.5414927556117;0.9134769060670904;False;False;0.17254916965648032
1071058;post2010;250.0;4;False;1059;3.531261738583022;34.03231539187913;5.558112671185467;4.052173913043478;11.09041095890411;9.610286584228945;20.700697543133053;20.560680217980703;24.494893577535564;8914.040514792317;4866.040514792318;1.6440178076592649;False;True;0.19005221207436745
1091217;2001_2010;150.0;6;False;1038;3.4782180684705812;19.625136801541426;3.9137541582923348;6.0782608695652165;14.068493150684931;9.992015027857551;24.060508178542484;24.549136384361855;28.712240121295327;3516.0894473946146;-1618.910552605386;0.8156576185304104;False;False;0.1730264259607862
7069411;1991_2000;190.0;4;False;997;3.5918107801665866;29.74669709127382;7.5817289125680905;4.052173913043478;11.09041095890411;11.633902825611568;22.72431378451568;22.7428507550014;27.181098625429165;6611.169906966722;2563.169906966721;1.3090250985507508;False;True;0.19530833417077628
679810;1976_1990;320.0;2;False;1147;3.8709733899397296;24.182837837837837;9.813392990111227;2.02608695652174;7.838356164383562;11.839479946632967;19.67783611101653;18.824142789866006;23.24993771904818;4505.325630289778;1644.3256302897778;1.2289378619379399;False;True;0.22491268370227038
721074;post2010;134.0;1;False;1101;3.6065983756532267;13.017502270663034;3.2627919151626155;1.01304347826087;6.212328767123288;4.275835393423486;10.488164160546773;9.026826833084368;13.2096488813872;3190.708410192435;923.2084101924349;1.241161186209389;True;False;0.3988135563359423
712718;1976_1990;200.0;2;False;1122;3.8258845036038127;24.31212299465241;9.309007125820827;2.02608695652174;7.838356164383562;11.335094082342566;19.173450246726127;18.173467607517725;23.032346494562606;4736.615552993093;1875.6155529930932;1.2680098094918368;False;True;0.25341703368565793
7211189;pre1975;202.0;5;False;1132;3.761916794694526;38.58671996466431;12.050166203783231;5.0652173913043494;12.57945205479452;17.11538359508758;29.6948356498821;26.792846348226526;37.85754001974309;7837.037774895507;3245.5377748955066;1.2994421124138302;False;True;0.3726133999182614
811080;1976_1990;190.0;2;False;1039;3.4748704091169045;34.272207892204044;8.938373958572564;2.02608695652174;7.838356164383562;10.964460915094303;18.802817079477865;17.82655165446544;22.562925406806258;8507.327646645055;5646.327646645055;1.8227166571550644;False;True;0.2518970286378142
5831058;pre1975;160.0;4;False;1118;3.8090248762023284;24.268602862254024;13.753757618129981;4.05217391304348;11.09041095890411;17.80593153117346;28.896342490077572;26.86764934331742;38.78632311352644;2358.875035844406;-1689.124964155595;0.839850332982016;False;False;0.4124630573679578
760117;1976_1990;155.0;2;False;1103;3.6130989527901507;35.129248413417955;7.187557207328077;2.02608695652174;7.838356164383562;9.213644163849818;17.05200032823338;15.769031937276933;21.21513444104128;9459.19555109237;6598.19555109237;2.0601247793347546;False;True;0.31938203137066046
468980;pre1975;160.0;2;False;1219;4.123777532070716;20.398571780147662;16.224951267848184;2.02608695652174;7.838356164383562;18.251038224369925;26.089394388753487;22.399547458689202;35.61994773613194;783.8497478588743;-2077.1502521411257;0.7818721843900294;False;False;0.506734655486742
103721;2001_2010;160.0;2;False;1041;3.4688508053850113;26.704471661863593;3.983236671035939;2.02608695652174;7.838356164383562;6.009323627557679;13.84767979194124;12.982509493802713;16.7799368854392;7553.729032521659;4692.729032521658;1.9284437583113712;False;True;0.2742284230060278
821088;1991_2000;220.0;2;False;1036;3.4831671702758658;24.847171814671814;5.769517205658017;2.02608695652174;7.838356164383562;7.795604162179757;15.633960326563319;14.450897373660936;19.11443143798623;6223.822193159601;3362.822193159601;1.589307590377758;False;True;0.29829511952909243
796869;2001_2010;150.0;2;False;1045;3.4634118230358504;15.375089952153111;4.989677137781715;2.02608695652174;7.838356164383562;7.015764094303455;14.854120258687017;14.019230471642896;17.978680658994435;3051.1539381151247;190.15393811512445;1.035072403103874;True;False;0.2665556841062981
727690;1976_1990;157.0;2;False;503;3.3559712305874894;24.249667992047716;7.044298717815135;2.02608695652174;7.838356164383562;9.070385674336874;16.908741838720438;15.414270803791451;21.212326786303233;5540.438045964457;2679.4380459644563;1.4341497565783876;False;True;0.3429028627803893
669010;1976_1990;170.0;1;False;758;3.4545411456540855;78.5919511873351;8.450655919611073;2.3299999999999996;6.212328767123288;10.780655919611073;16.99298468673436;15.402613903390316;21.589169447031054;24751.122772719267;22483.62277271927;4.624964515426664;False;True;0.36406526915017445
9889114;pre1975;200.0;4;False;874;3.063642465094684;35.563243707093825;13.32354675276767;4.05217391304348;11.09041095890411;17.37572066581115;28.46613162471526;24.25137094960842;37.03320476874158;6638.445910068176;2590.4459100681765;1.249317756832706;True;False;0.44901899519201033
7984107;pre1975;120.0;2;False;712;4.538089887640449;32.55018117977528;12.27751672688007;2.02608695652174;7.838356164383562;14.303603683401809;22.141959847785373;21.092632652431853;27.987001966534002;6660.000786176316;3799.000786176316;1.470067753872787;False;True;0.31137123188269716
721077;1976_1990;234.0;3;False;1140;3.814088285024155;29.7089;8.74651478117989;3.0391304347826082;9.464383561643835;11.785645215962498;21.25002877760633;20.25514184761653;27.141367411808908;6541.987996173689;3087.4879961736888;1.3980639890383482;False;True;0.32405723475768683
658466;1976_1990;162.0;2;False;962;3.4421285666937838;14.062115384615383;6.448714643918774;2.02608695652174;7.838356164383562;8.474801600440514;16.313157764824076;15.333929151819286;19.50172557802441;2039.3695312238272;-821.630468776173;0.8620106289254067;False;False;0.25548679699476134
112120;1976_1990;136.0;2;False;1284;3.7594248273059736;14.46554906542056;7.602955573489203;2.02608695652174;7.838356164383562;9.629042530010944;17.467398694394504;16.61119877846416;20.930925398114734;1765.3248854245103;-1095.6751145754893;0.828145582436538;False;False;0.24730222829555185
1159664;pre1975;152.0;4;False;454;4.389148247462172;33.746715859030836;14.163100488221406;4.05217391304348;11.09041095890411;18.215274401264885;29.305685360168994;25.52434599048108;38.72055346185873;5668.976132084572;1620.9761320845723;1.1515416017158875;True;False;0.4502951324698707
122887;2001_2010;232.0;3;False;1099;3.624955183236407;29.62284440400364;7.214191731719455;3.0391304347826096;9.464383561643835;10.253322166502064;19.7177057281459;19.4608419941681;23.40909881259034;7069.875616688076;3615.3756166880744;1.5023474238039123;False;True;0.2002391593047425
706817;2001_2010;168.0;3;False;1045;3.4597834338811455;32.593960765550236;4.905392456434215;3.0391304347826087;9.464383561643835;7.944522891216824;17.40890645286066;17.061074480829312;20.76086790645725;8997.044824131695;5542.544824131695;1.872257792515988;False;True;0.21252302295070244
748773;1976_1990;200.0;2;False;317;2.9942124079915877;18.98772239747634;7.285411939633716;2.02608695652174;7.838356164383562;9.311498896155456;17.149855060539018;16.28026514864442;20.58627983899359;3531.8215779821226;670.8215779821224;1.1071651818892723;True;False;0.25108169574313777
100119;1976_1990;160.0;3;False;274;3.344338199513382;28.882058394160584;7.164324374155433;3.0391304347826082;9.464383561643835;10.20345480893804;19.667838370581876;19.246431544928072;23.575040092346295;6817.690308606228;3363.1903086062284;1.4684917503369794;False;True;0.2200856274013686
8087988;2001_2010;198.0;2;False;387;5.074782046961015;33.75986821705426;8.560009020924792;4.659999999999999;7.838356164383562;13.220009020924792;21.058365185308354;20.165709545049385;24.857896411712083;7497.0486065872565;4636.0486065872565;1.6031571263949436;False;True;0.22281819245571183
5610182;1991_2000;140.0;2;False;373;3.7252663869137814;31.47072922252011;6.017367747881353;4.660000000000001;7.838356164383562;10.677367747881355;18.515723912264917;17.629199918165593;21.569968633734394;7589.576938243145;4728.576938243145;1.6996758739567144;False;True;0.2128336290950209
6901131;2001_2010;195.0;4;False;504;4.207008741660915;35.506323412698414;7.86011599048182;9.320000000000002;11.09041095890411;17.180115990481823;28.270526949385932;27.649319575477072;32.688466178971005;6689.065709109055;2641.065709109056;1.2559484114416075;False;True;0.17824735324232746
7474976;pre1975;180.0;2;False;1075;2.7859107516009436;30.734422325581395;9.240382823139411;2.02608695652174;7.838356164383562;11.26646977966115;19.104825944044713;16.237882529755034;25.528593046785293;7105.802679260889;4244.802679260889;1.6087255866972092;False;True;0.48630176188160074
801031;2001_2010;120.0;2;False;952;3.6031630130312995;26.784920168067227;4.394736228353331;2.02608695652174;7.838356164383562;6.42082318487507;14.259179349258632;13.494165274456032;17.331047181805854;7432.8953988651365;4571.895398865137;1.8784334997132803;False;True;0.2690815378200086
730976;1991_2000;130.0;3;True;336;4.092657587129055;32.40291964285714;5.884512612264254;3.0391304347826087;9.464383561643835;8.923643047046863;18.388026608690698;17.9727003588867;22.063739271585018;8569.935957470752;5115.435957470752;1.7621749376598472;False;True;0.2224838477645435
104118;1976_1990;150.0;3;False;456;2.712343138189677;26.126394736842105;6.0429185688474325;6.989999999999998;9.464383561643835;13.032918568847432;22.497302130491267;22.256304896873775;26.919046349223823;4779.118801318055;1324.6188013180558;1.1613123469339117;True;False;0.20725780474941902
119498;1976_1990;131.0;3;False;436;4.10716354208217;48.68648165137615;8.110865661847027;3.0391304347826096;9.464383561643835;11.149996096629637;20.61437965827347;19.60655430073898;25.613621956937934;13700.817227482477;10246.317227482477;2.3617728235560116;False;True;0.29140181542101595
767371;1976_1990;180.0;2;False;425;3.996594049445865;17.338456470588234;8.927603151642721;2.02608695652174;7.838356164383562;10.95369010816446;18.79204627254802;17.333720423161186;23.11594710742847;2330.4397222846774;-530.5602777153221;0.9226486684378149;True;False;0.3076954260544864
841211;pre1975;112.0;2;True;715;3.7098939596635248;27.597025174825173;8.624696349168877;2.02608695652174;7.838356164383562;10.650783305690616;18.48913947007418;15.487920997932196;23.947387502010326;6185.378282234114;3324.378282234113;1.492607334132163;False;True;0.45753705940562034
611629;pre1975;108.0;2;False;897;3.899378273795098;27.3724381270903;12.016663139793986;2.0260869565217385;7.838356164383562;14.042750096315725;21.881106260699287;18.81175265843579;28.025953299148014;4865.336131232721;2004.3361312327204;1.2509622594472753;True;False;0.4211030526030521
8190108;2001_2010;160.0;3;False;760;3.466130072463768;37.95568157894737;4.85186234305975;6.989999999999998;9.464383561643835;11.841862343059748;21.306245904703584;21.000446487930052;25.036020156519715;9531.544021098982;6077.044021098982;1.781434502760913;False;True;0.18940801146478678
105714;1976_1990;145.0;3;False;630;3.4174835518748563;31.9448873015873;7.359032270139788;3.0391304347826082;9.464383561643835;10.398162704922395;19.86254626656623;18.99927813946469;24.598885669976124;7864.554477782691;4410.054477782691;1.6082976911856843;False;True;0.28191790998805694
698983;pre1975;140.0;4;True;318;3.2276818658280924;31.55476100628931;9.794388607446662;9.320000000000002;11.09041095890411;19.114388607446664;30.204799566350772;27.681014817890382;36.94580613378361;4540.735925577566;492.73592557756683;1.044693606953858;True;False;0.3067324216319098
7646451;post2010;219.0;5;True;341;3.0835361681329427;13.796193548387098;4.49858241894535;5.065217391304349;12.57945205479452;9.563799810249698;22.14325186504422;22.3330990382759;26.165543115641963;1544.823714420151;-3046.6762855798497;0.6230427957226122;False;False;0.17307503435916002
477661;2001_2010;230.0;4;False;822;4.00693494128848;29.91109732360097;6.545062746819553;9.319999999999999;11.09041095890411;15.86506274681955;26.955473705723662;27.07582298091133;31.18771777895564;5126.802620525218;1078.8026205252172;1.1096483649348636;True;False;0.15254396353536168
7747482;1976_1990;200.0;2;False;383;3.664554149165626;24.189613577023497;8.078505310595446;4.66;7.838356164383562;12.738505310595446;20.576861474979008;19.519905923062524;24.14036571862423;4179.654517246238;1318.6545172462384;1.1755735249730632;False;True;0.22454638192418608
776736;pre1975;180.0;2;True;344;3.0341637175598244;17.47554941860465;12.008244335788975;2.0260869565217385;7.838356164383562;14.034331292310714;21.872687456694276;19.083218119541137;28.18697600626392;1256.0446160972867;-1604.9553839027133;0.7989667229143416;False;False;0.41621578988623636
310610;1976_1990;160.0;2;False;954;3.428853674839729;19.892056603773586;7.726583227012072;2.02608695652174;7.838356164383562;9.752670183533812;17.591026347917374;16.82437863210523;21.201358915653998;3700.8760433875173;839.8760433875173;1.1308070495914317;True;False;0.24881892602400454
8773113;1976_1990;160.0;1;False;457;4.575582120318397;30.046833698030635;11.659945116709997;1.01304347826087;6.212328767123288;12.672988594970867;18.885317362094156;16.653043879506612;23.45583559358895;6341.453462616815;4073.953462616815;1.5910155557321701;False;True;0.36021590655058977
897731;pre1975;639.0;2;False;212;4.3485982704402515;78.19843867924529;41.15502963127494;2.026086956521737;7.838356164383562;43.18111658779668;51.01947275218024;38.0553502070718;69.32100412229164;12781.32256337874;9920.32256337874;1.5327174990436097;False;True;0.612818052179572
1191021;pre1975;380.0;3;False;398;3.916193649406453;62.047233668341704;27.771954500549803;3.0391304347826082;9.464383561643835;30.81108493533241;40.275468496976245;31.36552262398707;60.01744987359304;11401.194287548393;7946.694287548393;1.5405713697160348;False;True;0.71139898103872
9097838;1976_1990;213.5;5;True;944;3.7934696481208547;24.19392690677966;10.08757961956016;5.065217391304347;12.57945205479452;15.152797010864507;27.732249065659026;27.7179688230446;33.636424260469845;3300.0124120090304;-1291.4875879909691;0.8724112800767794;False;False;0.21341418878117951
699801;1976_1990;225.0;2;True;247;1.48746992900311;20.39593927125506;4.2404934612214635;2.026086956521739;7.838356164383562;6.266580417743203;14.104936582126765;13.114195244779552;17.75947612059474;5157.215981531827;2296.2159815318278;1.4460142484511425;False;True;0.3293372393961353
876790;2001_2010;180.0;3;False;902;3.9701057071242647;38.738015521064305;6.486103876294749;6.989999999999999;9.464383561643835;13.476103876294747;22.940487437938582;22.4486464671032;26.698234177104943;9220.597750340889;5766.0977503408885;1.6886308813560797;False;True;0.18524400239961117
1015877;pre1975;170.0;2;True;864;4.025471089975845;23.910495370370374;16.519076315104655;2.02608695652174;7.838356164383562;18.545163271626397;26.38351943600996;20.65819802364484;36.99684926021005;1958.3462160415515;-902.6537839584486;0.9062663314635636;True;False;0.6192748953069978
1141047;1991_2000;148.0;2;True;468;4.73462595999009;14.757974358974359;8.432796080641433;2.02608695652174;7.838356164383562;10.458883037163172;18.297239201546734;17.16436103161247;21.689305955741748;1569.168332461083;-1291.8316675389171;0.8065683678511899;False;False;0.2473020587579556
