Household_ID;era;renovated;area_m2;huellzahl;b_ground_en12831;live_W_m2;S0;S1;S2;D1;bench;r_S0;r_S1;r_S2;r_D1
120701;1976_1990;False;236.0;1.8990609703641566;0.4433593835818529;60.21446328873976;60.21446328873976;56.032463288739756;54.746406284349874;44.291406284349875;45.0;1.338099184194217;1.2451658508608834;1.216586806318886;0.9842534729855528
412211;1991_2000;False;300.0;1.58;0.4433593835818529;40.70700000000001;40.70700000000001;36.525000000000006;36.213476609700194;25.758476609700192;35.0;1.163057142857143;1.0435714285714288;1.0346707602771483;0.7359564745628626
706646;2001_2010;False;160.0;2.9625;0.44337695751623407;50.187000000000005;50.187;46.005;45.58032718137176;35.12532718137176;32.5;1.5442153846153845;1.4155384615384616;1.4024716055806694;1.080779297888362
1078861;pre1975;False;160.0;1.5033682768657517;0.44337695751623407;75.52341521306293;75.52341521306293;71.34141521306294;69.04303249620064;58.588032496200626;60.0;1.2587235868843822;1.1890235868843824;1.1507172082700106;0.9764672082700104
190821;post2010;False;155.0;2.0714200557966205;0.4433593835818529;29.551224401735663;29.551224401735663;25.36922440173567;25.060211492457405;14.605211492457409;25.0;1.1820489760694266;1.014768976069427;1.0024084596982963;0.5842084596982964
105898;1976_1990;True;160.0;1.9574767078498865;0.4433593835818529;55.74401086484761;55.74401086484761;51.562010864847615;50.967284392457074;40.51228439245707;45.0;1.2387557969966136;1.1458224636632803;1.1326063198323795;0.900272986499046
889410;2001_2010;False;240.0;2.2939849245279436;0.5737494323061776;42.16481909433533;42.16481909433533;37.982819094335326;38.63181409862969;28.17681409862969;32.5;1.2973790490564716;1.1687021259795485;1.1886712030347597;0.8669788953424521
1178890;2001_2010;False;210.0;2.0;0.4433593835818529;38.637;38.637;34.455;33.78178581628717;23.32678581628717;32.5;1.1888307692307691;1.060153846153846;1.0394395635780667;0.717747255885759
731201;1976_1990;True;255.0;1.865765415893293;0.5737494323061776;49.62010154799925;49.62010154799925;45.438101547999246;46.73038721381077;36.275387213810774;45.0;1.1026689232888722;1.0097355899555387;1.0384530491957948;0.8061197158624617
1228011;2001_2010;False;120.0;2.1442740046346698;0.44337695751623407;40.36828805561604;40.36828805561604;36.18628805561604;35.84654980071345;25.39154980071345;32.5;1.242101170942032;1.1134242478651089;1.1029707630988752;0.7812784554065677
114117;1991_2000;False;260.0;1.823076923076923;0.44337695751623407;44.717769230769235;44.717769230769235;40.53576923076923;40.17643069192995;29.72143069192995;35.0;1.2776505494505497;1.1581648351648353;1.1478980197694273;0.8491837340551415
758039;1976_1990;False;150.0;2.3914476736324866;0.4433593835818529;72.03174416717968;72.03174416717968;67.84974416717968;67.26068175643096;56.80568175643096;45.0;1.6007054259373263;1.5077720926039928;1.4946818168095768;1.2623484834762435
8627071;2001_2010;False;250.0;1.958179568882333;0.43458678420882885;38.13515482658799;38.13515482658799;33.953154826588;33.48217967289157;23.027179672891567;32.5;1.1733893792796306;1.0447124562027077;1.0302209130120483;0.7085286053197405
867211;1991_2000;False;245.0;2.2680861847988942;0.44337695751623407;52.06042204918175;52.06042204918175;47.87842204918176;46.802007528024035;36.34700752802403;35.0;1.4874406299766214;1.3679549156909074;1.337200215086401;1.0384859293721151
1114677;post2010;False;220.0;2.1162483937722882;0.5737494323061776;29.873988435160474;29.873988435160474;25.69198843516048;26.029894924999695;15.574894924999692;25.0;1.194959537406419;1.0276795374064192;1.0411957969999879;0.6229957969999876
611797;1976_1990;True;275.0;1.5272727272727273;0.43458678420882885;43.27336363636364;43.27336363636364;39.09136363636364;38.16368530332521;27.708685303325208;45.0;0.9616303030303032;0.8686969696969697;0.8480818956294491;0.6157485622961157
1137376;1976_1990;False;200.0;2.117043345827187;0.44337695751623407;65.4460402998525;65.4460402998525;61.264040299852496;59.34606533488054;48.89106533488055;45.0;1.4543564511078333;1.3614231177745;1.3188014518862343;1.086468118552901
779742;pre1975;True;650.0;1.3490762119232476;0.4433593835818529;59.156514993467184;59.156514993467184;54.974514993467174;54.03994482256774;43.58494482256774;60.0;0.9859419165577864;0.9162419165577862;0.9006657470427957;0.7264157470427957
700831;1976_1990;False;450.0;1.831384387633061;0.4367851188401936;58.59022530319347;58.59022530319347;54.40822530319347;53.396787204636574;42.941787204636576;45.0;1.3020050067376328;1.2090716734042992;1.186595271214146;0.9542619378808128
1191127;2001_2010;False;220.0;1.7110350015768543;0.43458678420882885;35.16942001892225;35.16942001892225;30.987420018922254;30.328871588344448;19.87387158834445;32.5;1.0821360005822231;0.9534590775053001;0.9331960488721369;0.6115037411798292
121798;1976_1990;False;207.0;1.4451260903149783;0.4433593835818529;49.32002616755948;49.32002616755948;45.13802616755948;44.19463030323633;33.73963030323633;45.0;1.0960005815013218;1.0030672481679885;0.982102895627474;0.7497695622941407
114671;pre1975;True;260.0;1.6972226608515917;0.43458678420882885;70.64534780810253;70.64534780810253;66.46334780810254;65.38402974754821;54.929029747548206;60.0;1.1774224634683754;1.1077224634683758;1.0897338291258036;0.9154838291258034
1121037;2001_2010;False;150.0;1.9970765814495917;0.44337695751623407;38.601918977395094;38.601918977395094;34.4199189773951;34.08018072249251;23.62518072249251;32.5;1.1877513531506183;1.0590744300736954;1.0486209453074617;0.7269286376151541
120912;pre1975;True;300.0;1.58;0.4433593835818529;66.777;66.777;62.595;61.97195321940038;51.516953219400385;60.0;1.11295;1.04325;1.0328658869900065;0.8586158869900065
9880798;1991_2000;False;150.0;2.027350647362943;0.4433593835818529;48.08828568148856;48.08828568148856;43.90628568148856;43.59476229118876;33.13976229118876;35.0;1.3739510194711015;1.2544653051853876;1.2455646368911073;0.9468503511768217
680861;1991_2000;False;400.0;1.3892027881893227;0.4433593835818529;37.558846005123826;37.558846005123826;33.376846005123824;32.71733748462009;22.26233748462009;35.0;1.0731098858606807;0.9536241715749664;0.9347810709891454;0.6360667852748597
468185;1976_1990;True;300.0;1.48305197459637;0.4433593835818529;45.78109146652376;45.78109146652376;41.59909146652376;40.423077774225725;29.968077774225723;45.0;1.0173575881449726;0.9244242548116391;0.8982906172050161;0.6659572838716827
674801;1991_2000;False;150.0;2.027350647362943;0.4433593835818529;48.08828568148856;48.08828568148856;43.90628568148856;43.59476229118876;33.13976229118876;35.0;1.3739510194711015;1.2544653051853876;1.2455646368911073;0.9468503511768217
781007;1976_1990;False;200.0;1.83;0.4433593835818529;58.556999999999995;58.556999999999995;54.375;53.69531260298223;43.24031260298223;45.0;1.3012666666666666;1.2083333333333333;1.1932291689551606;0.9608958356218273
761079;1976_1990;False;250.0;1.896;0.4433593835818529;60.141;60.141;55.95900000000001;55.41525008238579;44.96025008238579;45.0;1.3364666666666667;1.2435333333333336;1.2314500018307952;0.9991166684974621
107998;1976_1990;True;230.0;1.757105192899539;0.4433593835818529;51.53620905089031;51.53620905089031;47.35420905089031;46.75948257849977;36.304482578499766;45.0;1.1452490900197847;1.0523157566864514;1.0390996128555505;0.806766279522217
461089;1976_1990;False;235.0;1.9071420808763446;0.4433593835818529;60.40840994103227;60.40840994103227;56.226409941032266;54.93488035364498;44.47988035364498;45.0;1.3424091098007171;1.2494757764673836;1.2207751189698883;0.988441785636555
711368;pre1975;True;250.0;1.7048529616651584;0.4367851188401936;70.89714773495022;70.89714773495022;66.71514773495022;66.0058767683372;55.5508767683372;60.0;1.181619128915837;1.111919128915837;1.1000979461389533;0.9258479461389533
114109;1976_1990;False;200.0;1.83;0.4433593835818529;58.556999999999995;58.556999999999995;54.375;53.69531260298223;43.24031260298223;45.0;1.3012666666666666;1.2083333333333333;1.1932291689551606;0.9608958356218273
107114;1976_1990;True;185.0;2.0347443261995024;0.4433593835818529;57.36663085018955;57.36663085018955;53.18463085018955;51.99793563509506;41.54293563509507;45.0;1.2748140188931012;1.1818806855597677;1.1555096807798901;0.9231763474465571
671048;2001_2010;False;240.0;1.7074767078498865;0.4433593835818529;35.126720494198636;35.126720494198636;30.94472049419864;30.718158028526048;20.26315802852605;32.5;1.0808221690522657;0.9521452459753428;0.9451740931854169;0.6234817854931092
109711;1991_2000;True;160.0;2.3538149682454623;0.44337695751623407;42.88277961894555;42.88277961894555;38.700779618945546;38.021303109140355;27.566303109140357;35.0;1.2252222748270156;1.1057365605413014;1.0863229459754387;0.7876086602611531
7610179;1991_2000;True;280.0;1.662766595106798;0.5737494323061776;34.59019914128158;34.59019914128158;30.408199141281575;30.85069573511864;20.395695735118643;35.0;0.9882914040366165;0.8688056897509021;0.8814484495748184;0.5827341638605327
6569121;2001_2010;False;150.0;2.101206394693739;0.5737494323061776;39.85147673632486;39.85147673632486;35.66947673632487;36.566696893602234;26.111696893602232;32.5;1.2261992841946112;1.0975223611176883;1.125129135187761;0.8034368274954533
5011111;pre1975;False;286.0;1.634788997596445;0.5737494323061776;80.84595440265602;80.84595440265602;76.66395440265602;79.10586112434316;68.65086112434318;60.0;1.3474325733776003;1.2777325733776004;1.3184310187390527;1.144181018739053
5661171;2001_2010;False;250.0;2.778503044449283;0.45694795297366486;47.979036533391394;47.979036533391394;43.7970365333914;43.30107695164802;32.84607695164802;32.5;1.4762780471812738;1.3476011241043508;1.3323408292814776;1.0106485215891698
110119;2001_2010;False;130.0;2.0895751335634514;0.43458678420882885;39.711901602761415;39.711901602761415;35.52990160276141;35.13742230801439;24.682422308014388;32.5;1.2219046647003513;1.0932277416234282;1.081151455631212;0.7594591479389042
102766;2001_2010;False;216.0;2.5;0.5737494323061776;44.63699999999999;44.63699999999999;40.455000000000005;41.5759913710539;31.120991371053904;32.5;1.3734461538461535;1.2447692307692308;1.2792612729555046;0.957568965263197
105900;2001_2010;False;240.0;1.7359006035092992;0.5737494323061776;35.46780724211159;35.46780724211159;31.28580724211159;31.728303835948658;21.273303835948656;32.5;1.091317145911126;0.9626402228342028;0.9762555026445741;0.6545631949522663
826780;pre1975;True;150.0;1.9970765814495917;0.4433593835818529;74.54929744348775;74.54929744348775;70.36729744348774;69.51768819721553;59.062688197215536;60.0;1.2424882907247958;1.1727882907247957;1.1586281366202589;0.984378136620259
698310;pre1975;True;200.0;2.0489720494198638;0.4433593835818529;76.10616148259592;76.10616148259592;71.92416148259592;71.24447408557815;60.78947408557815;60.0;1.268436024709932;1.198736024709932;1.1874079014263024;1.0131579014263026
24611;pre1975;True;160.0;1.9574767078498865;0.45074103325734965;79.23373135904627;79.23373135904627;75.05173135904627;74.23895840779254;63.78395840779253;60.0;1.320562189317438;1.2508621893174379;1.2373159734632089;1.0630659734632089
6683113;pre1975;True;160.0;1.9574767078498865;0.4367851188401936;79.23373135904627;79.23373135904627;75.05173135904627;74.00868581990946;63.55368581990946;60.0;1.320562189317438;1.2508621893174379;1.233478096998491;1.059228096998491
896968;1976_1990;True;200.0;1.957713556023764;0.4433593835818529;55.74898467649904;55.74898467649904;51.56698467649904;50.91278555686944;40.457785556869446;45.0;1.238866326144423;1.1459329928110897;1.1313952345970986;0.8990619012637655
9981041;2001_2010;False;410.0;1.4489713499363552;0.43458678420882885;32.02465619923626;32.02465619923626;27.842656199236263;27.38640749583937;16.931407495839373;32.5;0.9853740368995773;0.8566971138226542;0.8426586921796729;0.5209663844873653
111710;1991_2000;False;290.0;2.1341978370758796;0.5737494323061776;49.85126431175202;49.85126431175202;45.669264311752016;46.88612994480394;36.43112994480394;35.0;1.424321837478629;1.3048361231929146;1.339603712708684;1.0408894269943982
1027273;2001_2010;False;200.0;1.8074767078498866;0.5737494323061776;36.32672049419863;36.32672049419863;32.14472049419864;32.926161233557224;22.471161233557222;32.5;1.1177452459753425;0.9890683228984196;1.0131126533402224;0.6914203456479145
6981151;pre1975;True;240.0;1.7552395417911693;0.43458678420882885;72.55990487910859;72.55990487910859;68.37790487910858;66.9355826276547;56.48058262765469;60.0;1.209331747985143;1.139631747985143;1.115593043794245;0.9413430437942448
876511;1991_2000;False;500.0;1.43305197459637;0.5737494323061776;38.2823575808401;38.2823575808401;34.10035758084011;34.70879039736607;24.25379039736607;35.0;1.09378164516686;0.9742959308811461;0.9916797256390306;0.6929654399247449
7412010;2001_2010;False;250.0;1.7703689233046325;0.5737494323061776;35.88142707965559;35.88142707965559;31.699427079655592;32.479059677203516;22.024059677203518;32.5;1.1040439101432489;0.975366987066326;0.9993556823754928;0.6776633746831852
7101112;post2010;True;200.0;1.83;0.5737494323061776;27.813;27.813;23.631;23.89649795630224;13.441497956302241;25.0;1.11252;0.94524;0.9558599182520896;0.5376599182520896
6810910;1976_1990;True;160.0;2.131058255214004;0.5737494323061776;54.59434228526258;54.59434228526258;50.41234228526257;50.930892981165385;40.47589298116539;45.0;1.2132076063391684;1.1202742730058348;1.1317976218036752;0.899464288470342
9889190;pre1975;True;200.0;2.290467390989841;0.4433593835818529;83.35102172969523;83.35102172969523;79.16902172969522;77.6686276321594;67.2136276321594;60.0;1.3891836954949206;1.3194836954949203;1.2944771272026567;1.1202271272026567
6808461;post2010;False;207.0;1.8001672133263076;0.4433593835818529;27.598203935949414;27.598203935949414;23.41620393594942;23.280266456545863;12.825266456545862;25.0;1.1039281574379765;0.9366481574379768;0.9312106582618346;0.5130106582618345
747511;1991_2000;False;168.0;2.405560680755321;0.4752333678927176;54.32875123246281;54.32875123246281;50.146751232462805;49.8670209680368;39.4120209680368;35.0;1.5522500352132231;1.4327643209275087;1.424772027658194;1.1260577419439086
6773102;pre1975;True;200.0;1.83;0.44337695751623407;69.53699999999999;69.53699999999999;65.355;64.50565436274351;54.050654362743515;60.0;1.15895;1.08925;1.0750942393790586;0.9008442393790586
4710670;pre1975;False;300.0;1.4113622305514582;0.4433593835818529;71.79717033733405;71.79717033733405;67.61517033733406;65.45677881568545;55.00177881568547;60.0;1.1966195056222342;1.1269195056222343;1.0909463135947575;0.9166963135947578
716869;1976_1990;True;155.0;2.426308700626068;0.45074103325734965;65.58948271314743;65.58948271314743;61.407482713147424;60.94031702855583;50.48531702855584;45.0;1.4575440602921652;1.3646107269588317;1.3542292673012406;1.1218959339679075
115508;pre1975;True;170.0;1.9700413729621447;0.45694795297366486;79.64836530775078;79.64836530775078;75.46636530775078;73.60045040343375;63.14545040343375;60.0;1.3274727551291796;1.2577727551291795;1.2266741733905626;1.0524241733905624
781099;1976_1990;False;150.0;1.9970765814495917;0.4752333678927176;62.566837954790195;62.566837954790195;58.3848379547902;58.08763836950282;47.632638369502814;45.0;1.3903741767731155;1.2974408434397822;1.2908364082111738;1.0585030748778403
105768;pre1975;True;294.0;1.777601928765643;0.4433593835818529;67.96505786296929;67.96505786296929;63.783057862969294;62.8351944861758;52.38019448617581;60.0;1.1327509643828215;1.0630509643828217;1.0472532414362634;0.8730032414362635
8010411;post2010;False;375.0;1.6581795688823329;0.43458678420882885;26.575892895952794;26.575892895952794;22.393892895952792;22.20550283447422;11.750502834474224;25.0;1.0630357158381118;0.8957557158381116;0.8882201133789688;0.470020113378969
7086681;2001_2010;False;180.0;1.8884199576606167;0.4433593835818529;37.2980394919274;37.2980394919274;33.116039491927395;32.776195793418516;22.321195793418518;32.5;1.1476319843669969;1.0189550612900737;1.008498332105185;0.6868060244128775
868122;1976_1990;False;280.0;1.662766595106798;0.4433593835818529;54.54339828256316;54.54339828256316;50.36139828256315;49.681710885545385;39.22671088554538;45.0;1.2120755173902924;1.1191421840569589;1.1040380196787862;0.8717046863454528
881223;1976_1990;True;240.0;1.4894254526319743;0.45074103325734965;45.91493450527146;45.91493450527146;41.73293450527146;40.70578868155548;30.250788681555484;45.0;1.0203318778949213;0.927398544561588;0.9045730818123441;0.6722397484790108
118708;1991_2000;False;186.0;1.2398356029844224;0.4433593835818529;35.09428744924298;35.09428744924298;30.91228744924297;30.139811868330742;19.68481186833074;35.0;1.0026939271212278;0.8832082128355134;0.8611374819523069;0.5624231962380212
1037610;post2010;False;222.0;1.761912119250625;0.44337695751623407;27.3227672586045;27.3227672586045;23.1407672586045;22.7873333352542;12.332333335254203;25.0;1.09291069034418;0.9256306903441801;0.911493333410168;0.4932933334101681
6885841;post2010;False;170.0;2.3123072401538716;0.44337695751623407;31.285612129107875;31.285612129107875;27.10361212910788;26.923750700041797;16.4687507000418;25.0;1.251424485164315;1.0841444851643152;1.076950028001672;0.6587500280016719
2794690;1976_1990;True;140.0;2.040846898081145;0.44337695751623407;57.494784859704055;57.49478485970405;53.312784859704045;52.71824291362451;42.26324291362451;45.0;1.277661885771201;1.1847285524378677;1.1715165091916557;0.9391831758583224
111119;1976_1990;False;180.0;2.3333333333333335;0.4433593835818529;70.637;70.637;66.45500000000001;64.88416690467005;54.42916690467006;45.0;1.569711111111111;1.476777777777778;1.4418703756593345;1.2095370423260015
105807;1976_1990;True;200.0;1.83;0.44337695751623407;53.067;53.067;48.885;48.290458053920446;37.835458053920455;45.0;1.1792666666666667;1.0863333333333334;1.073121290087121;0.8407879567537879
7374981;post2010;False;200.0;1.83;0.5737494323061776;27.813;27.813;23.631;23.89649795630224;13.441497956302241;25.0;1.11252;0.94524;0.9558599182520896;0.5376599182520896
861116;1976_1990;True;195.0;1.8395751335634511;0.4367851188401936;53.26807780483247;53.26807780483247;49.08607780483248;48.64357363671383;38.188573636713826;45.0;1.1837350623296106;1.0908017289962773;1.0809683030380852;0.8486349697047517
108511;2001_2010;False;274.0;1.838627421645295;0.4433593835818529;36.70052905974354;36.70052905974354;32.518529059743535;32.131553753412256;21.67655375341226;32.5;1.1292470479921088;1.0005701249151857;0.9886631924126847;0.6669708847203772
119701;pre1975;True;200.0;1.83;0.45074103325734965;75.027;75.027;70.845;70.03222704874628;59.57722704874628;60.0;1.25045;1.18075;1.1672037841457714;0.9929537841457713
86109;1976_1990;True;160.0;2.131058255214004;0.4433593835818529;59.389223359494075;59.389223359494075;55.20722335949408;54.76117850520118;44.306178505201174;45.0;1.3197605190998682;1.2268271857665352;1.2169150778933595;0.9845817445600261
1037311;1976_1990;True;180.0;1.8942740046346702;0.4433593835818529;50.154637586900066;50.154637586900066;45.97263758690006;45.61863373428665;35.16363373428665;45.0;1.1145475019311126;1.021614168597779;1.013747416317481;0.7814140829841477
768498;1976_1990;False;200.0;1.845886222700122;0.4433593835818529;58.93826934480292;58.93826934480292;54.756269344802924;54.29408191483085;43.83908191483085;45.0;1.309739318773398;1.216805985440065;1.2065351536629076;0.9742018203295745
116121;pre1975;False;395.0;1.5211172086365705;0.4752333678927176;76.2422469497811;76.2422469497811;72.06024694978112;71.04307729172544;60.58807729172544;60.0;1.270704115829685;1.2010041158296854;1.184051288195424;1.009801288195424
120741;1976_1990;False;164.0;1.9411526641778716;0.4433593835818529;61.22466394026892;61.22466394026892;57.042663940268916;55.768336152688654;45.313336152688656;45.0;1.3605480875615314;1.2676147542281981;1.2392963589486368;1.0069630256153035
114721;1976_1990;True;140.0;2.2371162375427276;0.4433593835818529;61.61644098839728;61.61644098839728;57.43444098839727;56.754753591379504;46.299753591379506;45.0;1.3692542441866062;1.2763209108532727;1.2612167464751;1.0288834131417668
815461;1976_1990;True;240.0;1.7359006035092992;0.44337695751623407;51.09091267369528;51.09091267369528;46.908912673695276;46.31437072761573;35.85937072761573;45.0;1.1353536149710062;1.0424202816376729;1.0292082383914607;0.7968749050581274
1678757;1976_1990;True;200.0;1.83;0.4752333678927176;53.067;53.067;48.885;48.624950362873534;38.169950362873536;45.0;1.1792666666666667;1.0863333333333334;1.0805544525083008;0.8482211191749675
971071;1976_1990;True;250.0;1.6936346766617498;0.4433593835818529;50.20332820989674;50.20332820989674;46.021328209896744;44.67832904087095;34.22332904087095;45.0;1.1156295157754832;1.0226961824421499;0.9928517564637989;0.7605184231304656
121728;post2010;False;455.0;1.3341470986394353;0.4433593835818529;24.242859110203934;24.242859110203934;20.060859110203932;19.782278604749454;9.327278604749454;25.0;0.9697143644081574;0.8024343644081573;0.7912911441899781;0.37309114418997813
114798;pre1975;True;301.0;1.6609253936583748;0.44337695751623407;69.44753799072637;69.44753799072637;65.26553799072639;63.19651170992173;52.74151170992173;60.0;1.1574589665121062;1.0877589665121064;1.053275195165362;0.8790251951653621
1081057;post2010;False;200.0;2.0489720494198638;0.44337695751623407;29.389598755823016;29.389598755823016;25.207598755823017;25.04452439346978;14.589524393469777;25.0;1.1755839502329206;1.0083039502329207;1.0017809757387912;0.5835809757387911
9776611;post2010;False;180.0;1.8884199576606167;0.44337695751623407;28.23362369515644;28.23362369515644;24.051623695156444;23.847780742214884;13.392780742214883;25.0;1.1293449478062576;0.9620649478062577;0.9539112296885953;0.5357112296885953
996610;2001_2010;False;240.0;1.9087228258248676;0.44337695751623407;37.541673909898414;37.541673909898414;33.35967390989841;32.85969772025638;22.40469772025638;32.5;1.1551284279968743;1.0264515049199512;1.0110676221617347;0.689375314469427
7411010;post2010;False;260.0;1.8984703333195931;0.4433593835818529;28.30598639990107;28.30598639990107;24.123986399901074;23.822114541760026;13.367114541760026;25.0;1.1322394559960427;0.9649594559960429;0.952884581670401;0.534684581670401
512280;post2010;False;300.0;1.8522703842524304;0.4752333678927176;27.9733467666175;27.9733467666175;23.791346766617497;23.623564258773428;13.168564258773426;25.0;1.1189338706647;0.9516538706646999;0.9449425703509371;0.5267425703509371
7710511;pre1975;True;200.0;1.9557224523681938;0.43458678420882885;79.17584092815041;79.17584092815041;74.9938409281504;72.91660917493276;62.461609174932775;60.0;1.3195973488025068;1.2498973488025067;1.2152768195822126;1.041026819582213
823761;1991_2000;True;240.0;1.939894360957931;0.4433593835818529;42.28049464365051;42.28049464365051;38.09849464365052;37.62766951967467;27.172669519674667;35.0;1.208014132675729;1.0885284183900148;1.0750762719907048;0.7763619862764191
1101758;1976_1990;True;192.0;1.625;0.4433593835818529;45.10574999999999;45.10574999999999;40.92375;40.09184094635846;29.636840946358465;45.0;1.0023499999999999;0.9094166666666667;0.8909297988079657;0.6585964654746326
1061168;post2010;False;160.0;1.994315018740781;0.45694795297366486;28.99606813493362;28.99606813493362;24.814068134933624;24.709451660659628;14.25445166065963;25.0;1.1598427253973447;0.9925627253973449;0.9883780664263851;0.5701780664263851
808112;1976_1990;False;140.0;2.040846898081145;0.43458678420882885;63.617325553947495;63.617325553947495;59.435325553947486;58.65036696445345;48.195366964453434;45.0;1.4137183456432776;1.320785012309944;1.3033414880989656;1.0710081547656318
1019970;post2010;False;170.0;1.9464600421423555;0.4433593835818529;28.651512303424955;28.651512303424955;24.46951230342496;24.084826949688686;13.629826949688688;25.0;1.1460604921369981;0.9787804921369984;0.9633930779875475;0.5451930779875476
1148611;1991_2000;False;240.0;1.9095672365492102;0.4433593835818529;46.14485940306197;46.14485940306197;41.96285940306197;41.59292537708095;31.13792537708095;35.0;1.3184245543731992;1.1989388400874847;1.1883692964880272;0.8896550107737414
7048688;1976_1990;True;135.0;2.109968943799849;0.4433593835818529;54.19891769624716;54.19891769624716;50.01691769624717;49.662913843633746;39.20791384363375;45.0;1.2044203932499369;1.1114870599166038;1.1036203076363054;0.8712869743029722
109104;pre1975;True;200.0;1.83;0.4433593835818529;69.53699999999999;69.53699999999999;65.355;64.5053907537278;54.05039075372779;60.0;1.15895;1.08925;1.0750898458954632;0.9008398458954632
468646;1976_1990;False;150.0;1.99427400463467;0.43458678420882885;62.49957611123208;62.49957611123208;58.317576111232086;56.81405135479984;46.35905135479984;45.0;1.3888794691384907;1.2959461358051574;1.2625344745511076;1.0302011412177743
1114639;1976_1990;False;195.0;1.8395751335634511;0.43458678420882885;58.78680320552282;58.78680320552282;54.60480320552283;54.08149747919346;43.62649747919347;45.0;1.3063734045671738;1.2134400712338407;1.201811055093188;0.9694777217598548
671781;pre1975;True;180.0;1.8884199576606167;0.4433593835818529;71.2895987298185;71.2895987298185;67.1075987298185;66.25798948354631;55.8029894835463;60.0;1.1881599788303083;1.1184599788303085;1.1042998247257718;0.9300498247257717
768113;1976_1990;True;150.0;1.9970765814495917;0.4752333678927176;56.57560821044142;56.57560821044142;52.39360821044143;52.13355857331495;41.67855857331495;45.0;1.2572357380098094;1.1643024046764763;1.1585235238514433;0.92619019051811
122850;2001_2010;False;220.0;1.82582265896558;0.44337695751623407;36.54687190758696;36.54687190758696;32.364871907586966;31.53780283569552;21.082802835695517;32.5;1.1245191356180604;0.9958422125411375;0.970393933406016;0.6487016257137083
461104;1991_2000;False;210.0;1.7908468980811454;0.44337695751623407;44.1859738183389;44.1859738183389;40.003973818338906;39.69254708467819;29.23754708467819;35.0;1.262456394809683;1.1429706805239688;1.1340727738479484;0.8353584881336626
112810;1991_2000;False;180.0;2.0083074531665406;0.4433593835818529;47.774072977247926;47.774072977247926;43.59207297724792;42.675165473198255;32.22016547319825;35.0;1.3649735136356551;1.2454877993499407;1.2192904420913788;0.9205761563770929
610891;2001_2010;False;240.0;1.8674099541914206;0.44337695751623407;37.04591945029704;37.04591945029704;32.86391945029705;32.23180427761298;21.77680427761298;32.5;1.1398744446245244;1.0111975215476015;0.9917478239265533;0.6700555162342456
858577;1976_1990;True;180.0;1.8884199576606167;0.44337695751623407;54.293819110872946;54.293819110872946;50.11181911087296;49.51727716479341;39.062277164793414;45.0;1.2065293135749544;1.1135959802416213;1.1003839369954092;0.8680506036620759
8399121;2001_2010;False;168.0;1.928376607274359;0.5737494323061776;37.77751928729231;37.77751928729231;33.595519287292305;34.03801588112937;23.58301588112937;32.5;1.1623852088397633;1.0337082857628401;1.0473235655732114;0.7256312578809037
108987;2001_2010;False;180.0;2.033333333333333;0.5737494323061776;39.037;39.037;34.855;35.34666288204119;24.891662882041185;32.5;1.2011384615384615;1.0724615384615384;1.0875896271397287;0.7658973194474211
788488;2001_2010;False;250.0;1.9744091466523768;0.5737494323061776;38.329909759828524;38.329909759828524;34.14790975982852;34.829205113998306;24.3742051139983;32.5;1.1793818387639545;1.0507049156870314;1.0716678496614864;0.7499755419691785
865116;1976_1990;False;200.0;1.83;0.45694795297366486;58.556999999999995;58.556999999999995;54.375;53.858375435683975;43.40337543568398;45.0;1.3012666666666666;1.2083333333333333;1.196852787459644;0.9645194541263106
991118;1976_1990;False;234.5;1.7052391068094237;0.4433593835818529;55.56273856342617;55.56273856342617;51.38073856342617;50.23786998292025;39.782869982920246;45.0;1.2347275236316928;1.1417941902983593;1.1163971107315611;0.8840637773982277
816910;1991_2000;False;180.0;1.8884199576606167;0.5737494323061776;45.79592930140018;45.79592930140018;41.61392930140018;42.222362117926146;31.767362117926147;35.0;1.308455122897148;1.1889694086114335;1.2063532033693185;0.9076389176550328
1001228;2001_2010;False;170.0;1.9418507982516016;0.43458678420882885;37.93920957901921;37.93920957901921;33.757209579019225;33.494017581365334;23.03901758136533;32.5;1.1673602947390527;1.03868337166213;1.0305851563497026;0.7088928486573948
107461;1976_1990;True;120.0;2.1442740046346698;0.44337695751623407;54.842137586900066;54.842137586900066;50.66013758690006;50.12929656361476;39.67429656361476;45.0;1.2187141685977791;1.1257808352644458;1.1139843680803279;0.8816510347469947
106100;1976_1990;True;140.0;2.435495148816005;0.44337695751623407;65.78239812513608;65.78239812513608;61.60039812513609;61.09079074278221;50.635790742782206;45.0;1.4618310694474685;1.3688977361141352;1.3575731276173824;1.125239794284049
5845834;2001_2010;False;180.0;1.924038105676658;0.44337695751623407;37.7254572681199;37.7254572681199;33.543457268119894;32.90727570444142;22.45227570444142;32.5;1.1607833005575352;1.032106377480612;1.012531560136659;0.6908392524443514
1111201;pre1975;False;250.0;1.4744860247099318;0.44337695751623407;74.35368400075224;74.35368400075224;70.17168400075225;67.91745711064277;57.462457110642774;60.0;1.239228066679204;1.1695280666792043;1.131957618510713;0.9577076185107128
8612210;1976_1990;True;300.0;1.631816307401944;0.44337695751623407;48.90514245544082;48.90514245544082;44.72314245544082;44.12860050936129;33.673600509361286;45.0;1.0867809434542404;0.9938476101209072;0.9806355668746953;0.7483022335413619
7211010;pre1975;True;180.0;1.8884199576606167;0.44337695751623407;76.95485860280036;76.95485860280036;72.77285860280037;71.83857840181822;61.38357840181823;60.0;1.2825809767133394;1.2128809767133395;1.1973096400303038;1.0230596400303038
1211151;pre1975;True;245.0;1.9288887032450928;0.4752333678927176;78.29032720708807;78.29032720708807;74.10832720708808;73.05734151552645;62.602341515526454;60.0;1.3048387867848013;1.2351387867848014;1.2176223585921073;1.0433723585921075
7771161;pre1975;True;240.0;1.8432224523681937;0.44337695751623407;75.46334092815037;75.46334092815037;71.2813409281504;70.58063077741379;60.12563077741379;60.0;1.2577223488025062;1.1880223488025066;1.1763438462902298;1.0020938462902298
5769106;post2010;False;200.0;1.83;0.44337695751623407;27.813;27.813;23.631;23.427157047058444;12.972157047058442;25.0;1.11252;0.94524;0.9370862818823378;0.5188862818823377
901187;pre1975;False;180.0;1.9859006035092992;0.43458678420882885;95.06597444212662;95.06597444212662;90.88397444212661;87.37656253476301;76.92156253476301;60.0;1.5844329073687768;1.514732907368777;1.4562760422460501;1.28202604224605
7411491;1991_2000;False;180.0;2.0893213810946696;0.44337695751623407;49.11080278806206;49.11080278806206;44.92880278806206;44.56547159879122;34.11047159879122;35.0;1.4031657939446303;1.2836800796589158;1.273299188536892;0.9745849028226063
1071058;post2010;False;250.0;1.792713556023764;0.4433593835818529;27.5445376033711;27.5445376033711;23.3625376033711;22.998326259727886;12.543326259727884;25.0;1.101781504134844;0.9345015041348439;0.9199330503891154;0.5017330503891153
1091217;2001_2010;False;150.0;2.101206394693739;0.44337695751623407;39.85147673632486;39.85147673632486;35.66947673632487;34.98061265297989;24.525612652979895;32.5;1.2261992841946112;1.0975223611176883;1.0763265431686122;0.7546342354763045
7069411;1991_2000;False;190.0;2.0586552130191516;0.4433593835818529;48.60481101481599;48.60481101481599;44.422811014816006;43.47615145968071;33.0211514596807;35.0;1.3887088861375998;1.2692231718518858;1.2421757559908773;0.9434614702765914
679810;1976_1990;False;320.0;1.14375;0.44337695751623407;42.087;42.087;37.905;37.480327181371756;27.02532718137176;45.0;0.9352666666666667;0.8423333333333334;0.832896159586039;0.6005628262527059
721074;post2010;False;134.0;2.0694299990480967;0.44337695751623407;29.536895993146295;29.536895993146295;25.354895993146293;25.15105304020474;14.696053040204738;25.0;1.1814758397258518;1.0141958397258517;1.0060421216081896;0.5878421216081895
712718;1976_1990;False;200.0;2.083080724211159;0.4433593835818529;64.63093738106781;64.63093738106781;60.448937381067815;59.63331250464649;49.17831250464649;45.0;1.436243052912618;1.3433097195792847;1.3251847223254776;1.0928513889921443
7211189;pre1975;True;202.0;1.8246401654267885;0.44337695751623407;69.37620496280366;69.37620496280366;65.19420496280365;64.34485932554716;53.88985932554717;60.0;1.1562700827133943;1.0865700827133942;1.0724143220924527;0.8981643220924529
811080;1976_1990;False;190.0;1.8580566202519662;0.44337695751623407;59.23035888604719;59.23035888604719;55.04835888604719;54.368882376241984;43.91388237624199;45.0;1.3162301974677153;1.223296864134382;1.2081973861387107;0.9758640528053776
5831058;pre1975;True;160.0;1.95;0.44337695751623407;78.987;78.987;74.805;72.37587147744645;61.920871477446454;60.0;1.31645;1.24675;1.2062645246241075;1.0320145246241075
760117;1976_1990;True;155.0;1.97679756197366;0.44337695751623407;56.149748801446854;56.149748801446854;51.96774880144685;51.37320685536732;40.918206855367316;45.0;1.247772195587708;1.1548388622543746;1.1416268190081627;0.9092934856748293
468980;pre1975;True;160.0;2.1645428688862403;0.44337695751623407;86.06691467324593;86.06691467324593;81.88491467324594;79.91672796061565;69.46172796061565;60.0;1.4344485778874323;1.3647485778874324;1.3319454660102608;1.1576954660102607
103721;2001_2010;False;160.0;1.9574767078498865;0.44337695751623407;38.126720494198636;38.126720494198636;33.94472049419864;33.60498223929604;23.149982239296047;32.5;1.1731298613599581;1.0444529382830352;1.0339994535168013;0.7123071458244937
821088;1991_2000;True;220.0;1.7797395963852398;0.44337695751623407;39.99828924848967;39.99828924848967;35.81628924848967;35.412850070792835;24.957850070792833;35.0;1.1428082642425619;1.0233225499568477;1.0117957163083666;0.7130814305940809
796869;2001_2010;False;150.0;2.2819090885901003;0.44337695751623407;42.019909063081194;42.019909063081194;37.8379090630812;37.265483930773186;26.810483930773184;32.5;1.2929202788640368;1.164243355787114;1.146630274793021;0.8249379671007133
727690;1976_1990;True;157.0;2.0087615312910114;0.45694795297366486;56.82099215711124;56.82099215711124;52.63899215711124;52.333788791886334;41.87878879188633;45.0;1.2626887146024721;1.1697553812691386;1.1629730842641408;0.9306397509308073
669010;1976_1990;True;170.0;2.300849943962581;0.44337695751623407;62.95484882321419;62.95484882321419;58.772848823214204;57.42668137986527;46.97168137986527;45.0;1.398996640515871;1.3060633071825378;1.2761484751081171;1.0438151417747836
9889114;pre1975;True;200.0;2.0489720494198638;0.45694795297366486;76.10616148259592;76.10616148259592;71.92416148259592;71.40753691827989;60.95253691827989;60.0;1.268436024709932;1.198736024709932;1.1901256153046649;1.0158756153046649
7984107;pre1975;False;120.0;1.7957055034760026;0.5737494323061776;87.3630728907781;87.3630728907781;83.1810728907781;86.75674395047982;76.30174395047983;60.0;1.4560512148463016;1.3863512148463015;1.445945732507997;1.2716957325079972
721077;1976_1990;True;234.0;1.4988452649040593;0.44337695751623407;46.11275056298524;46.11275056298524;41.930750562985246;40.7425820554277;30.28758205542769;45.0;1.024727790288561;0.9317944569552277;0.9053907123428377;0.6730573790095042
658466;1976_1990;False;162.0;1.95;0.4433593835818529;61.437;61.437;57.25500000000001;56.57531260298223;46.12031260298223;45.0;1.3652666666666666;1.2723333333333335;1.2572291689551607;1.0248958356218274
112120;1976_1990;False;136.0;2.1008718068482377;0.44337695751623407;65.0579233643577;65.0579233643577;60.8759233643577;60.176462251322945;49.721462251322954;45.0;1.4457316303190602;1.3527982969857268;1.3372547166960655;1.1049213833627323
1159664;pre1975;True;152.0;1.9888449629010334;0.4433593835818529;74.302348887031;74.302348887031;70.120348887031;69.27073964075879;58.8157396407588;60.0;1.2383724814505166;1.1686724814505167;1.1545123273459799;0.98026232734598
122887;2001_2010;False;232.0;1.9077251328713714;0.4433593835818529;37.529701594456455;37.529701594456455;33.34770159445646;32.702476421717776;22.247476421717778;32.5;1.1547600490601986;1.0260831259832757;1.0062300437451623;0.6845377360528547
706817;2001_2010;False;168.0;1.8571428571428572;0.44337695751623407;36.922714285714285;36.922714285714285;32.74071428571429;32.13242102931726;21.67742102931726;32.5;1.1360835164835166;1.0074065934065934;0.9886898778251464;0.6669975701328388
748773;1976_1990;False;200.0;2.083080724211159;0.4433593835818529;64.63093738106781;64.63093738106781;60.448937381067815;59.63331250464649;49.17831250464649;45.0;1.436243052912618;1.3433097195792847;1.3251847223254776;1.0928513889921443
877881;1976_1990;False;160.0;2.5105061560776725;0.45694795297366486;74.88914774586415;74.88914774586415;70.70714774586415;68.97782888040237;58.52282888040238;45.0;1.6642032832414255;1.5712699499080922;1.5328406417867193;1.3005073084533862
100119;1976_1990;False;160.0;2.3538149682454623;0.4433593835818529;71.1285592378911;71.1285592378911;66.9465592378911;65.58718444385556;55.132184443855564;45.0;1.5806346497309132;1.4877013163975799;1.4574929876412348;1.2251596543079015
8087988;2001_2010;False;198.0;1.886157007715229;0.5737494323061776;37.27088409258275;37.27088409258275;33.08888409258275;33.90675919581823;23.451759195818234;32.5;1.1467964336179306;1.0181195105410077;1.0432848983328686;0.721592590640561
5610182;1991_2000;False;140.0;2.172161407888867;0.45694795297366486;50.47766323016631;50.47766323016631;46.29566323016631;46.04196366733255;35.586963667332554;35.0;1.442218949433323;1.3227332351476089;1.3154846762095016;1.016770390495216
113115;2001_2010;False;305.0;1.594808080264959;0.4367851188401936;33.7746969631795;33.7746969631795;29.592696963179513;29.334034105187907;18.87903410518791;32.5;1.0392214450209076;0.910544521943985;0.9025856647750126;0.5808933570827048
6901131;2001_2010;False;195.0;2.2734040639625874;0.44337695751623407;41.91784876755106;41.91784876755105;37.735848767551055;37.05637225774586;26.60137225774586;32.5;1.2897799620784938;1.1611030390015709;1.1401960694691036;0.8185037617767957
7474976;pre1975;True;180.0;1.661895003862225;0.45694795297366486;64.49385011586675;64.49385011586675;60.311850115866754;59.28106614545212;48.826066145452124;60.0;1.0748975019311124;1.0051975019311126;0.9880177690908687;0.8137677690908688
801031;2001_2010;False;120.0;2.485900603509299;0.44337695751623407;44.46780724211159;44.46780724211159;40.28580724211159;39.606330732306404;29.151330732306402;32.5;1.3682402228342028;1.2395632997572796;1.2186563302248123;0.8969640225325046
730976;1991_2000;False;130.0;2.045529468618214;0.44337695751623407;48.38823623220053;48.38823623220053;44.206236232200546;43.29806174344262;32.84306174344261;35.0;1.3825210352057296;1.2630353209200156;1.2370874783840748;0.9383731926697889
104118;1976_1990;False;150.0;2.6778732331495174;0.4433593835818529;78.90595759558843;78.90595759558843;74.72395759558843;72.2971353457445;61.8421353457445;45.0;1.7534657243464096;1.6605323910130763;1.606603007683211;1.374269674349878
119498;1976_1990;True;131.0;2.443600381193921;0.4433593835818529;65.95260800507234;65.95260800507234;61.770608005072326;60.581155060291245;50.126155060291254;45.0;1.4656135112238298;1.3726801778904962;1.3462478902286943;1.1139145568953612
767371;1976_1990;True;180.0;1.8884199576606167;0.4433593835818529;54.293819110872946;54.293819110872946;50.11181911087296;49.51709263848241;39.06209263848241;45.0;1.2065293135749544;1.1135959802416213;1.1003798364107202;0.868046503077387
841211;pre1975;True;112.0;2.193210706327092;0.4433593835818529;80.43332118981276;80.43332118981276;76.25132118981276;75.40171194354055;64.94671194354055;60.0;1.340555353163546;1.270855353163546;1.2566951990590092;1.0824451990590092
611629;pre1975;True;108.0;2.5828025604076044;0.4752333678927176;99.86948449345097;99.86948449345097;95.68748449345095;95.35829467502498;84.90329467502498;60.0;1.6644914082241828;1.5947914082241825;1.5893049112504163;1.4150549112504163
8190108;2001_2010;False;160.0;1.9698809950253804;0.44337695751623407;38.275571940304566;38.275571940304566;34.093571940304564;33.447761862168655;22.992761862168653;32.5;1.1777099058555252;1.049032982778602;1.0291619034513433;0.7074695957590355
105714;1976_1990;True;145.0;2.396891182420392;0.4433593835818529;64.97171483082823;64.97171483082823;60.789714830828224;59.60026188604713;49.14526188604714;45.0;1.4438158851295162;1.3508825517961827;1.3244502641343807;1.0921169308010474
698983;pre1975;True;140.0;2.040846898081145;0.4433593835818529;75.86240694243435;75.86240694243435;71.68040694243436;70.83079769616216;60.37579769616216;60.0;1.2643734490405725;1.1946734490405726;1.1805132949360362;1.006263294936036
7646451;post2010;False;219.0;2.0149675425635336;0.43458678420882885;29.14476630645744;29.14476630645744;24.962766306457443;24.683192014308876;14.228192014308874;25.0;1.1657906522582977;0.9985106522582977;0.987327680572355;0.569127680572355
477661;2001_2010;False;230.0;1.9243140470702527;0.44337695751623407;37.72876856484303;37.72876856484303;33.546768564843035;32.89613467383849;22.44113467383849;32.5;1.1608851866105547;1.0322082635336318;1.0121887591950305;0.6904964515027228
7747482;1976_1990;False;200.0;1.83;0.44337695751623407;58.556999999999995;58.556999999999995;54.375;53.69552349019481;43.24052349019482;45.0;1.3012666666666666;1.2083333333333333;1.1932338553376625;0.9609005220043293
776736;pre1975;True;180.0;1.8884199576606167;0.43458678420882885;76.95485860280036;76.95485860280036;72.77285860280037;71.69354054224604;61.238540542246035;60.0;1.2825809767133394;1.2128809767133395;1.1948923423707674;1.0206423423707673
310610;1976_1990;False;160.0;1.9574767078498865;0.44337695751623407;61.61644098839728;61.61644098839728;57.434440988397284;56.75496447859209;46.299964478592095;45.0;1.3692542441866062;1.276320910853273;1.2612214328576021;1.0288880995242689
8773113;1976_1990;True;160.0;1.9574767078498865;0.45694795297366486;55.74401086484761;55.74401086484761;51.562010864847615;51.1099643710711;40.6549643710711;45.0;1.2387557969966136;1.1458224636632803;1.1357769860238023;0.9034436526904689
897731;pre1975;True;639.0;1.2400038066137342;0.4433593835818529;51.837114198412024;51.837114198412024;47.65511419841203;47.08870803423056;36.63370803423055;60.0;0.8639519033068671;0.7942519033068671;0.7848118005705093;0.6105618005705092
468665;pre1975;True;170.0;2.32832218795516;0.43458678420882885;91.47163220252028;91.47163220252028;87.2896322025203;85.13099608141165;74.67599608141165;60.0;1.524527203375338;1.4548272033753382;1.4188499346901942;1.2445999346901941
1191021;pre1975;True;380.0;1.9226111337530478;0.44337695751623407;72.31533401259144;72.31533401259144;68.13333401259143;65.95605217446622;55.50105217446623;60.0;1.205255566876524;1.1355555668765238;1.0992675362411037;0.9250175362411038
9097838;1976_1990;False;213.5;1.8320585033894088;0.4433593835818529;58.60640408134581;58.60640408134581;54.424404081345806;53.1990069991183;42.744006999118305;45.0;1.302364535141018;1.2094312018076845;1.1822001555359622;0.949866822202629
112691;1991_2000;False;320.0;1.4315421193686508;0.4433593835818529;38.257444969582735;38.257444969582735;34.07544496958274;33.5596844985548;23.104684498554796;35.0;1.0930698562737924;0.9735841419880783;0.9588481285301372;0.6601338428158513
699801;1976_1990;True;225.0;2.1757550765359253;0.44337695751623407;55.432407685048595;55.432407685048595;51.25040768504859;50.54261965400153;40.08761965400153;45.0;1.2318312818899688;1.1388979485566355;1.1231693256444784;0.8908359923111451
808410;1991_2000;True;204.0;1.8764585341827489;0.4433593835818529;41.37653411210417;41.37653411210417;37.194534112104165;36.62615544568521;26.171155445685212;35.0;1.1821866889172619;1.0627009746315477;1.0464615841624345;0.7477472984481489
876790;2001_2010;False;180.0;2.0893213810946696;0.4433593835818529;39.70885657313604;39.70885657313604;35.52685657313604;35.26253369651801;24.807533696518018;32.5;1.221810971481109;1.0931340484041858;1.0850010368159388;0.7633087291236313
1015877;pre1975;True;170.0;2.32832218795516;0.44337695751623407;84.4866656386548;84.4866656386548;80.3046656386548;78.60597436414183;68.15097436414183;60.0;1.40811109397758;1.33841109397758;1.3100995727356972;1.1358495727356972
1141047;1991_2000;False;148.0;2.3038467623935177;0.4752333678927176;52.65047157949305;52.65047157949305;48.46847157949305;48.30280289174839;37.847802891748394;35.0;1.5042991879855157;1.3848134736998015;1.3800800826213826;1.0813657969070969
