Household_ID;area_m2;footprint_m2;n_storeys_above;heated_basement;era_raw;era;renovation_count;residents;hp_type;dhw_electric;installed_kw;building_type;visit_date;pv;emitter;storey_sum_m2;storey_reconciles;geometry_complete;n_days;n_months;hdd_per_day;b_line;b_step;step_kwh_day;floor_line;floor_step;r2_line;r2_step;step_lo;step_hi;beta_phys;hdd_corrected;bp_lo;bp_hi;excess_b_line;excess_lo_b_line;excess_hi_b_line;status_b_line;excess_b_step;excess_lo_b_step;excess_hi_b_step;status_b_step
120701;236.0;110.0;2;True;1986 - 90;1976_1990;0;2;ground-source;False;10.88;single family house;2016-10-13;False;floor_only;236.0;True;True;576;20;3.52981418578905;2.0988570311435506;1.5396075125207815;7.173392128078227;18.279657316415296;16.243578740157478;0.7537655581333685;0.8089629916809559;4.681106219467385;9.252551448264198;2.674938980920957;3.692274252917416;2.5007401083549157;3.451949104068997;-776.3741810177572;-1881.066857260632;-443.2937452700776;BELOW_PHYSICS;-1530.0636294948251;-2634.631287659764;-1250.5443950876004;BELOW_PHYSICS
706646;160.0;100.0;3;False;2000 - 10;2001_2010;0;4;air-source;True;6.1;single family house;2018-08-20;;floor_only;160.0;True;True;939;31;3.790436125387785;3.173963436284273;2.5308650858215893;7.997366056225572;12.261291135559974;10.125340796019913;0.5040681053655327;0.5222009000466806;2.3848052642355713;14.40105806469618;1.8354102857142855;3.4086655803846986;1.702256671820248;2.1490679649777498;1665.3782189301455;672.8406942864884;2333.5323637911283;SLOPE_EXCESS;865.2590865412668;-180.3833740204483;1540.8386869062074;INCONCLUSIVE
1078861;160.0;70.0;1;True;< 1975;pre1975;0;2;ground-source;False;10.0;single family house;2018-10-17;True;radiator_only;160.0;True;True;393;16;0.5341745952723383;4.314783266532381;2.7148020708513547;9.437382970547828;17.92357987582823;16.953208201892735;0.40879387949689483;0.47261378733893367;6.2629288896390545;15.807001220445114;2.843234455080017;0.42665702497790603;2.4269612294716074;4.055633644785569;229.16402287147434;-168.2711103778809;702.6824555605269;INCONCLUSIVE;-20.000751322524447;-520.7234502810272;154.95887031934066;INCONCLUSIVE
190821;155.0;45.0;3;True;> 2010;post2010;0;4;ground-source;False;;single family house;2018-12-05;True;floor_only;155.0;True;True;1292;43;3.9551401545744156;1.209977911433949;0.8660866848837199;4.509663773158914;8.7291363521909;7.401626436781612;0.6066484944131654;0.6544761652481834;2.7836061145790953;6.439620806595789;0.8622004296035818;3.6723678315454187;0.7887659814606305;1.0108779140501643;466.16589543554494;191.3563669131661;603.0962480582384;SLOPE_EXCESS;5.209191989722711;-293.30237526248;149.07976592965426;INCONCLUSIVE
105898;160.0;80.0;2;False;1981 - 85;1976_1990;1;2;air-source;False;10.0;single family house;2018-12-14;;floor_only;160.0;True;True;789;26;3.7449600944141364;3.9325606832652737;2.3245020080121863;20.877266821094203;25.200989669141013;19.183616766467104;0.7298996774496328;0.8518474659571222;15.544889775470038;24.497934438404506;2.0386381116287127;3.3677698690774602;1.6608316100588794;2.5999199676057523;2328.077810460007;1358.6490252426058;3026.993665377631;SLOPE_EXCESS;351.39419316753043;-392.12022411383697;924.1380113640264;INCONCLUSIVE
1178890;210.0;100.0;2;True;2000 - 10;2001_2010;0;1;air-source;False;12.0;single family house;2019-01-14;;floor_only;210.0;True;True;180;7;3.9353222222222217;2.3256247238832004;2.1190182846127676;2.984728246386876;17.28818956577524;16.244088235294104;0.33614731333100656;0.33955419129397235;-1.8167542352747816;10.1289343652231;1.8545759999999998;3.1432286119985795;1.7292250189510583;2.2655034477676343;540.4240466926096;-519.9899850357579;913.7332010864546;INCONCLUSIVE;303.38893265425014;-1042.7349451004684;1045.319763041888;INCONCLUSIVE
731201;255.0;120.0;2;True;1976 - 80;1976_1990;2;3;air-source;False;10.78;single family house;2019-02-07;;both;255.0;True;True;539;19;5.612336116264688;4.6421295513342455;3.6379934911862337;15.861698987454245;37.030478421479856;32.74878712871286;0.7800482753907045;0.8077783610322732;2.886234055105585;24.633791015624315;3.2653228115457567;4.4826965784861725;2.33474649130402;4.6863586465678875;2252.7095045155947;-646.907811100254;4202.378707594469;INCONCLUSIVE;609.7578968921663;-2101.91205739637;2327.5952720523483;INCONCLUSIVE
1228011;120.0;60.0;2;False;2000 - 10;2001_2010;0;3;air-source;True;10.0;single family house;2019-04-01;False;floor_only;120.0;True;True;678;23;3.1753181993074264;2.2878658425984506;1.3954393646093188;10.83304356987911;14.677134235609161;12.04641666666666;0.44402180088717613;0.5067413034014235;5.401518695592077;18.050611398131352;1.1072444723826114;3.321462551576806;1.025498066555725;1.2822037878966024;1431.3072290985704;769.4195198742601;2709.8175996288805;SLOPE_EXCESS;349.38841786165364;-320.65828083750193;1156.0835352135823;INCONCLUSIVE
114117;260.0;100.0;3;False;1991 - 95;1991_2000;0;2;air-source;True;24.0;single family house;2019-04-04;;floor_only;260.0;True;True;340;12;3.053833546462063;3.6538284381649624;3.3900771626701443;3.053096084655858;50.317007318985354;49.577952380952404;0.5067951893470657;0.509218237866696;-6.377080063062158;11.299140298505211;2.6575131428571432;2.439164174490466;2.5021773804770624;2.999819070396051;887.0144498062784;116.35410705628335;1739.4906613108117;SLOPE_EXCESS;652.1980281167375;-90.07821084878044;1437.8842935817106;INCONCLUSIVE
8627071;250.0;150.0;2;False;2000 - 10;2001_2010;0;3;ground-source;True;16.2;other;2019-05-02;;both;250.0;True;True;270;9;3.314391975308642;2.415929624696119;2.8055134703101485;-4.254369476167065;73.6421807575153;74.46237500000002;0.1954509095246113;0.19867927671531338;-30.07054771367503;15.4113264204713;2.0261562336707093;2.6472779355500333;1.767814420945022;2.5919554209065483;376.62105174302013;-1499.4463062992013;1551.202992913904;INCONCLUSIVE;753.0589540103942;-1986.8834478547317;2622.330366199386;INCONCLUSIVE
867211;245.0;150.0;2;True;1991 - 95;1991_2000;0;2;ground-source;True;10.6;single family house;2019-05-21;;both;245.0;True;True;718;24;3.190704069274555;1.6672409643647799;1.1062543762546313;6.887692435387333;9.124316328478782;7.278554572271408;0.7172411396803944;0.8009767215534199;4.887805196539734;8.976680628485973;2.7106982562230493;3.3375565578185724;2.4067914764287512;3.75443890952125;-1271.1481704444889;-2571.412738467807;-797.1087107427969;BELOW_PHYSICS;-1954.546600532771;-3271.7723710766936;-1495.4886335871768;BELOW_PHYSICS
1114677;220.0;140.0;2;False;> 2010;post2010;0;3;air-source;True;11.3;single family house;2019-05-28;;floor_only;220.0;True;True;500;17;6.703276086956523;4.655557176406492;4.465151744189421;3.791073987314387;28.838414907935544;27.27903174603175;0.6504479052068244;0.6517771784344433;-4.0737803527261605;19.395297112673997;1.5022348470252125;5.354054382553133;1.376668479364039;1.7173745389711537;6162.31662158767;5136.519154888535;7227.075971158459;SLOPE_EXCESS;5790.220642417008;4272.267429631378;6800.560968055756;SLOPE_EXCESS
611797;275.0;100.0;2;True;1976 - 80;1976_1990;2;2;air-source;True;35.0;single family house;2019-05-28;;floor_only;275.0;True;True;1130;38;3.7071054828780303;5.38025459361746;4.812260032650262;6.967924001781565;13.157144625924543;11.254662499999993;0.9296800321925389;0.9390417957382504;4.211443516005752;9.59014220466579;2.72004;3.4420663722172984;2.0327164070110597;3.8978092873700945;3342.1718463839134;1764.8584312257376;4335.877427151703;SLOPE_EXCESS;2628.5694794476685;1111.6572103720266;3688.8526994967833;SLOPE_EXCESS
1137376;200.0;150.0;1;True;1981 - 85;1976_1990;0;5;ground-source;True;14.4;single family house;2019-05-28;False;floor_only;200.0;True;True;1678;57;3.471233024131558;3.9526931645097845;2.970470496216512;11.773896058016732;27.705409677766813;24.90522068095842;0.6397258787913231;0.672168896442463;7.886553485883931;15.993252256975897;2.4638509289356234;3.2230575897228952;2.23964593652624;3.2405135573813704;1751.4978575525654;723.0021498583965;2222.575764456892;SLOPE_EXCESS;595.995375120781;-576.2475628209525;1114.6635691837353;INCONCLUSIVE
700831;450.0;300.0;2;False;1976 - 80;1976_1990;0;2;ground-source;True;22.9;other;2019-07-22;;both;450.0;True;True;836;28;3.998555786699951;7.5902538633346515;5.307543688063889;29.06471603724084;46.472724004203286;38.63426149425286;0.8326668841658083;0.8973419963008308;21.88173775255092;35.93304761250555;5.6033156646697355;3.595823549190603;4.738863548542553;7.548689549176076;2607.8078954241664;-205.29503452064645;4075.2344984719443;INCONCLUSIVE;-388.19350111453315;-3043.4094134975644;1255.417511373599;INCONCLUSIVE
1191127;220.0;85.0;2;True;2000 - 10;2001_2010;0;3;ground-source;False;8.03;single family house;2019-09-23;True;floor_only;220.0;True;True;296;10;3.0535557432432436;3.335937778736929;2.7271507500286973;6.6572861904742915;25.173538171770872;23.838805194805186;0.3631309125732618;0.37181414180491745;0.4872373268038938;13.75728306503106;1.456427746665957;2.438942286935498;1.3599293885293517;1.7503990966146428;1673.1660210171467;1123.4224661801431;2153.0723463367417;SLOPE_EXCESS;1131.2153247773192;492.0151141680531;1772.407855400858;SLOPE_EXCESS
121798;207.0;60.0;2;True;1981 - 85;1976_1990;0;2;ground-source;True;10.4;single family house;2019-10-07;;both;207.0;True;True;424;14;4.00597084358764;4.465707243237359;3.4749885480499643;13.328032543021669;10.455426798913768;6.314234939759049;0.7963243018656898;0.8372199784708777;7.743910633635118;20.383064711869395;2.1697068058229583;3.1996572233128115;1.8680897182553713;2.9585697083573548;2681.441250270362;1574.7478547649998;3311.082693903289;SLOPE_EXCESS;1524.4057665658645;367.26366279038376;1973.8689492949093;SLOPE_EXCESS
114671;260.0;130.0;2;False;< 1975;pre1975;1;4;ground-source;False;13.7;single family house;2019-10-07;;radiator_only;260.0;True;True;571;20;2.5519838066956013;4.17142936942439;3.0298852054672105;12.676458948869906;24.395644597053476;21.22592255892257;0.7669590430423652;0.8294530493105987;8.879924995114669;17.24473574473315;4.321833042378037;2.6694391283426793;3.0941655299637763;6.159135686212328;-146.54510911455642;-1921.5162083735115;1125.038657343346;INCONCLUSIVE;-1258.803279284018;-3129.7122912605287;-112.92457999909477;BELOW_PHYSICS
1121037;150.0;75.0;2;False;2000 - 10;2001_2010;0;4;ground-source;False;6.7;single family house;2019-11-07;;floor_only;150.0;True;True;683;23;3.165213380864473;3.5792265074149263;2.617688850073459;11.720300733486743;28.351990222100838;25.440931547619048;0.7373334317097466;0.7882313269056571;8.10356586848753;15.219261962442815;1.089936535832332;3.310892657808026;1.0172594046793115;1.2671962263087362;3008.246739874806;2442.823983138235;3482.75801795781;SLOPE_EXCESS;1846.2517308621111;1462.2711363057106;2139.5935433639947;SLOPE_EXCESS
9880798;150.0;50.0;3;False;1991 - 95;1991_2000;0;4;ground-source;True;;single family house;2020-02-17;False;floor_only;150.0;True;True;587;21;3.402035849196356;3.4283646734958713;3.095310104351321;3.99782871331405;31.630048960464702;30.651823104693175;0.39579906030664724;0.3990239612844598;1.1881900810324697;6.7719984781043205;1.3577868898302652;3.558614905017109;1.2758456794518849;1.5548173044044433;2689.461971476647;2272.6809108165826;2993.730599972081;SLOPE_EXCESS;2256.8592432878722;1709.182582191548;2558.7704618248245;SLOPE_EXCESS
680861;400.0;150.0;2;True;1991 - 95;1991_2000;0;2;ground-source;False;15.0;single family house;2020-02-17;False;floor_only;400.0;True;True;543;29;3.917535871566978;7.647292762447574;5.3105671691500635;27.44059349813921;33.0498319733448;26.942419087136873;0.7732293967541504;0.8213958799265452;20.448445028808834;37.26076454423783;2.8279601697975587;3.1290222616349666;2.6234595474076303;3.395591794968095;5504.126623548073;3752.1188453452905;6471.377445864135;SLOPE_EXCESS;2835.368387270642;406.1647478725927;3877.9563166307075;SLOPE_EXCESS
468185;300.0;160.0;1;True;1976 - 80;1976_1990;1;2;ground-source;True;11.67;single family house;2020-02-25;False;both;300.0;True;True;1555;52;3.939773027634093;2.8105805320085855;2.2379486207603763;7.275884349163729;10.7424888916647;8.71254147104854;0.7105149399911556;0.7370530676985922;4.90257742354148;10.042556960678564;2.9188703477707745;3.658099375704822;2.341163681584005;4.238273505804922;-144.5892412137216;-2099.5027731951623;678.3974523366097;INCONCLUSIVE;-909.1709607354142;-2776.978596379662;-100.65465137031251;BELOW_PHYSICS
781007;200.0;100.0;2;False;1986 - 90;1976_1990;0;2;ground-source;False;;single family house;2020-02-28;False;floor_only;200.0;True;True;1552;52;3.981930020170327;1.5450944969378833;1.2926037887308344;3.226230993089352;13.501664261323482;12.592529318541981;0.5258704585573244;0.5385688529197876;1.827952938297086;4.752192646502236;2.2044988235294114;3.697242358561121;2.0503998010756774;2.609747614260327;-889.8618268078243;-1473.482064460308;-575.4985579408097;BELOW_PHYSICS;-1230.596386464886;-1860.627344449998;-895.508914448573;BELOW_PHYSICS
761079;250.0;100.0;3;False;1976 - 80;1976_1990;0;2;ground-source;False;;single family house;2020-02-28;False;radiator_only;250.0;True;True;1377;48;3.765477061033754;4.15021024016941;3.520261219071208;8.065877927646753;13.279856900925601;10.989287435456083;0.9021339182740341;0.9222044871664206;6.466101180042061;9.766554161666082;3.5377058823529413;3.496264680625584;3.0292479465628546;4.583455206215171;781.6392338314859;-553.0220219019496;1445.6172600300188;INCONCLUSIVE;-22.261773435525534;-1431.408204353914;665.1839604236379;INCONCLUSIVE
461089;235.0;110.0;2;True;1976 - 80;1976_1990;0;2;ground-source;False;9.74;single family house;2020-03-09;False;floor_only;235.0;True;True;1426;48;3.6829631075065556;2.0183483867401146;1.524412188265294;6.196337094980526;14.445359204873183;12.78395680000004;0.8122280353434613;0.8566537101450087;5.127497255846119;7.410718497690917;2.6721837809209568;3.419650053395131;2.440594019095583;3.4200636096775003;-816.0992078270823;-1742.2128155708174;-468.45439085687906;BELOW_PHYSICS;-1432.6166736602784;-2372.8265265502514;-1144.7065153799886;BELOW_PHYSICS
114109;200.0;100.0;2;False;1976 - 80;1976_1990;0;1;ground-source;False;10.4;single family house;2020-05-07;False;radiator_only;200.0;True;True;1442;48;3.640544423003477;3.9003528472574773;2.5297131955319;17.12228426370107;22.241666396667593;17.649236220472353;0.4468198884421276;0.4976035744138979;10.542609649626696;27.53767553025588;2.7556235294117646;3.380264088211214;2.3667029411765834;3.6532700770774595;1412.3629024002798;16.46130777264454;2098.5761985270547;SLOPE_EXCESS;-278.7273549010175;-1839.308436142303;404.1617609789289;INCONCLUSIVE
107114;185.0;85.0;2;True;1976 - 80;1976_1990;1;2;ground-source;False;5.06;single family house;2020-05-07;False;floor_only;185.0;True;True;1415;47;3.646595580478312;2.6350629314162557;1.7034019666053206;11.686344825658963;21.712140983336802;18.58499999999999;0.6319496134870013;0.7046636458104953;8.883457939790881;14.679778182223922;1.9977085566654242;3.3858826188285165;1.682898356062343;2.778149162254269;787.6725913186523;-408.01882263714265;1257.674070156808;INCONCLUSIVE;-363.7179622802859;-1395.7765664546466;167.78976423338744;INCONCLUSIVE
671048;240.0;80.0;3;False;2000 - 10;2001_2010;0;2;air-source;True;;single family house;2020-05-25;;floor_only;240.0;True;True;712;24;3.208740891141508;2.7788308165926696;2.7539765055841756;0.3103192873928468;12.44869771575182;12.363700598802412;0.6778032583271815;0.6778610480636411;-2.575369824288577;3.1920934800177365;1.9269515242531823;3.3564235262986486;1.7872122185159987;2.1967750433924373;1043.6327099068383;336.1331040136535;1601.6825257828589;SLOPE_EXCESS;1013.183828024257;264.5249482597756;1573.803408623988;SLOPE_EXCESS
109711;160.0;160.0;1;False;1995 - 00;1991_2000;2;2;ground-source;True;;single family house;2020-06-23;True;floor_only;160.0;True;True;712;24;3.184779524914508;1.9057432516806203;1.1693165080290018;9.052114187026827;11.502171451629403;9.105339233038354;0.48637965353192003;0.5606019574368124;4.821128063311;12.471918047275066;1.2915284214647131;3.331359335684632;0.9187323676441144;1.8766632069978904;746.8521626958354;-91.44217928365687;1350.94051071538;INCONCLUSIVE;-148.6031065459178;-881.3119490798902;405.0284078225238;INCONCLUSIVE
7610179;280.0;140.0;2;False;1995 - 00;1991_2000;3;4;air-source;True;;multi family house;2020-07-08;;both;280.0;True;True;1135;38;5.440884313349933;3.027591009924352;2.7416957355355964;4.727686004968738;16.930958844396336;15.383287179487217;0.8437449767867047;0.851230688589142;2.590578183561238;7.060754791673803;2.4994208411764753;5.0518888703342;1.8094882634439722;3.4350377524589466;973.9138039560764;-789.6851946856575;2361.997510149216;INCONCLUSIVE;446.74023246659686;-1261.111345430899;1922.4104223925256;INCONCLUSIVE
6569121;150.0;65.0;2;True;2000 - 10;2001_2010;0;3;air-source;True;;single family house;2020-07-09;;floor_only;150.0;True;True;719;24;4.701064884803773;1.9523131193487753;1.7563376189094888;3.0010817238247904;16.709917222532265;15.78631768953069;0.777467829209713;0.7853215005566916;0.911119294628524;5.548404101432487;1.366336345245424;4.917431887870055;1.2662705240780976;1.682219770257893;1051.7478192023723;323.3726062759825;1334.1809759067844;SLOPE_EXCESS;699.9987152903469;-111.71814533227547;984.9445460473274;INCONCLUSIVE
5011111;286.0;117.0;2;True;< 1975;pre1975;0;5;air-source;False;;single family house;2020-07-09;;both;286.0;True;True;1150;38;5.584448865784499;4.3566422543417955;3.603607047779793;12.7957982392643;28.248359321503397;23.99729230769228;0.8512657876428968;0.8769753269546128;8.714332926273032;16.72791893879718;5.966953021718612;5.185189290422005;5.346719880095198;7.753526617099448;-3047.664643017531;-6595.991843681722;-1883.5437442870416;BELOW_PHYSICS;-4472.854625274777;-8090.935045684581;-3375.7776256996817;BELOW_PHYSICS
5661171;250.0;240.0;2;False;2000 - 10;2001_2010;0;4;ground-source;False;14.4;single family house;2020-07-13;;floor_only;250.0;True;True;561;20;3.6620680849414864;4.262729788529518;3.2474012284636355;12.913883493609331;34.600236780457806;31.205444444444467;0.4934181136109491;0.5189764676649882;4.887260963150984;19.299986013774436;2.2578370133360655;3.8306151516124336;2.0717761017982292;2.7335394276638545;2803.1900143352345;1878.51469732107;3556.8055034424165;SLOPE_EXCESS;1383.5834817258144;147.9406465424696;2590.061265374379;SLOPE_EXCESS
110119;130.0;65.0;2;False;2000 - 10;2001_2010;0;2;air-source;True;7.2;single family house;2020-07-13;;floor_only;130.0;True;True;719;24;3.1474667412469004;1.8597716580646517;1.4790576376831082;4.457365341814366;13.551155177452243;12.393669616519167;0.780233301074019;0.8118166759775312;2.6841180836310348;6.176369649243813;1.1800107904820532;3.2923292272457116;1.1013416164524321;1.3640409640016713;816.8687487362333;482.616109040021;1011.8340279412587;SLOPE_EXCESS;359.3646465048363;-57.481393893233225;588.7291407156541;INCONCLUSIVE
102766;216.0;144.0;2;True;2000 - 10;2001_2010;0;2;ground-source;True;10.0;single family house;2020-07-16;;floor_only;216.0;True;True;719;24;4.701064884803773;4.317873450214464;4.050312691648853;4.09730655487067;22.183391182887938;20.922422382671503;0.5075014264341235;0.5094549918666486;-5.4814318270200975;13.11273534227278;1.8148879058823528;4.917431887870055;1.6954761316983398;2.265463181253944;4492.515239660425;1334.2083048095756;7821.870388508268;SLOPE_EXCESS;4012.280430429095;120.4301481044431;7819.1051751914865;SLOPE_EXCESS
105900;240.0;120.0;2;False;2000 - 10;2001_2010;0;5;air-source;True;11.6;single family house;2020-08-07;False;floor_only;240.0;True;True;537;20;5.580197082557417;2.8762439160322213;2.6391074435662727;3.7419211826651604;22.16155261244874;21.150475247524774;0.8690777270960288;0.8735915072135875;1.5072520859177245;6.0860439642313615;1.9456625687101214;4.457026423767905;1.8203472014701512;2.2402902095315196;1513.8833638852502;914.3617782268393;1842.4232920468437;SLOPE_EXCESS;1128.1062776910076;505.57751050720907;1456.002158966933;SLOPE_EXCESS
826780;150.0;75.0;2;False;< 1975;pre1975;2;4;ground-source;False;;single family house;2020-08-25;True;radiator_only;150.0;True;True;842;28;4.069792376673896;1.8707107157883347;1.3576968241425234;6.740428960601268;5.728209804174245;3.7574029850746196;0.5425863674857138;0.5811037296934081;2.8441194032942616;10.685617947497372;2.6311516744760386;3.659885230821849;1.6672099561742213;3.9537641932309784;-1015.8412212687942;-2823.674709270706;442.9731245082702;INCONCLUSIVE;-1701.1549885817392;-3543.0783710805563;-157.49885914903228;BELOW_PHYSICS
698310;200.0;80.0;3;False;< 1975;pre1975;3;5;air-source;False;11.6;single family house;2020-09-21;True;both;200.0;True;True;503;21;3.574444694153917;3.1142414793458917;2.893798291548147;3.0061206648552763;14.04541348334499;13.08229523809523;0.33381801275428813;0.33586244587787983;-3.6682661245024986;9.001410282800146;3.9280599474888214;2.8549877748833206;2.5904629258439433;5.909241358340573;-848.0562487956523;-3401.129444609434;733.1973888557184;INCONCLUSIVE;-1077.7736000655398;-3751.8771769725017;696.5826102200404;INCONCLUSIVE
24611;160.0;80.0;2;False;< 1975;pre1975;1;1;air-source;False;9.95;single family house;2020-11-02;;radiator_only;160.0;True;True;707;24;3.20565853883525;4.103971460550721;3.9549748641627653;1.8482288383840073;5.851221602482364;5.361605341246326;0.9313403601164769;0.9325987484419613;-0.1758689634581183;3.881545797251438;3.622113433556401;3.353199308405073;2.7398706826588333;4.9499904535887245;589.7545910463767;-1032.3011698873538;1658.3851725399304;INCONCLUSIVE;407.39501239995406;-1269.5806875027167;1512.6219332370047;INCONCLUSIVE
6683113;160.0;80.0;2;False;< 1975;pre1975;1;4;air-source;False;13.0;single family house;2020-12-11;False;radiator_only;160.0;True;True;322;11;2.9318234989648033;3.2402058954246695;2.700357771409121;6.305984074130581;12.987980760893517;11.593982352941174;0.8766067015858642;0.8980383523456122;4.06423041104014;10.12643665095362;3.622113433556401;2.341712059876041;2.7462562693580232;5.044337253387498;-326.42588304723535;-1602.8303681254563;432.91748890271907;INCONCLUSIVE;-787.8475178628987;-2074.299492089;-33.2369573834953;BELOW_PHYSICS
896968;200.0;110.0;2;False;1976 - 80;1976_1990;1;2;air-source;False;8.14;single family house;2021-01-25;True;floor_only;200.0;True;True;344;12;3.0774781134142235;2.7540049375288476;2.535294510816446;2.6182517090510795;1.8799094991249203;1.1905818181818246;0.8337654641067447;0.8391508236866144;0.017571804885379107;6.510800194585478;2.5485250137828133;2.4580496113532138;2.0890447853437664;3.2833843798261606;184.35414404726208;-612.8255651758079;629.5040354856217;INCONCLUSIVE;-11.870249926187638;-1066.853701316569;442.6905977388141;INCONCLUSIVE
9981041;410.0;120.0;3;True;2000 - 10;2001_2010;0;2;ground-source;False;13.2;single family house;2021-03-17;True;floor_only;410.0;True;True;1168;40;3.859581931209053;3.164040598351493;2.4443352694072358;9.023064426081334;14.65149251534687;12.13747412008282;0.743110049332967;0.7779078619097494;5.904941656460626;12.46155866079427;2.4715499372587044;3.583641533156038;2.314507492266825;2.9384569732985457;905.797977461402;43.45986075164698;1290.1043359987073;SLOPE_EXCESS;-35.597579118602845;-955.8303956967006;357.84600806849204;INCONCLUSIVE
111710;290.0;290.0;1;False;1991 - 95;1991_2000;0;3;ground-source;False;18.7;single family house;2021-06-11;;floor_only;290.0;True;True;1134;38;5.445682271298214;3.3345733713457997;3.1370154008790476;3.269651995433082;20.714190722370198;19.641976863753175;0.6926978317143344;0.6951210188023063;-0.7672086624983476;8.685501067298969;2.7212925459591686;5.056343798791285;2.5805531549360263;3.3305672163975917;1131.8499249018719;-111.16035416787638;1601.1539468221642;INCONCLUSIVE;767.2437530138278;-661.0355079878949;1430.3235452812457;INCONCLUSIVE
1027273;200.0;80.0;2;True;2000 - 10;2001_2010;0;4;air-source;True;10.6;single family house;2021-06-15;;floor_only;200.0;True;True;682;23;4.498153714565006;2.29605155723801;2.090583096176017;3.0959479083342973;17.321562877452166;16.407288808664262;0.8171460580225405;0.8236193276419947;0.7311881892859475;5.579394341843029;1.660650079734795;4.705181709796031;1.564760869544108;2.03398096657752;1091.232984768808;407.63997794065693;1375.5666387140693;SLOPE_EXCESS;738.3632323697861;59.870767250701206;1088.1666448256312;SLOPE_EXCESS
6981151;240.0;70.0;3;True;< 1975;pre1975;1;2;air-source;False;25.8;single family house;2021-09-09;False;floor_only;240.0;True;True;1059;35;3.45481657565929;8.97188170854424;7.109158983772151;22.096232499934512;26.525259891989176;20.837951882845257;0.7538388007880418;0.7825559534413523;8.418451117765525;34.01771717594709;3.980429067653957;3.1068494385425267;3.0079632403100134;5.659569072692499;5660.30751972448;3226.25289399967;7571.1101208003065;SLOPE_EXCESS;3547.979865883701;741.2015675212452;5638.308995567208;SLOPE_EXCESS
876511;500.0;250.0;2;False;1995 - 00;1991_2000;0;8;air-source;True;27.0;other;2021-09-15;;floor_only;500.0;True;True;412;15;3.7272330097087374;5.5810084503079755;5.051525186609675;6.859789031890731;27.745067484315673;26.172130653266322;0.9185609903362391;0.9251505988299948;2.7373619197681442;12.165329054943014;4.37512658066744;2.97702317069388;4.190185124416367;5.080711469879445;1310.3274674694287;385.90876687306985;1675.5323163605044;SLOPE_EXCESS;734.9838277180014;-362.64480197846615;1090.3447934048359;INCONCLUSIVE
7412010;250.0;108.0;2;True;2000 - 10;2001_2010;0;5;air-source;False;10.0;single family house;2021-09-21;;floor_only;250.0;True;True;783;26;5.349812454883669;2.0002910137367067;1.9836769924004556;0.2732139427088881;22.264074926300335;22.176397111913385;0.624637167906587;0.6246796755840327;-3.354415737138556;3.7722948479119935;2.0503672616946047;4.810982423456537;1.895847668995351;2.466862581960363;-87.93432129670597;-1029.5971494753874;322.02728993347193;INCONCLUSIVE;-117.10868538725312;-1127.4952199286206;229.32233606467602;INCONCLUSIVE
6810910;160.0;60.0;3;False;1976 - 80;1976_1990;2;2;air-source;False;16.0;single family house;2021-11-17;False;both;160.0;True;True;1238;41;5.8000396033808626;3.1360393368134742;3.06467797702021;1.2494234483041655;15.567906614795907;15.126989769820963;0.77175670660842;0.7721824091647125;-1.1664101679193668;4.089142702660615;2.254218004036648;5.385366391254283;1.5918265144628785;3.1386425126060082;1733.3598035489929;-168.46387293261702;3047.192315246747;INCONCLUSIVE;1593.0877234863228;-292.02042189228274;2970.758913666534;INCONCLUSIVE
9889190;200.0;80.0;3;True;< 1975;pre1975;2;4;ground-source;False;7.7;single family house;2021-11-19;False;radiator_only;200.0;True;True;1158;40;4.267574046957522;1.9265233782970048;1.4990350297893524;5.863833121172747;10.386176170164562;8.524097674418607;0.6761148244431492;0.710094019996152;4.2092210751070525;7.577219449309406;3.9224010225738937;3.9624642961536884;2.4767219414135697;6.32454298305798;-2886.6367753025543;-6426.897007823918;-810.2973550799287;BELOW_PHYSICS;-3504.91294636645;-6935.721513956677;-1280.0742681897502;BELOW_PHYSICS
6808461;207.0;69.0;3;False;> 2010;post2010;0;4;ground-source;False;5.76;single family house;2021-11-29;False;floor_only;207.0;True;True;1177;39;4.040608818785169;1.3818111254733783;0.9926056412959885;5.148525662490408;10.825607795809926;9.314368644067809;0.5614790680408234;0.6042847618328657;3.4660844409360547;6.666416583484219;1.0753558992454642;3.7517259227346047;0.9960802726159897;1.2194679640186121;419.6536459848185;165.19949192941635;642.0605096910976;SLOPE_EXCESS;-113.31654506963844;-356.7235880765114;54.34923305595295;INCONCLUSIVE
6773102;200.0;100.0;2;False;< 1975;pre1975;2;4;ground-source;False;13.7;single family house;2021-11-29;False;radiator_only;200.0;True;True;1438;49;3.6075248130454938;2.846636177628173;2.054602618917531;9.792433705461013;25.716818006397414;23.173959689922487;0.6825535159169336;0.7295785585740083;7.386079802003758;12.151929458358811;3.2723294117647064;3.3496052117414057;2.092829878522222;5.3319692825091645;-520.4550606183774;-3128.5877884769234;956.3281782341917;INCONCLUSIVE;-1488.7999643062867;-4140.839218015896;-17.854167671033437;BELOW_PHYSICS
4710670;300.0;150.0;1;True;< 1975;pre1975;0;2;air-source;False;10.0;single family house;2021-11-30;True;both;300.0;True;True;1154;39;4.089511767513123;5.04064237548678;4.719585328811953;4.189433981339097;17.126153966917865;15.948694444444502;0.7934435695791613;0.7963302652642787;-2.4699923671632638;10.487219093421418;5.558490606761347;3.797132560365017;5.189265297474516;7.523003902163006;-717.7135088095329;-3540.2320258878735;211.99670501451817;INCONCLUSIVE;-1162.6836092767535;-4000.186301563354;-405.4576959124979;BELOW_PHYSICS
716869;155.0;70.0;3;False;1981 - 85;1976_1990;1;2;air-source;False;8.5;single family house;2021-12-02;False;floor_only;155.0;True;True;1166;39;4.018784491759265;2.257095368214158;1.7840339287392242;6.192605992675959;7.972394237284686;6.224881002087647;0.72375153701492;0.7529750878988668;4.212116511335698;8.624709082286428;2.3237416732657947;3.731461923639058;1.8545332329933566;3.002708199534355;-90.77117462276692;-1051.3781882610792;588.1567269673749;INCONCLUSIVE;-735.0730979868151;-1670.6766476214302;-4.656131040467106;BELOW_PHYSICS
115508;170.0;110.0;1;True;< 1975;pre1975;1;2;ground-source;False;9.6;single family house;2021-12-03;False;both;170.0;True;True;1217;41;4.068528187631738;3.2261200506674563;2.4935930211372153;9.871598659650697;12.683511124439297;9.661366876310328;0.8371422157309867;0.8809085032624067;8.101057529197304;12.073527830195076;2.877618359505834;3.777649199286665;1.9873212405536875;4.873896423027058;480.5287541168642;-2267.1681704112666;1713.3991933324035;INCONCLUSIVE;-529.5102493778112;-3353.7054756096773;641.1364329578975;INCONCLUSIVE
781099;150.0;75.0;2;False;1981 - 85;1976_1990;0;2;ground-source;False;7.38;single family house;2021-12-03;False;both;150.0;True;True;1454;49;3.983574447301796;2.9665059415654946;2.2409532238124577;9.718641435492847;13.202022540838529;10.437590460526305;0.6781180959872692;0.7169167668745366;7.275902315095122;13.187614418818622;1.9945405647826853;3.698769217550414;1.7211641876312187;2.5719672130559266;1312.2025999017014;390.46175501758233;1732.7562414681076;SLOPE_EXCESS;332.66959868243487;-646.9277728683057;897.4484509120466;INCONCLUSIVE
105768;294.0;164.0;2;False;< 1975;pre1975;2;1;ground-source;False;17.8;single family house;2021-12-03;True;radiator_only;294.0;True;True;1158;39;3.819199262846987;3.0049464272690867;2.432125837910689;7.382730928451669;9.490061769992877;7.3169936708861245;0.7026316592795585;0.7279930979060878;3.4096572096697058;11.612469348078257;4.701582826285405;3.546146019356534;2.8660454884226874;7.2088610778120215;-2196.0299506234987;-5481.071952820415;305.5668901972219;INCONCLUSIVE;-2937.456440880441;-6449.626580618937;-483.7810039050926;BELOW_PHYSICS
8010411;375.0;150.0;3;False;> 2010;post2010;0;5;air-source;False;19.9;single family house;2021-12-03;False;floor_only;375.0;True;True;1126;39;3.732819001467295;4.423324578010331;3.7726611921134126;8.074539882117941;15.055259983307728;12.865948132780122;0.8679676235104308;0.8848966885343261;5.692725638931593;10.271369466178596;2.277933676795954;3.465941505540664;2.101014617275095;2.5741644032130035;2714.0667700967933;2118.2575044072973;3069.142007140575;SLOPE_EXCESS;1890.9329192065436;1294.9539123556765;2214.554299297388;SLOPE_EXCESS
7086681;180.0;90.0;2;False;2000 - 10;2001_2010;0;1;air-source;False;7.5;single family house;2021-12-03;False;floor_only;180.0;True;True;1396;46;3.690164932934679;3.159331194915874;3.152807339686205;0.08206539080511804;16.74410125425557;16.722263414634174;0.7969393542103389;0.7969424367109541;-1.3661331141155808;1.5299274920267771;1.534547910525013;3.4263369850832675;1.447605331029332;1.7731812801447224;2031.975096919517;1434.099234846365;2390.999775146027;SLOPE_EXCESS;2023.8162787620759;1362.6638193605556;2422.9015298083277;SLOPE_EXCESS
868122;280.0;140.0;2;False;1986 - 90;1976_1990;0;1;air-source;False;14.0;single family house;2021-12-07;False;both;280.0;True;True;1537;52;4.067797912364572;3.4956629949203957;3.272952278299613;2.8762035774195365;10.530975261532612;9.69847039473689;0.940860610886745;0.9443700256625396;1.559172400672996;4.199808618060414;3.9412003920303698;3.7769711349717476;3.6455994922634223;4.61338193354428;-614.2153892787082;-1574.619057644607;-199.57185044974858;BELOW_PHYSICS;-921.2431503445406;-1894.0752075231967;-518.3358273249464;BELOW_PHYSICS
881223;240.0;120.0;1;True;1976 - 80;1976_1990;1;2;air-source;True;17.0;single family house;2021-12-14;False;radiator_only;240.0;True;True;1206;40;4.162011650683779;7.001807185134279;6.09022450072272;12.056231656736875;15.102782491769025;11.639068749999922;0.9243988832227716;0.9387034228831892;7.959876533078949;16.177577971030672;3.1484526517900435;3.864449072129786;2.6496403108600117;4.4078812476577935;5435.248708103772;3341.237466445952;6197.607246449947;SLOPE_EXCESS;4149.4395345892735;2120.3506124575124;5054.838769019418;SLOPE_EXCESS
118708;186.0;66.0;1;True;1991 - 95;1991_2000;0;2;ground-source;False;8.0;single family house;2021-12-16;False;floor_only;156.0;False;False;1395;46;3.6916632590514777;2.5169233091229843;1.8224256530592777;8.731396200003934;14.603669919666858;12.285450406504035;0.6476357436026747;0.692221291350737;6.862160577565906;10.843338382470515;1.2287129346934953;3.427728188534334;1.1653096348007723;1.519236103457394;1611.7067798159298;1116.7635822762945;1900.791825436719;SLOPE_EXCESS;742.8063245313147;270.75328372941095;1062.1748719170112;SLOPE_EXCESS
1037610;222.0;90.0;2;True;> 2010;post2010;0;5;ground-source;False;7.56;single family house;2021-12-17;False;floor_only;222.0;True;True;1240;41;4.0675213534361845;1.1502047461833422;1.281967283955693;-1.7269671781357563;44.8146740856885;45.32604918032787;0.05943999275545031;0.06018426207939287;-6.748270842701326;3.2708271689745114;1.1417702270889785;3.776714348594415;1.0761378741047734;1.3605448811426153;11.626990789819683;-765.3992088274548;544.4700914139612;INCONCLUSIVE;193.26174624921822;-845.1972964964046;824.3393323611505;INCONCLUSIVE
6885841;170.0;75.0;3;False;> 2010;post2010;0;4;air-source;False;7.0;single family house;2021-12-20;False;floor_only;170.0;True;True;1288;43;3.5361586270141325;1.7292352457853393;1.4567308118351692;3.3274994770012545;12.660487600398522;11.849267886855221;0.7781732888483264;0.7944418255757463;1.9356970352410088;4.717407702393968;1.2156694998739062;3.2833413435600116;1.1197528640085974;1.3958551257880127;615.4672508583442;340.29000668220004;790.1411383183262;SLOPE_EXCESS;288.89259874175985;-37.7681245129756;543.2911039489788;INCONCLUSIVE
2794690;140.0;70.0;2;False;1976 - 80;1976_1990;1;6;air-source;False;5.0;single family house;2021-12-22;False;floor_only;140.0;True;True;1214;40;4.1436729639710626;2.5964970534849385;2.218510822028644;4.982306230495771;12.062410168987599;10.620399168399176;0.8241331891553785;0.8402129956551614;3.6527712338592866;6.617385512181532;1.8398331155105294;3.847421507865425;1.4736211108465143;2.327549787378686;1062.5898648539453;334.54853702300755;1585.9301432206705;SLOPE_EXCESS;531.7804547015351;-184.94673463481033;1055.7464495000775;INCONCLUSIVE
111119;180.0;100.0;2;True;1981 - 85;1976_1990;0;2;ground-source;False;8.65;single family house;2021-12-22;False;floor_only;180.0;True;True;1550;52;3.9918986395511924;1.852631992137557;1.506239363839303;4.431216453643575;11.455150548416437;10.202055732484103;0.8296896041215897;0.85597475043069;3.4874024536412565;5.713153406710326;2.3933477647058825;3.706498272563781;2.175122689879728;3.1054392297273212;-731.5191580949586;-1723.2005995127279;-420.2901558630144;BELOW_PHYSICS;-1200.14400071691;-2191.5030035106465;-951.8608104406118;BELOW_PHYSICS
105807;200.0;100.0;2;False;1981 - 85;1976_1990;1;2;ground-source;False;16.2;single family house;2022-01-04;False;both;200.0;True;True;1243;41;4.085178180419042;4.79511144926115;3.8530902255390203;12.404252332151435;16.160026034720367;12.473989754098275;0.8791078165783954;0.9116056209387278;10.330422591097443;14.734224226709044;2.255599240986717;3.7931088026174953;1.7298204897253082;3.0550279664556177;3515.915830719527;2266.2511242404175;4378.6128673764915;SLOPE_EXCESS;2211.7018471967126;1023.7174913939136;3018.0320974012566;SLOPE_EXCESS
7374981;200.0;100.0;2;False;> 2010;post2010;0;5;air-source;False;10.4;single family house;2022-01-04;True;floor_only;200.0;True;True;1159;39;5.667892173412862;3.224658419462149;3.1717463885069;0.9086432683498169;9.8770545330477;9.574066666666663;0.7718150640055366;0.7720250082167833;-3.43869497009144;6.025768319006888;1.2714514285714285;5.262666827681395;1.1741478888608288;1.4516971089116109;3751.8633380729366;2995.121609130422;4390.649894639466;SLOPE_EXCESS;3650.2260256888317;2778.300920032724;4328.599016829348;SLOPE_EXCESS
861116;195.0;65.0;3;False;1976 - 80;1976_1990;1;2;air-source;False;12.0;single family house;2022-01-06;False;floor_only;195.0;True;True;1365;46;3.695081892021022;2.871637467640397;2.290767232501134;7.139924894232882;7.9427933306018215;6.1870436187398665;0.7570281939043702;0.782366086613302;3.992168041408434;10.744909059636571;2.3742343250153906;3.4309024067047558;1.909857878219881;3.0245990105991267;622.8876982841447;-224.3100677080441;1308.154147795134;INCONCLUSIVE;-104.524118734551;-1056.8371784210335;614.2966171674085;INCONCLUSIVE
108511;274.0;156.0;2;False;2000 - 10;2001_2010;0;5;ground-source;False;7.8;single family house;2022-01-10;False;floor_only;274.0;True;True;804;27;3.8221840976278028;3.6059990210433677;2.804267211922973;10.46226452771753;25.1671643533683;22.12854328358212;0.770572168735273;0.8083429674558782;6.070379934072684;16.5536292596462;1.8928837576225372;3.437215915132916;1.7669684637918592;2.1909253099329113;2149.2466724788264;1500.4248456227915;2609.0666677821114;SLOPE_EXCESS;1143.4069255772483;61.59879670791564;1731.8590946570962;SLOPE_EXCESS
86109;160.0;60.0;3;False;1981 - 85;1976_1990;1;2;air-source;False;8.0;single family house;2022-01-13;False;floor_only;160.0;True;True;1434;51;4.173408803791967;2.0671950605223754;1.808196930983895;3.33387357832026;10.220953561481018;9.297814685314659;0.8337730509210066;0.8449508854757453;2.2284523372400744;4.380858303958799;2.171948740004355;3.8750313869934705;1.781287071876395;2.8133787942444424;-148.1621855019397;-1054.776283164961;426.7914249185342;INCONCLUSIVE;-514.4856321159273;-1376.9592069938262;80.88482830315643;INCONCLUSIVE
1037311;180.0;60.0;3;False;1976 - 80;1976_1990;2;3;ground-source;False;4.0;single family house;2022-01-14;False;floor_only;180.0;True;True;1163;40;4.075699266016175;0.9977912332254066;0.8553902379247598;1.8980176934164878;7.4550158147997285;6.90768644067798;0.7468068380802118;0.7611514422388648;1.0717676258723827;2.9404508811203685;1.6993571323561434;3.7843075821877203;1.1984270850220182;2.3147124382759783;-969.0535202919492;-1906.4460754743395;-280.28746027453866;BELOW_PHYSICS;-1165.7480659649195;-2122.8541411928163;-500.33910482767095;BELOW_PHYSICS
116121;395.0;235.0;1;True;< 1975;pre1975;0;2;air-source;True;11.3;single family house;2022-01-19;False;radiator_only;395.0;True;True;1241;41;4.43484774433895;5.835669533780073;5.5748253760160305;3.7458410564964524;57.77225335783824;56.5686644880175;0.7290918775252409;0.7306074665158694;-1.4243836674106365;8.862977836334185;8.604482155761012;4.117778778401997;7.900470503103978;11.495890932997101;-4161.495617500116;-8542.982195642255;-2961.7324173110824;BELOW_PHYSICS;-4553.5415836186;-8856.205637158846;-3432.7830298126255;BELOW_PHYSICS
120741;164.0;66.0;2;True;1981 - 85;1976_1990;0;2;air-source;False;13.0;single family house;2022-01-19;False;floor_only;164.0;True;True;1208;40;4.159824017420098;4.755079004918178;4.459714252876127;3.933119310676393;12.012973051273573;10.845300847457626;0.9240972165343795;0.9274857114521632;1.8270003637448604;6.150772824133712;2.295050259703795;3.8624178434727;2.1193554322185006;2.912336716933702;3468.1055061547027;2500.5616437503904;3835.382780112353;SLOPE_EXCESS;3051.7054438083637;2097.7655511569487;3474.106924375481;SLOPE_EXCESS
114721;140.0;80.0;2;False;1981 - 85;1976_1990;1;2;air-source;False;12.0;single family house;2022-01-19;False;both;140.0;True;True;1520;51;3.913876902173913;4.562205490871176;3.880610153165951;8.71608501470928;15.014680095781987;12.58459746434234;0.8940919486274768;0.9122710741564629;6.563149203324858;10.749787213313379;2.226142384096934;3.6340546909692786;1.8193714234311684;2.864125220836636;3098.624098424218;2102.932224263577;3777.873596820989;SLOPE_EXCESS;2194.5356203935994;1120.5330711098716;2939.3409936825205;SLOPE_EXCESS
815461;240.0;120.0;2;False;1981 - 85;1976_1990;1;2;ground-source;False;;single family house;2022-01-19;True;floor_only;240.0;True;True;1142;41;4.031672339399477;2.892693741489639;2.6132927036744595;3.6409618752278172;4.9288676017915165;3.8841344902386066;0.6120143594985643;0.6173098335623541;-0.9232923661596237;9.166577076432482;2.308107113729293;3.7434283559883723;1.8811568673056485;2.9536981583570046;798.7507279947403;-574.8078590126001;1632.4481290107808;INCONCLUSIVE;416.99074280251864;-1182.083960363221;1377.1026921201508;INCONCLUSIVE
1678757;200.0;100.0;2;False;1976 - 80;1976_1990;1;2;air-source;False;5.2;single family house;2022-01-20;False;floor_only;200.0;True;True;1437;49;3.9172788770889433;1.6631097099054277;1.6269609065912756;0.4816824019607183;11.209489673266004;11.073213815789453;0.7145663602596894;0.7148912448600597;-0.6136237919698364;1.5774182901485168;2.42592;3.6372134420510154;1.9853576443211272;3.142513894425368;-1012.6939019163868;-2021.9847043628513;-445.1467965669835;BELOW_PHYSICS;-1060.6844352812136;-2090.8752264668587;-474.13597847616643;BELOW_PHYSICS
971071;250.0;150.0;1;True;1981 - 85;1976_1990;1;2;air-source;False;8.14;single family house;2022-01-20;False;floor_only;250.0;True;True;1566;52;3.9749183001092048;3.305101295205336;2.8911073121697775;5.268606113094606;20.75542532816526;19.285609374999954;0.7059234119215281;0.7158161569556116;3.2668345427331866;6.982747160455432;2.8687616119940995;3.6907319406770704;2.2903265473205336;4.093451844631712;587.8006741216078;-1268.8595553095363;1283.8175036504742;INCONCLUSIVE;30.102276121936246;-1790.2900173145574;750.7383172998365;INCONCLUSIVE
121728;455.0;170.0;2;True;> 2010;post2010;0;7;ground-source;False;10.6;multi family house;2022-01-21;False;floor_only;455.0;True;True;1561;52;4.040116629065352;1.4068358876024358;1.1420721708725776;3.397439562167095;30.041161921397357;29.069327447833107;0.6253473559864654;0.6454702902468284;2.180509910990359;4.866765968420569;2.0763295802621724;3.751268922066251;1.9641079024296613;2.4495174099356642;-916.679572219753;-1455.3861046047193;-682.0404066581773;BELOW_PHYSICS;-1279.1975365444594;-1857.226113268776;-1008.3353162256271;BELOW_PHYSICS
114798;301.0;186.0;1;True;< 1975;pre1975;1;3;ground-source;False;14.4;single family house;2022-01-21;False;radiator_only;301.0;True;True;1075;39;3.842205251095382;2.816265293952961;1.918424796392308;11.526646679737096;27.98197348979392;24.80517943107221;0.557559506380104;0.6097452395936299;5.7795517921339545;16.377412660396413;4.918519749460856;3.4552205495462065;3.505641384724289;8.146569805589934;-2651.2697701917714;-6646.702389234666;-939.175438056857;BELOW_PHYSICS;-3783.5862523377928;-8058.1276198946225;-1868.4854201957817;BELOW_PHYSICS
1081057;200.0;80.0;3;False;> 2010;post2010;0;4;ground-source;False;7.5;single family house;2022-01-25;False;floor_only;200.0;True;True;1199;40;4.140636484510039;1.0416919202538248;0.7601648604053839;3.7190401278529235;17.31294927675049;16.245365344467636;0.510186514835957;0.5443140916636957;2.4473874802206703;5.1708399350699406;1.106431953160396;3.844602121179238;1.012237025038501;1.265817562469155;-90.84837876080341;-438.78708038232696;180.18459131699115;INCONCLUSIVE;-485.90960774467806;-857.5546413118747;-139.96890120915884;BELOW_PHYSICS
9776611;180.0;90.0;2;False;> 2010;post2010;0;3;air-source;False;7.0;single family house;2022-01-28;False;floor_only;180.0;True;True;1246;41;4.107521919417499;1.6800043498874935;1.5838407589164887;1.2718087145498307;15.92854675274316;15.549840163934427;0.7396268462336609;0.7419502543273313;-0.0053119525182019085;2.4344605142239963;1.1616119463150076;3.813855078382079;1.0932693093174146;1.3190582321606708;721.6318278502603;413.1729547798166;869.098727255015;SLOPE_EXCESS;587.7666179304787;316.31536076970156;757.8766296632789;SLOPE_EXCESS
7411010;260.0;90.0;3;True;> 2010;post2010;0;4;air-source;False;14.7;single family house;2022-01-31;False;floor_only;260.0;True;True;1553;52;3.947331224278395;2.569507357514546;2.394349360250221;2.2310852710876006;14.105176525414132;13.484940624999998;0.8139083860720734;0.817301192586906;0.5744304971407403;4.0071947909272785;1.6821843346226921;3.6651171998870895;1.5589683029775063;1.9909854036230785;1187.03214866571;648.271103472323;1436.7191944011686;SLOPE_EXCESS;952.7114238737021;416.94815209639114;1341.7389016542252;SLOPE_EXCESS
512280;300.0;150.0;2;True;> 2010;post2010;0;4;ground-source;False;10.6;single family house;2022-02-01;False;floor_only;300.0;True;True;1427;48;3.9744485492012225;1.6902232073893584;1.3157471399156861;5.043200262033587;22.910350887232966;21.486565505804347;0.700087070308498;0.732961305186534;3.6628820668227435;6.609030196020962;1.5796713468207528;3.6902957745600955;1.4837129494595018;1.9028215825275518;148.9087083330199;-360.88631517080574;324.3287747340286;INCONCLUSIVE;-355.49481072425056;-876.3088198050956;-158.65953606525926;BELOW_PHYSICS
7710511;200.0;90.0;2;True;< 1975;pre1975;1;3;air-source;False;19.6;single family house;2022-02-04;False;radiator_only;200.0;True;True;1237;41;3.9634322519419345;6.953136680419134;5.6243608849387225;16.98847651761805;31.542655623330802;26.55016122448977;0.8120107521052606;0.840123163691223;11.67847547323099;23.148812187233357;4.52433376732288;3.680067086297061;3.346549782209761;6.84323760585565;3262.4275457495996;-9.918353686812653;5037.950111884401;INCONCLUSIVE;1477.5833601938848;-1821.1398849294794;3078.1566154198035;INCONCLUSIVE
823761;240.0;140.0;2;False;1991 - 95;1991_2000;1;2;air-source;False;8.2;single family house;2022-02-07;False;floor_only;240.0;True;True;1546;52;3.9765235390066938;2.1855183340488793;1.8963237287248234;3.6986191518763007;13.903344214083578;12.864305863708433;0.6436088172654599;0.6537907748645331;1.8894746620917149;5.582272337254772;2.3193871347373998;3.6922224131909878;1.983198178526599;2.904055453741239;-180.40978601014064;-1113.2574725991292;535.8204209899321;INCONCLUSIVE;-570.146129306402;-1486.388542369478;221.62229391760636;INCONCLUSIVE
1101758;192.0;64.0;2;True;1976 - 80;1976_1990;2;2;ground-source;False;7.7;single family house;2022-02-09;False;floor_only;192.0;True;True;1518;51;3.897645734280422;1.7027700047367709;1.346440436976521;4.544719561877359;10.948605622824761;9.681874801901758;0.6756389799435443;0.7026248578478198;2.986191553326556;6.039575102054329;1.630174870588235;3.6189839686911998;1.2298474121393859;2.3522444264100195;95.89302874131641;-888.459598189084;754.2636747056963;INCONCLUSIVE;-374.7930838113618;-1352.1288244362063;253.3888858253132;INCONCLUSIVE
1061168;160.0;54.0;3;False;> 2010;post2010;0;2;ground-source;False;5.2;single family house;2022-02-11;False;floor_only;160.0;True;True;962;38;3.67569336225858;0.3066789775799417;0.2505239500376643;0.724253684059516;20.36287829240134;20.163494089834533;0.09079932836404891;0.09374005556658416;-0.47731327225294595;2.2064459994053487;0.8732933461815302;3.3054796423188666;0.8015035816487128;1.005707360867863;-683.6202750671368;-908.1641297126007;-521.2279567687021;BELOW_PHYSICS;-751.3713196966581;-939.959280428807;-608.0004546284434;BELOW_PHYSICS
808112;140.0;70.0;2;False;1981 - 85;1976_1990;0;2;air-source;True;12.0;single family house;2022-02-16;False;floor_only;140.0;True;True;1451;48;3.5723688360850585;2.2821188854244254;2.186909779907537;1.1459427829347542;21.787677718223968;21.49362191358022;0.6967530350955337;0.6978015009444103;-1.515321063212469;4.3480069088547015;2.0357544177263196;3.3169627075998687;1.855817782935542;2.446929743815265;298.27133941879293;-254.2086403113607;669.8929297159688;INCONCLUSIVE;183.00249528423038;-511.6935347311738;552.0664473609658;INCONCLUSIVE
1019970;170.0;70.0;2;True;> 2010;post2010;0;4;ground-source;False;5.69;single family house;2022-03-09;False;floor_only;170.0;True;True;1361;45;3.7735851675558254;0.9142243034681424;1.004769569089574;-1.147849212740705;15.06008423779798;15.3703418367347;0.33196201730893515;0.3349187828532728;-2.8906553025894697;0.621706871349917;0.9168483937095986;3.5037930989376282;0.8515042879545967;1.0775523615371196;-3.355908286836334;-334.9451341814623;158.66762183947716;INCONCLUSIVE;112.44102675459752;-132.2804111004026;248.11292986882967;INCONCLUSIVE
1148611;240.0;95.0;3;False;1991 - 95;1991_2000;0;3;ground-source;True;11.6;single family house;2022-03-15;True;floor_only;240.0;True;True;1358;48;3.4680180839256374;4.316950286623862;3.9326654943294086;4.719265228846398;21.129210356253516;19.897250000000042;0.5761737369087698;0.5803942761339301;1.0126068620587527;7.950378461683001;2.084661883620682;3.220072501323712;1.9595272933833994;2.38513503753511;2623.6676330600426;2034.7008901930765;3006.642226922607;SLOPE_EXCESS;2172.0075473543866;1464.9280042191936;2682.3829693435473;SLOPE_EXCESS
7048688;135.0;45.0;3;False;1986 - 90;1976_1990;2;4;ground-source;False;9.0;single family house;2022-03-24;True;floor_only;135.0;True;True;981;34;4.43922752589047;1.7059471898780354;1.2430560247796656;6.55410009884624;9.394875579730227;7.153846153846139;0.43432640063706685;0.46920058903624173;2.56866454866871;10.415188347019116;1.377290143810516;3.9921110844338754;1.0025366759428889;1.8965848971444983;478.89293435295514;-511.7612781434628;1185.6690484521216;INCONCLUSIVE;-195.59529278968014;-1206.290987347512;565.7359273601337;INCONCLUSIVE
109104;200.0;100.0;2;False;< 1975;pre1975;2;2;air-source;True;8.6;single family house;2022-03-31;False;radiator_only;200.0;True;True;1173;39;4.030666308363295;3.129788704905968;2.3708927930857535;10.03929260171446;26.58509203129306;23.644336864406807;0.7211832549306312;0.761947540319293;5.724005043119953;14.066379069439334;3.9735428571428577;3.7424942510337003;2.5346115552529;5.913160266586584;-1152.5769483718166;-3882.2132519683073;880.8434713956823;INCONCLUSIVE;-2189.236657670664;-4989.805123799624;-64.93794269466436;BELOW_PHYSICS
468646;150.0;60.0;2;True;1986 - 90;1976_1990;0;2;air-source;False;7.8;single family house;2022-04-05;False;floor_only;150.0;True;True;666;22;3.180803031292162;3.136784607148039;2.8200607131036213;3.637346685238821;16.170306313373217;15.34268484848485;0.6845275385259779;0.6902607416097557;0.884857071673783;5.941849296315649;2.142842609527957;3.327199823527366;1.9497176740315778;2.6886556290330095;1207.0709282634607;277.327564462688;1888.1665501785892;SLOPE_EXCESS;822.4325834678681;-249.52548449720499;1679.2952674259009;INCONCLUSIVE
1114639;195.0;65.0;3;False;1976 - 80;1976_1990;0;5;ground-source;False;9.9;single family house;2022-05-08;False;floor_only;195.0;True;True;646;22;3.2776545183290704;3.1765287090490317;2.5644789744711276;7.093672669364351;14.727346540901701;13.065807692307716;0.8099084772174613;0.834812208084329;4.914181265295353;9.56629287935355;2.157821482367426;3.428508910386057;1.961810681941242;2.512473634473362;1274.816083369682;588.740850517158;1730.893356548077;SLOPE_EXCESS;508.89352483076755;-260.2480230756438;931.3900694788093;INCONCLUSIVE
671781;180.0;90.0;2;False;< 1975;pre1975;2;4;air-source;True;9.5;single family house;2022-06-02;False;floor_only;180.0;True;True;464;16;4.407009635807096;1.551991784674255;1.5310771033152137;0.3002268037394037;21.44512880197124;21.344481927710845;0.7070731185949874;0.7072133331295214;-1.940422294855901;3.3008542683556743;2.933057776312533;3.5199757474497573;1.8639551104291896;4.40885757972835;-1774.3813606109518;-3709.394901743287;-340.6840651810131;BELOW_PHYSICS;-1801.2523580805066;-3694.7151363041057;-363.44612976767604;BELOW_PHYSICS
768113;150.0;75.0;2;False;1976 - 80;1976_1990;1;2;air-source;False;6.6;single family house;2022-06-07;True;radiator_only;150.0;True;True;908;31;4.278681374896252;2.571578294185061;2.592790195410629;-0.29449953276347096;7.581866245058684;7.672412607449873;0.738631205960337;0.7386813441681832;-2.978303950108575;1.6888529644994645;2.4246689233046324;3.847735049367133;1.9863903882562597;3.167026810620314;206.32294242724157;-1171.2585569560767;1133.9703873781175;INCONCLUSIVE;236.1134305976477;-1215.5487193765437;1302.554692954972;INCONCLUSIVE
122850;220.0;140.0;1;True;2000 - 10;2001_2010;0;1;ground-source;True;9.1;single family house;2022-06-13;False;floor_only;220.0;True;True;913;31;3.8983784465926945;2.4328628567868833;1.8227521292139137;7.727265008727846;13.444408572190678;11.277898936170239;0.7701398727818023;0.8142582614118334;5.045158241845506;10.450370983852851;1.513470460173013;3.5057360131229265;1.3945464036886;1.9094695577466188;1176.4486677752345;459.5517924443615;1555.3187479677251;SLOPE_EXCESS;395.75485815474;-324.6430000597781;833.2824196837562;INCONCLUSIVE
461104;210.0;70.0;3;False;1991 - 95;1991_2000;0;3;air-source;False;5.6;single family house;2022-06-15;False;floor_only;210.0;True;True;767;31;4.36209650813446;2.168821359436918;1.817037302791269;4.743094268939441;10.583182012497456;9.087559566786997;0.8090543764436998;0.8298003110804052;2.998861919716969;7.667033102246068;2.1209267432802674;3.922748658394298;1.9946759514227406;2.408837360427784;68.57566756457584;-489.35007369510555;392.59574455860877;INCONCLUSIVE;-435.1098916671206;-1001.8709398961366;-141.18671530821726;BELOW_PHYSICS
112810;180.0;80.0;2;True;1991 - 95;1991_2000;0;4;air-source;False;6.83;single family house;2022-07-01;True;floor_only;180.0;True;True;851;30;3.807185093410991;2.4996116975892684;2.0844925108621135;5.232414409056756;21.626487403507223;20.108054755043224;0.5774557223590944;0.5927573609873875;2.9562540346190564;7.654077111877104;1.9655618596353432;3.423727601988301;1.842409886442557;2.4082185441277653;667.381027429685;-179.99237779804017;1060.0319525799364;INCONCLUSIVE;148.62294596455106;-848.9844104567437;567.7200197763469;INCONCLUSIVE
610891;240.0;110.0;2;True;2000 - 10;2001_2010;0;4;air-source;True;11.6;single family house;2022-07-08;False;floor_only;240.0;True;True;824;31;3.7010724373856765;2.7665692646526248;2.1108146288262923;8.210502027398253;23.704242525174863;21.53774104683198;0.6826874686047121;0.7169257226015806;4.939892826243847;13.222411963414803;2.0322332955591524;3.328302551605824;1.8957534856420188;2.4895505818043473;892.0936820794549;105.52623734107084;1304.0434870394076;SLOPE_EXCESS;95.46299498788741;-855.3860322007391;647.7754788112072;INCONCLUSIVE
858577;180.0;90.0;2;False;1981 - 85;1976_1990;1;1;air-source;True;11.6;single family house;2022-07-19;False;floor_only;180.0;True;True;1127;38;3.793147570181192;3.095379232563853;2.6025689618996366;6.232835178083583;14.153540858857948;12.400387711864424;0.8591935583853453;0.8796186094189031;4.5569708281680485;7.976795137528643;2.233802843418773;3.52195688967613;1.8539812548671293;2.9335827468323843;1107.568738402106;187.78388393096643;1638.601011779574;SLOPE_EXCESS;474.0541056569228;-438.30853637646663;974.9217212706517;INCONCLUSIVE
8399121;168.0;84.0;2;False;2000 - 10;2001_2010;0;4;air-source;True;8.0;single family house;2022-08-09;False;floor_only;168.0;True;True;478;17;4.868294979079498;1.9209335115252792;1.699454518248809;3.299297421393028;19.62022442818548;18.79341584158416;0.7000840830744262;0.7072205978871791;0.6079810046732546;6.527178257063166;1.4506567406320248;3.888414520031548;1.360439087290511;1.6787502026977061;667.4503238968314;186.55727475836272;937.5118606837891;SLOPE_EXCESS;353.1115452283896;-244.3773150723369;698.6967208226641;INCONCLUSIVE
108987;180.0;100.0;2;False;2000 - 10;2001_2010;0;3;air-source;True;8.0;single family house;2022-08-18;False;floor_only;180.0;True;True;512;17;5.8613668336730065;2.6214600761983387;2.3839603520334696;4.219458167504286;16.962590541073148;15.379615894039738;0.7764571929821446;0.7837043753140233;-0.4118855986619006;8.676836217209127;1.6060937142857141;4.681602902294734;1.5123022618371937;1.8647314573367288;1735.0428689902449;1009.960804668231;2120.1600861960733;SLOPE_EXCESS;1329.2068887405205;586.2282552358278;1902.567330821987;SLOPE_EXCESS
788488;250.0;90.0;3;True;2000 - 10;2001_2010;0;3;air-source;False;9.0;single family house;2022-09-01;False;floor_only;250.0;True;True;599;22;5.208797996661102;2.7154796998166657;2.4697854331753577;3.8471174802941643;9.717279220355616;8.601433628318608;0.8834309906261942;0.8897368040726182;1.2265015588812131;6.720736957066637;2.190280557704487;5.448533469310776;2.041914906451999;2.60599903411013;1044.471262905802;118.71618710662813;1399.5577838746044;SLOPE_EXCESS;555.8554591260814;-508.61085145945293;1071.9208596200046;INCONCLUSIVE
865116;200.0;100.0;2;False;1981 - 85;1976_1990;0;2;air-source;True;9.0;single family house;2022-10-04;True;floor_only;200.0;True;True;726;27;3.41025828442528;3.0559267356328395;2.3349458432745624;8.979660699577066;12.797690615856045;10.296581538461558;0.7913095367557516;0.8361148624548655;6.995723114916738;11.18336388424247;2.676891428571428;3.5672157786875314;2.4688171638981267;3.21731630047346;493.5167657306362;-349.17954038116756;1010.9661484213296;INCONCLUSIVE;-445.2246958730855;-1269.7331552037465;68.57703965218612;INCONCLUSIVE
991118;234.5;93.0;2;True;1981 - 85;1976_1990;0;2;ground-source;True;26.0;single family house;2022-10-10;False;floor_only;217.0;True;True;1569;52;3.9848345387535673;6.157619416087287;5.290211382308429;11.04004358956308;26.639527526538384;23.55922968750008;0.9344908205288404;0.9510163434973312;8.946066660769844;13.345770064165299;2.4526046481173527;3.6999392188983915;2.2671526955692487;3.107320511353501;5003.540248012535;4029.8765049992826;5274.381777248859;SLOPE_EXCESS;3832.1249419299675;2826.5801635503685;4091.9322142523065;SLOPE_EXCESS
816910;180.0;90.0;2;False;1995 - 00;1991_2000;0;3;air-source;True;12.0;single family house;2022-10-11;False;floor_only;180.0;True;True;476;16;6.181615515771526;4.046090983590778;3.8976896266622205;2.5983612249891705;15.881394306855679;14.948240875912417;0.8715931642391102;0.8727858649180789;-0.6104877445313318;6.883772928681047;1.884175376971893;4.937392584482049;1.7436662847054654;2.159770634761578;3896.092520804575;2892.8810078599086;4276.94243237209;SLOPE_EXCESS;3628.651268687036;2628.0973403876587;4030.613090859938;SLOPE_EXCESS
1001228;170.0;57.0;3;False;2000 - 10;2001_2010;0;3;air-source;False;9.4;single family house;2022-10-12;False;floor_only;170.0;True;True;295;15;2.4354654875951853;2.731708796323004;2.2821865777744565;4.757715043854307;17.31006157219176;16.388876470588222;0.73165028262372;0.7483208672584483;2.3285575681669703;8.270757841166121;1.4742092864990326;1.9452599741175602;1.3668424872113953;1.652468696763548;892.8496643355534;676.017497288693;1096.2415004733539;SLOPE_EXCESS;573.6799479206128;322.6860154775112;756.711828744974;SLOPE_EXCESS
107461;120.0;60.0;2;False;1981 - 85;1976_1990;2;2;air-source;False;12.0;single family house;2022-10-19;False;floor_only;120.0;True;True;577;22;2.6908493456911065;2.713013040953415;2.468309839169794;2.8154546032375145;14.220662904263017;13.664134146341452;0.7785773460523342;0.7839308222958418;0.029060164642089756;5.38953475045952;1.5042414880978305;2.8146959682961366;1.1068568287855671;2.093436763412856;1241.848411990991;571.7289525049;1750.3464798180687;SLOPE_EXCESS;990.4491448373185;353.0224200729276;1438.4949803290385;SLOPE_EXCESS
106100;140.0;60.0;3;False;1976 - 80;1976_1990;1;2;air-source;False;8.0;single family house;2022-10-19;False;floor_only;140.0;True;True;742;25;3.3471929762881363;1.7844598198130783;1.5415469158383437;3.0015877721476274;11.282505282335213;10.465339233038353;0.8147807520567097;0.8299550065332966;1.7928253230317424;4.381199068109364;2.1050367400043553;3.010065626158396;1.7259996337821688;2.7336373604587965;-352.20951232273245;-1059.7958611170807;115.7180958954211;INCONCLUSIVE;-619.0915929004346;-1300.4216636114252;-157.51950538966807;BELOW_PHYSICS
5845834;180.0;75.0;2;True;2000 - 10;2001_2010;0;4;ground-source;False;7.34;single family house;2022-10-23;False;floor_only;180.0;True;True;557;21;3.292405575937346;1.6320578722361816;1.017913511779974;7.571779061368929;21.36258201721152;19.38799999999999;0.277293430986407;0.31563772881657215;4.559486963520363;11.417842126788704;1.2782272580257095;3.443938886963751;1.1815313986234064;1.5499986014384675;444.7784192623655;-87.841162442816;871.3383326783738;INCONCLUSIVE;-327.2241912300194;-944.528792997637;44.65304330033063;INCONCLUSIVE
1111201;250.0;125.0;1;True;< 1975;pre1975;0;4;air-source;True;13.0;single family house;2022-10-25;True;both;250.0;True;True;866;29;4.055902065133715;6.875681394440283;6.012809790478067;11.12409606386865;41.00205282015514;37.77079824561403;0.5428546575476578;0.5507483821865977;4.680206889715904;19.626547628504554;4.797011871016274;3.6473939434655707;4.294257159211108;6.270896026337241;2767.330220024167;202.7019180731354;3581.6227333206466;SLOPE_EXCESS;1618.59029829189;-1044.9445254485724;2385.9758105532887;INCONCLUSIVE
8612210;300.0;150.0;2;False;1981 - 85;1976_1990;1;6;ground-source;False;20.42;single family house;2022-11-10;True;floor_only;300.0;True;True;582;20;3.673981796902236;3.9159787420238974;3.0198154234760235;11.566489088475485;10.95377225760032;7.6680677290836785;0.6744590561758869;0.7097086087634978;5.843834502477159;17.097883391103952;2.761702162189599;3.843077193412381;2.244748950288048;3.5725557170495144;1619.1305095807015;144.94437130309066;2592.7068846398683;SLOPE_EXCESS;362.0614535350091;-1001.4492558406819;1288.304971188405;INCONCLUSIVE
7211010;180.0;90.0;2;False;< 1975;pre1975;1;4;ground-source;False;9.33;single family house;2022-11-21;True;radiator_only;180.0;True;True;579;20;3.6930179720157192;2.271032047066157;1.956638882252896;4.071714429014502;21.25646961409023;20.089830645161292;0.4784706486403605;0.4876844093596574;-0.5836771642719059;8.627209801848206;3.2592645996480156;3.862989510476694;2.3139995923792465;4.765046384722871;-1393.3991743553945;-3682.4312287822936;-64.86112266762915;BELOW_PHYSICS;-1836.690761066702;-4051.9817941977853;-458.1040410675393;BELOW_PHYSICS
1211151;245.0;173.0;1;True;< 1975;pre1975;1;4;ground-source;False;9.1;single family house;2022-11-23;True;both;245.0;True;True;910;31;4.196328961618092;2.895858248311902;2.231637035098638;9.163925909767851;18.63842946057143;15.836732394366214;0.6613746122953725;0.6963495791529524;4.865889389314196;13.710048234145974;4.076445120611948;3.7736771237572766;2.944341085825733;6.648903817123953;-1626.1310905014946;-5034.9827028431655;76.81043013090786;INCONCLUSIVE;-2541.0241755587726;-5830.908552563576;-788.7702042812316;BELOW_PHYSICS
7771161;240.0;90.0;3;False;< 1975;pre1975;1;3;air-source;False;23.7;single family house;2022-11-26;False;radiator_only;240.0;True;True;887;31;3.8317206182703463;6.654977011756267;5.714096991801743;11.93334362865564;45.14286786599246;41.76563858695657;0.7623771023948062;0.7766521537978145;5.97808991244127;18.50527494984565;5.174629092216027;3.4457919229049874;3.8494225123791925;7.136877987517363;1861.8543800479504;-964.5918270215357;3834.81835720813;INCONCLUSIVE;678.4963578365265;-2087.074034178129;2580.7714025486684;INCONCLUSIVE
5769106;200.0;100.0;2;False;> 2010;post2010;0;4;ground-source;False;7.56;single family house;2022-12-03;False;floor_only;200.0;True;True;582;20;3.673981796902236;1.4792063644838545;1.0342170594466367;5.743332531777036;18.060247485292425;16.42873306772909;0.5752651078982165;0.627218509582181;2.9473161853077814;8.697614488918934;1.0470776470588234;3.843077193412381;0.9752492468530956;1.1994041055488556;606.1569667724582;243.00122360508135;902.3568396099475;SLOPE_EXCESS;-18.039844295391035;-370.73212589392364;284.16943310174184;INCONCLUSIVE
901187;180.0;120.0;1;True;< 1975;pre1975;0;2;air-source;False;12.2;single family house;2022-12-08;False;radiator_only;180.0;True;True;1448;48;3.5595957742813673;4.173819998073768;3.5456230988477007;7.563565908499707;14.876838939096372;12.93942372881357;0.36224087592838994;0.3693505196029706;-1.366355030235337;18.969144466329762;4.889107257023655;3.3051028544859493;4.421373632485737;6.629501222458854;-862.8957558864365;-3853.564786662548;474.44779268395087;INCONCLUSIVE;-1620.7289640425597;-5086.401420591274;-64.40962767580065;BELOW_PHYSICS
7411491;180.0;70.0;3;False;1991 - 95;1991_2000;0;4;air-source;False;;single family house;2022-12-11;False;floor_only;180.0;True;True;1132;38;3.7661865237875762;2.0650310647597037;1.9439164938491396;1.5251058754751123;13.006486984642759;12.58151464435146;0.7233088369418925;0.7256269031015776;-0.3342409855629756;3.1344411468017284;2.0205587432802674;3.496923420415577;1.8980882594868418;2.3230520435015025;56.76345042771733;-356.4096220001555;248.2179457304482;INCONCLUSIVE;-97.82440811560083;-533.0290085372146;135.45363203693012;INCONCLUSIVE
1071058;250.0;110.0;2;True;> 2010;post2010;0;4;air-source;False;13.7;single family house;2022-12-11;False;floor_only;250.0;True;True;1059;35;3.5312617385830216;2.6056366525382;2.016644289585967;7.289505896783081;24.83113037612144;22.849818763326233;0.7110312790607148;0.7456406365413111;3.5313775714865265;9.909988838804672;1.5739735773354915;3.1755950886537962;1.4516514014010258;1.896466272276352;1195.7926310871055;675.3174843958043;1466.0736170430591;SLOPE_EXCESS;513.0961729954232;-42.64400109815718;950.4776788264603;INCONCLUSIVE
1091217;150.0;65.0;2;True;2000 - 10;2001_2010;0;6;ground-source;False;5.7;single family house;2022-12-16;False;floor_only;150.0;True;True;1038;35;3.4782180684705817;2.0292861086094742;1.4581353043948675;6.967223139686947;12.566837192479596;10.754341101694887;0.7391749635376017;0.7925983910803465;5.435583060160785;8.539705689323243;1.1252181666727021;3.12789394646635;1.0419462619101432;1.3829626059091196;1032.157454614087;662.0235927772007;1258.768514069185;SLOPE_EXCESS;380.08526741096375;2.5085725133370813;604.6818409511203;SLOPE_EXCESS
7069411;190.0;90.0;2;True;1995 - 00;1991_2000;0;4;air-source;False;12.0;single family house;2022-12-22;False;floor_only;190.0;True;True;997;33;3.5918107801665866;3.7009966991910574;3.094312902526167;7.386471044953551;16.45341724975844;14.60958810572687;0.7864074143568803;0.8042879212141398;5.379398854678074;10.430691106627314;2.110837506929152;3.2300456656174337;1.9868624344429104;2.6038814268438224;1874.7446844116598;1231.6558167789722;2201.572985879436;SLOPE_EXCESS;1159.4847101581781;439.48169203554204;1449.685422684557;SLOPE_EXCESS
679810;320.0;100.0;2;False;1981 - 85;1976_1990;0;2;ground-source;False;5.31;other;2022-12-22;False;floor_only;160.0;False;False;1147;38;3.8709733899397296;3.3960181641100835;2.5982675958197428;10.238323494756214;11.036941892815737;8.162327766179517;0.7789827249562236;0.8189969407201625;6.299005014320311;15.77889682768312;2.535122823529412;3.5942185607611234;2.358314523290427;2.965024332640831;1129.3997943755535;455.6943341906942;1432.1386968829522;SLOPE_EXCESS;82.83898109204351;-748.0859962890014;520.1878922360755;INCONCLUSIVE
721074;134.0;67.0;2;False;> 2010;post2010;0;1;air-source;False;6.0;single family house;2023-01-03;False;floor_only;134.0;True;True;1101;37;3.6065983756532267;0.9283127397678372;0.7780626921830729;1.8322535268266564;9.66945105131815;9.176227557411272;0.5234556711909484;0.5359367429182575;0.36030256970194424;3.2930729171588284;0.9046729287043664;3.3487450098915756;0.8324018606453527;1.03174114493429;28.894750256755785;-207.1485318584785;227.0841734715263;INCONCLUSIVE;-154.75467017943396;-385.30541773250707;69.80071496752468;INCONCLUSIVE
712718;200.0;120.0;2;False;1981 - 85;1976_1990;0;2;ground-source;False;13.7;single family house;2023-01-05;False;floor_only;200.0;True;True;1122;38;3.8258845036038127;2.3634816858265726;1.6148153557666642;9.617977422556748;15.269715038297104;12.459247826086976;0.6907361427729994;0.7587414282301781;7.5546897954423065;12.075279238540734;2.433164701404906;3.5523532995392877;2.239409370180587;2.8895123243602363;-90.35162196371196;-798.0031432711568;366.4755808791918;INCONCLUSIVE;-1061.0790893261458;-1734.571718017251;-688.2723080457495;BELOW_PHYSICS
7211189;202.0;101.0;2;False;< 1975;pre1975;2;5;air-source;False;10.0;single family house;2023-01-10;False;floor_only;202.0;True;True;1132;38;3.761916794694526;2.7845640832387146;2.5721984220278302;2.6753802761738923;28.111421574025435;27.36701670146137;0.5780243163689897;0.5811569960503637;0.36776376275060474;5.037143221408037;3.203198491996877;3.492958955148121;2.0591015644944943;4.7095175240657605;-533.7295745568113;-2571.153582990727;915.9214656804859;INCONCLUSIVE;-804.4809309605777;-2734.7630180167507;720.9714693228092;INCONCLUSIVE
811080;190.0;95.0;2;False;1986 - 90;1976_1990;0;2;air-source;False;10.7;single family house;2023-01-11;False;floor_only;190.0;True;True;1039;35;3.474870409116905;4.887687855807858;3.7596645241858315;13.752703681744487;17.288125993057264;13.716012684989428;0.8190188014206914;0.8587737908595425;10.548249105928546;16.400904513057167;2.5722898716226203;3.1248834614360654;2.404681034905389;3.048392440340364;2640.9023366093415;1802.2599692382971;3110.8886496210207;SLOPE_EXCESS;1354.2987062279583;509.5134679609994;1778.2852106074872;SLOPE_EXCESS
5831058;160.0;100.0;1;True;< 1975;pre1975;1;4;air-source;False;12.0;single family house;2023-01-12;False;radiator_only;160.0;True;True;1118;38;3.8090248762023284;3.774991008867926;3.687428817071291;1.1123484841120603;9.889568202035973;9.57339569892475;0.879119497302915;0.8795678739462434;-1.11923092350381;3.2647430323390507;3.610834285714286;3.5366990493986337;2.6592195299971872;5.595267874916686;211.90911825640353;-2523.797433857633;1469.9262504361063;INCONCLUSIVE;98.87550927740064;-2631.748256061282;1306.9915699962062;INCONCLUSIVE
760117;155.0;77.5;2;False;1976 - 80;1976_1990;1;2;air-source;False;12.0;single family house;2023-01-18;False;floor_only;155.0;True;True;1103;37;3.613098952790151;2.8120700770726486;2.000617510327556;9.889874213055244;24.968960962774236;22.305822546972905;0.6786970895390345;0.7300305723028377;5.90272782745417;13.796731626112093;1.9893053861084031;3.3547808289602146;1.6652210558452907;2.6023143640763333;1007.4712523771625;92.15473477583717;1521.9344109093645;SLOPE_EXCESS;13.851639574808992;-1102.4346658789918;606.0291963954882;INCONCLUSIVE
468980;160.0;75.0;2;True;< 1975;pre1975;1;2;air-source;False;12.9;single family house;2023-01-23;False;radiator_only;160.0;True;True;1219;41;4.123777532070716;2.641526935871076;2.2093601147758193;5.6980673115730625;9.505502351642917;7.837970893970856;0.38637878368895306;0.39605562040296116;0.43190263052356215;13.024192908881767;3.934487527919814;3.8289484977443977;3.0149914227694503;5.760511620689503;-1806.9980235472185;-4927.382198044598;-61.34560600219894;BELOW_PHYSICS;-2410.9797661960124;-6014.644696909373;-554.6916575752666;BELOW_PHYSICS
103721;160.0;80.0;2;False;2000 - 10;2001_2010;0;2;ground-source;False;6.1;single family house;2023-01-25;False;floor_only;160.0;True;True;1041;35;3.4688508053850113;2.036192361554412;1.3948335680917117;7.824136148553327;19.64122414856677;17.604440928270044;0.585500024329249;0.6386801733933609;5.571182581472532;11.10646837571891;1.1482871113546884;3.119470148727528;1.0656288359691353;1.3414532066961902;1010.9747818572168;522.1430973194394;1572.316633409842;SLOPE_EXCESS;280.7194239039757;-243.40632106136508;765.2076680550426;INCONCLUSIVE
821088;220.0;110.0;2;False;1995 - 00;1991_2000;1;2;ground-source;False;9.5;single family house;2023-01-25;False;floor_only;220.0;True;True;1036;35;3.4831671702758658;2.421210558017809;1.7454767831303655;8.208546380150173;16.413690686658875;14.306562367864698;0.7845547182795535;0.8392626646559511;6.2637352712949905;10.126186107851412;1.656399742996278;3.1323445775862098;1.4084750162366024;2.0494256515751315;874.4126183988737;296.6502381487363;1289.5039900314666;SLOPE_EXCESS;101.84229403277489;-434.8874368125057;565.7393286827153;INCONCLUSIVE
796869;150.0;50.0;3;True;2000 - 10;2001_2010;0;2;air-source;False;5.29;single family house;2023-01-30;False;floor_only;150.0;True;True;1045;35;3.4634118230358504;1.92527479035588;1.5709994860117051;4.331425321802446;8.707070480641683;7.5673312236286865;0.7259314597618447;0.7487639048279293;2.401398220568672;5.924941435746274;1.4406825964484982;3.114578977550225;1.3383338351899978;1.7356735129476335;550.8947408375388;130.44853816697804;781.1733580093587;SLOPE_EXCESS;148.14701929845404;-325.82051741108796;488.1112629601857;INCONCLUSIVE
727690;157.0;53.0;3;False;1976 - 80;1976_1990;1;2;ground-source;False;10.6;single family house;2023-02-06;False;radiator_only;157.0;True;True;503;19;3.355971230587489;2.8321552856418126;2.1261478686383826;8.491716525351784;14.745036332877511;12.573081196581182;0.7678043369891705;0.8115422767394989;4.974845946863357;12.08465446328816;2.0990342985097565;2.6804882033446398;1.588067585558009;2.8719374308181886;717.2695875356267;-142.68487825982174;1347.5946483947719;INCONCLUSIVE;26.527325781323984;-838.6941395121688;671.1355211877737;INCONCLUSIVE
669010;170.0;90.0;2;True;1986 - 90;1976_1990;1;1;air-source;True;16.3;single family house;2023-02-07;False;floor_only;170.0;True;True;758;25;3.454541145654086;3.1780081508794895;3.0529772765441;1.5444433591806948;67.61339126889789;67.19159292035403;0.43470171859468165;0.43535879083113793;-7.617229874146177;10.658676422156896;2.446245554273466;3.106601749688926;2.052193458191832;3.4094172520978248;829.7526614852122;-522.3278621894783;1786.080194765419;INCONCLUSIVE;687.9789479491703;-810.4195187084991;1652.9622718489775;INCONCLUSIVE
9889114;200.0;80.0;3;False;< 1975;pre1975;2;4;air-source;False;19.6;single family house;2023-02-09;False;radiator_only;200.0;True;True;874;30;3.063642465094684;4.8996644598306345;4.448830485386502;5.308016397901923;20.552423603241493;19.30390249433104;0.7174066553895315;0.7228970956133055;-2.700976623544094;12.395385971353223;4.348923513291195;2.755074159257809;2.7753248602274727;6.361821394024758;553.8262348434382;-1777.6601585589601;2465.400443448148;INCONCLUSIVE;100.46665775955634;-2316.035187286419;2095.1324396116916;INCONCLUSIVE
7984107;120.0;60.0;1;True;< 1975;pre1975;0;2;air-source;False;8.0;single family house;2023-02-14;False;both;120.0;True;True;712;25;4.538089887640449;2.3315356010384614;2.2131605219719503;1.7370435386586112;21.96946304602892;21.535671974522288;0.545391132184115;0.5465263828541429;-1.447580390697825;4.867347432650164;2.705437095972483;4.746955949414696;2.4679966628695547;3.615985769711834;-647.8362829433179;-2287.7068886615975;-162.59337761665395;BELOW_PHYSICS;-852.9375522738993;-2530.2098996473687;-280.5917475540003;BELOW_PHYSICS
721077;234.0;117.0;1;True;1981 - 85;1976_1990;1;3;ground-source;False;13.7;single family house;2023-02-15;False;both;234.0;True;True;1140;38;3.814088285024155;3.2424778569393773;2.223097504570009;12.936865846427011;17.34180319139729;13.728697286012496;0.7951623844613068;0.8681968740112664;10.256500600238862;15.210411860562626;2.2932124606351363;3.541400450347405;1.858553946266814;3.464798666302039;1227.0310492194321;-349.79077114561903;1852.1906900313122;INCONCLUSIVE;-90.63137499957257;-1607.9149951711704;514.97234632189;INCONCLUSIVE
658466;162.0;81.0;2;False;1986 - 90;1976_1990;0;2;ground-source;False;7.5;single family house;2023-02-16;False;floor_only;162.0;True;True;962;35;3.442128566693784;1.217597132325507;0.9229390342897359;3.6356336512099174;9.870989512713324;8.88224074074075;0.662667032369606;0.7004995621493617;2.5844462587517825;4.605027185082169;1.8734671058823529;3.0954393585375755;1.6865526974837202;2.220229887954588;-741.0250915342637;-1179.1253763158788;-502.0073876353434;BELOW_PHYSICS;-1073.9402315339523;-1530.7939798211075;-811.6242179686724;BELOW_PHYSICS
112120;136.0;70.0;2;False;1976 - 80;1976_1990;0;2;air-source;False;7.8;single family house;2023-02-20;False;floor_only;136.0;True;True;1284;45;3.7594248273059727;1.6565870902963724;1.4174286125991822;3.0313707230884894;8.23773442956581;7.413389891696752;0.4905488107218968;0.49992285114070734;0.4878317381572598;5.664868146228848;2.02237201772632;3.4906451507019245;1.8606983996491202;2.4546732437751255;-466.0412648436185;-1488.7501588576756;153.22305692418712;INCONCLUSIVE;-770.7496086979958;-1910.7396090310242;-87.2319603804152;BELOW_PHYSICS
1159664;152.0;76.0;2;False;< 1975;pre1975;2;4;air-source;False;10.6;single family house;2023-02-20;False;radiator_only;152.0;True;True;454;16;4.389148247462172;1.9068180731192321;1.8544269960762592;0.753436993587842;25.37740865517036;25.129409638554204;0.6442933227042514;0.6448178790520225;-1.184685461648122;2.7322067484485;3.226844865951061;3.505709462829211;2.1514257514875097;4.810368899552017;-1689.0851028688023;-3772.8401596252215;-264.4202887872859;BELOW_PHYSICS;-1756.1238843822405;-3911.959330036017;-375.8374289697739;BELOW_PHYSICS
122887;232.0;108.0;2;True;2000 - 10;2001_2010;0;3;air-source;False;9.74;single family house;2023-02-23;False;floor_only;232.0;True;True;1099;37;3.624955183236407;1.797801079784193;1.4970875361219256;3.7196619965139788;23.105896061411926;22.073832627118673;0.6081047840272136;0.6242131647073031;1.6880767820602225;6.017017818441606;1.9901464616946054;3.365789399476701;1.8316557435143939;2.4040367485790313;-236.2988273274127;-808.0624892425454;81.38881670183366;INCONCLUSIVE;-605.7293643286125;-1233.799765459515;-287.8828467346404;BELOW_PHYSICS
706817;168.0;64.0;2;True;2000 - 10;2001_2010;0;3;air-source;False;6.1;single family house;2023-02-28;False;floor_only;168.0;True;True;1045;35;3.459783433881146;2.805905104446456;2.468838781035538;4.119202402782096;22.886136768143857;21.80153375527425;0.47702436929910097;0.483426608015012;0.5271035831325844;8.018727715747401;1.4178322285714287;3.1113160376629008;1.3094543290417011;1.7239456435270966;1576.3376910565155;975.4557473292217;1858.0978616448003;SLOPE_EXCESS;1193.554942965188;447.2250603155606;1608.047025248426;SLOPE_EXCESS
748773;200.0;120.0;2;False;1981 - 85;1976_1990;0;2;ground-source;False;13.7;single family house;2023-03-02;False;floor_only;200.0;True;True;317;11;2.9942124079915877;1.7690915486886383;0.9966194565674598;9.289620782886137;13.690686531519766;11.49069325153375;0.6928990256893003;0.8185572394112195;7.121062778687752;12.439762220490858;2.433164701404906;2.3915434568622906;2.2037008242109395;2.8962869050948865;-579.6783281886234;-1085.5083899973843;44.89899940259417;INCONCLUSIVE;-1253.9795389838355;-1735.822599197939;-1023.5644090902131;BELOW_PHYSICS
100119;160.0;160.0;1;False;1986 - 90;1976_1990;0;3;ground-source;False;5.9;single family house;2023-07-20;False;floor_only;160.0;True;True;274;10;3.3443381995133823;3.0649538340665883;2.0682944582781437;12.017088546589553;18.63181620714669;15.95643795620439;0.7902472761262347;0.857318602103796;3.766085670795449;19.96398970892578;2.142224842929426;2.67119664497874;1.9593171033442052;2.7102259437089256;899.648563652825;132.87325803770742;1685.2634409550526;SLOPE_EXCESS;-72.08114733650986;-899.2316537615623;965.3693182806466;INCONCLUSIVE
8087988;198.0;84.0;2;True;2000 - 10;2001_2010;0;2;air-source;True;11.0;single family house;2023-08-22;False;floor_only;198.0;True;True;387;13;5.074782046961016;2.345683527434234;2.0600421328525003;4.316758040399671;21.856035564178832;20.516999999999992;0.8141608073691742;0.8253131786126343;1.2267569899346835;8.007635644615805;1.6867737257900308;4.053340293099853;1.5593722494055584;2.0532390377805037;974.8367617108511;363.40344194242306;1197.449640098993;SLOPE_EXCESS;552.2391141879394;-91.6705313700948;791.7368726740215;INCONCLUSIVE
5610182;140.0;50.0;3;False;1995 - 00;1991_2000;0;2;air-source;True;6.6;single family house;2023-11-07;False;floor_only;140.0;True;True;373;13;3.7252663869137823;1.0473751620834129;1.0265143033639472;0.25865645347461375;27.568977736722402;27.494824675324676;0.2733538671240735;0.2734573395459926;-6.169826664073418;3.90794550490001;1.615285223365322;2.9754523857138837;1.494069385525272;1.8290983492365847;-616.7731115499438;-1170.230778421678;131.09060601131685;INCONCLUSIVE;-639.4288410733229;-1117.5753170973542;209.45854258870733;INCONCLUSIVE
6901131;195.0;195.0;1;False;2000 - 10;2001_2010;0;4;air-source;True;7.2;single family house;2023-11-15;False;floor_only;195.0;True;True;504;17;4.207008741660915;3.313443701673295;2.2877156820615703;14.089539159937845;21.566636794757564;17.02001069518717;0.727306113390921;0.8007416193774748;9.945880610668773;17.774187849744067;1.868338402210847;3.3602306243298043;1.756142466232318;2.262603395148512;1772.398785161779;923.6106197365349;2320.3742790535907;SLOPE_EXCESS;514.3595982994239;-76.84354904752533;882.5010993668618;INCONCLUSIVE
7474976;180.0;60.0;2;True;< 1975;pre1975;3;2;air-source;False;8.69;single family house;2023-11-21;False;radiator_only;180.0;True;True;1075;40;2.7859107516009436;3.5272802258885196;3.0458044227020826;5.246085118988621;20.907734420369145;19.71632194244605;0.7093196117970176;0.7210586212262237;1.4963570248321452;8.806609258154435;3.3168265773874337;2.5053154241015676;2.1609306201778016;5.176073301548029;192.44726165160043;-1575.6464530101139;1252.2573314637066;INCONCLUSIVE;-247.8335343083546;-2028.8068009450997;931.0679681359915;INCONCLUSIVE
801031;120.0;120.0;1;False;2000 - 10;2001_2010;0;2;air-source;False;6.6;other;2023-11-21;False;floor_only;120.0;True;True;952;33;3.6031630130312995;4.170626704206339;3.3673642369626737;9.712997784458981;11.757472286310325;9.376947126436786;0.8827571697941654;0.9096901836365758;6.410097492485663;13.338687002891369;1.2196884272122037;3.240254508121672;1.1204235920614585;1.4682563944202889;3490.0537351549515;3035.0417118057553;3852.447100895831;SLOPE_EXCESS;2540.040921952655;2043.4466569849446;2986.2874037476963;SLOPE_EXCESS
730976;130.0;50.0;2;True;1995 - 00;1991_2000;0;3;air-source;False;15.0;single family house;2023-11-22;True;floor_only;130.0;True;True;336;12;4.092657587129055;3.6139351094878784;2.544335863185033;12.576192054327075;17.61232069761951;14.728570422535244;0.7732016766356553;0.8178191951893602;4.006704066629786;20.984147446754065;1.437821876613959;3.2688958363650595;1.3497111704702953;1.7477833963327274;2596.4229325361694;1522.543367040885;3528.4642857766326;SLOPE_EXCESS;1320.2338217073889;556.2881034640014;2365.3532961067417;SLOPE_EXCESS
104118;150.0;140.0;1;True;1986 - 90;1976_1990;0;3;ground-source;True;10.3;single family house;2023-11-23;False;floor_only;150.0;True;True;456;16;2.712343138189677;3.005925763749135;2.13159275139602;10.058529434948644;17.973292617629568;15.955206225680929;0.7661738581929346;0.8213362168198937;6.819210669821025;13.70810016780658;2.227932920346026;2.166408257339998;2.0218042228185866;3.0332119960950505;615.1892938364705;-92.58511822776467;951.2178817832935;INCONCLUSIVE;-76.17993019729063;-748.2889558406366;126.82945553222989;INCONCLUSIVE
119498;131.0;131.0;1;False;1976 - 80;1976_1990;1;3;air-source;False;12.6;single family house;2023-11-23;False;floor_only;131.0;True;True;436;15;4.10716354208217;4.190028674907369;3.1687908979587256;14.172915496245563;31.477348637517718;26.894933734939734;0.6360766302122642;0.6773580602548541;8.036769750941817;21.083378485036476;1.9748095196947375;3.2804820623659507;1.5736804623211729;2.6394316843085006;2652.4501465528397;1144.3071371054425;4107.216391657141;SLOPE_EXCESS;1429.6445903808058;28.330310602858297;2748.0740061498764;SLOPE_EXCESS
767371;180.0;90.0;2;False;1981 - 85;1976_1990;1;2;air-source;False;9.421;single family house;2023-11-23;False;floor_only;180.0;True;True;425;15;3.996594049445865;2.2974562956128457;1.8447262913965488;6.115629820460938;8.156456310679992;6.2388975903614385;0.781626978868595;0.8137934142903211;4.112906155855721;8.780326142522993;2.233802843418773;3.1921677711228953;1.8287980278203149;2.8657590540524565;74.16526199434038;-717.4163677007004;570.3402695107208;INCONCLUSIVE;-453.329134900712;-1226.3019341399547;29.459060246315246;INCONCLUSIVE
841211;112.0;56.0;2;False;< 1975;pre1975;2;2;air-source;False;14.0;single family house;2023-11-29;True;both;112.0;True;True;715;24;3.7098939596635248;4.545948937438064;4.019793717750757;6.39656481189976;10.732036670884872;9.114465189873469;0.8920142214052085;0.9019165775109199;3.5240864696012046;9.818168930592247;2.324782444712007;3.8806422172212605;1.464405490743655;3.4940240782895624;3146.136649049756;1390.001814461543;4628.4291850679;SLOPE_EXCESS;2400.8722912593453;461.1876591017881;3846.22412210179;SLOPE_EXCESS
611629;108.0;43.5;3;False;< 1975;pre1975;1;2;air-source;False;5.92;single family house;2023-11-29;False;radiator_only;108.0;True;True;897;32;3.899378273795098;2.6257510804079605;2.451298528154986;2.4339252405501663;17.133641411753498;16.408353562005264;0.7785307352162802;0.7821947820730634;0.5253077885519938;4.650341669652107;3.08168695008363;3.506635138304944;2.2914221865121567;4.218490084134205;-583.562270617689;-1973.7693655938995;406.5959469244069;INCONCLUSIVE;-806.8478997571888;-2220.5286549749458;216.928480002421;INCONCLUSIVE
8190108;160.0;65.0;2;True;2000 - 10;2001_2010;0;3;air-source;True;6.1;single family house;2023-12-01;False;floor_only;160.0;True;True;760;26;3.466130072463768;2.633829027174722;2.0257735264950303;7.507877610315609;28.826487582129097;26.77511799410035;0.7186687088034074;0.7559504214302417;4.362260315606097;10.082244932888518;1.3997923452454242;3.1170234464602227;1.3077735844375606;1.6935509575281078;1403.9802640484431;983.4424057667926;1625.023053653868;SLOPE_EXCESS;712.1872769342293;208.85725516371795;982.6892456344957;SLOPE_EXCESS
105714;145.0;145.0;1;False;1981 - 85;1976_1990;1;3;air-source;False;8.14;single family house;2023-12-05;False;floor_only;145.0;True;True;630;21;3.4174835518748563;3.1763126989646806;2.7930222294851035;4.792290520436804;21.089890897264286;19.85149830508472;0.8907581308486697;0.9030210319731882;3.0450582653166482;6.345861470136428;2.1533482629645926;3.574773589827256;1.773747925837111;2.9628751637525284;1334.7561809381618;296.64663446030653;1883.4443389214186;SLOPE_EXCESS;834.6417045904119;-277.74243655571934;1398.6420847478194;INCONCLUSIVE
698983;140.0;70.0;2;False;< 1975;pre1975;2;4;air-source;True;12.6;single family house;2023-12-06;True;radiator_only;140.0;True;True;318;11;3.2276818658280924;4.099251340260043;3.3696461363578685;8.89581260031066;18.323681791860466;15.950966442953021;0.8222128559944428;0.8484561296288895;3.726390621240654;13.808118728801254;3.0344962776973743;2.5780206596071027;1.926580964029907;4.501041862716928;1001.9106002783518;-573.7655398833929;2164.662798216155;INCONCLUSIVE;315.36848978727136;-1438.0967641190282;1465.538029630826;INCONCLUSIVE
7646451;219.0;130.0;2;False;> 2010;post2010;0;5;air-source;False;5.29;single family house;2023-12-07;True;floor_only;219.0;True;True;341;12;3.0835361681329427;1.7594203219103102;1.804788555994807;-0.49361211434088004;8.37095735082856;8.485830303030308;0.6797185778916524;0.680089694630329;-1.9845283257615078;2.593819268168913;1.4589037305403838;2.4628883132052257;1.3486531381984175;1.6775146242410204;270.15066229538064;-526.5940631978265;458.25584789398187;INCONCLUSIVE;310.9346284292557;-799.4497901282408;491.6673296249146;INCONCLUSIVE
477661;230.0;108.0;2;True;2000 - 10;2001_2010;0;4;ground-source;True;9.7;single family house;2023-12-07;False;floor_only;230.0;True;True;822;28;4.00693494128848;2.9150192693409154;2.1138183813744664;10.379936722588171;18.230804758749652;15.35463235294118;0.7359994489859825;0.7858119876123605;6.679891080041374;13.671928424944625;1.633433744924969;3.6033587601515107;1.5195988506661604;1.995819841864658;1685.5745355949623;899.6291690731704;2116.9669857018566;SLOPE_EXCESS;631.8143386172608;-80.94972136825278;1087.6262583607472;INCONCLUSIVE
7747482;200.0;100.0;2;False;1981 - 85;1976_1990;0;2;ground-source;True;14.5;single family house;2023-12-12;False;floor_only;200.0;True;True;383;14;3.6645541491656255;2.6948534653069878;2.045115961223146;8.340068987032067;14.314177129339411;12.056964705882352;0.6649775740364883;0.7016235180172761;3.7987818376440123;14.30120200213028;2.2044988235294114;2.926960183039637;1.985905697578964;2.637379781975078;523.8657068988451;-235.26179791362088;951.2727076421999;INCONCLUSIVE;-170.27516151770467;-1270.2813888392939;456.80274060366366;INCONCLUSIVE
776736;180.0;90.0;2;False;< 1975;pre1975;1;2;air-source;False;17.2;single family house;2023-12-13;True;radiator_only;180.0;True;True;344;12;3.0341637175598253;4.2630655915922215;4.270796149440406;-0.0842038645409906;4.540710475017828;4.560825301204804;0.8711774097787169;0.8711798664705586;-2.5514612895511264;6.0847168593749466;3.9576784424297333;2.423453448530212;2.9498184436937476;5.4595172490403785;270.13341201774443;-1340.3859623606725;1294.5153317398365;INCONCLUSIVE;276.9715582005735;-1784.4968334904088;1346.2702227709192;INCONCLUSIVE
310610;160.0;80.0;2;False;1981 - 85;1976_1990;0;2;air-source;False;8.1;single family house;2023-12-19;False;floor_only;160.0;True;True;954;33;3.428853674839729;2.5084511894774084;2.0265600219579993;5.692693773441289;11.290944524577872;9.929850779510016;0.6935114518154607;0.7145943533140222;3.3436439563393834;7.867122698315956;2.253401270432815;3.083501506150835;2.0225704095264354;2.6498505671283756;287.0530854739431;-465.45180756402027;723.274763824285;INCONCLUSIVE;-255.30484593516894;-1046.120827081131;284.24043147402864;INCONCLUSIVE
8773113;160.0;80.0;2;False;1976 - 80;1976_1990;1;1;air-source;False;8.69;single family house;2023-12-21;False;radiator_only;160.0;True;True;457;16;4.575582120318397;3.72532862327498;3.4051506817787267;4.512345401645369;13.001286657063298;11.484387096774208;0.8452131199203897;0.8516776793229115;1.1437445215440707;7.9148536805649465;2.5482976395358907;3.6546183069635756;2.144999322445301;3.272920520851659;1570.0836280782207;351.74946895692966;2221.3757298310547;SLOPE_EXCESS;1142.9868473137074;-79.87392745041775;1891.8656941408217;INCONCLUSIVE
897731;639.0;213.0;3;False;< 1975;pre1975;2;2;air-source;False;15.7;single family house;2024-01-09;False;radiator_only;639.0;True;True;212;8;4.3485982704402515;9.559822349593544;9.138014644188857;6.541843522946759;36.62661174408672;34.017367647058826;0.5925373537348252;0.594178306272005;-11.002844953727164;50.521108787706446;9.463975992224366;3.4733213022685714;6.396998445167788;13.420779427568464;121.51039610025207;-7354.318567587463;4931.690700087124;INCONCLUSIVE;-413.2415002544886;-7778.274873039233;4299.848235482282;INCONCLUSIVE
1191021;380.0;300.0;1;True;< 1975;pre1975;2;3;air-source;False;16.3;single family house;2024-01-23;False;both;380.0;True;True;398;15;3.916193649406452;7.955704866819993;6.511688237202742;19.2149449470339;30.891152792349256;25.3455301204819;0.787088810434239;0.8125175458686172;7.641938926722448;36.75960591132541;7.091568238654129;3.127950199206431;4.77793688935394;11.705744603492311;986.58636344774;-4366.891694758637;3716.42012751548;INCONCLUSIVE;-662.0500546103272;-6066.723084647276;2168.173167195679;INCONCLUSIVE
9097838;213.5;90.0;2;True;1981 - 85;1976_1990;0;5;ground-source;False;8.9;single family house;2024-01-24;True;both;213.5;True;True;944;32;3.7934696481208547;2.3324201746838145;1.983818280803491;4.384312610391249;15.345961767451877;14.146463840399015;0.719247799163146;0.7338210887037406;2.1994494961271234;6.7752546360479755;2.659196080442393;3.4113935684540055;2.2415559172180335;3.599358673615618;-406.8878464791495;-1585.8948690635648;149.93261529076912;INCONCLUSIVE;-840.9525109171402;-2047.03306662681;-311.71060005739344;BELOW_PHYSICS
699801;225.0;150.0;2;False;1976 - 80;1976_1990;2;2;air-source;False;12.0;single family house;2024-01-25;True;floor_only;225.0;True;True;247;11;1.4874699290031097;3.436086041563589;0.07907746395994852;27.43224198728531;15.284864610961895;11.393377245508995;0.3382928857398162;0.5899357878729202;17.147571021114622;48.96464399963332;2.8508095380882135;1.1880750231654231;2.0720417062368615;3.968450192602246;253.80362433000988;-803.6206125143614;841.4140975572212;INCONCLUSIVE;-1201.954361585074;-2508.7811173987493;-543.8116052716622;BELOW_PHYSICS
876790;180.0;70.0;3;False;2000 - 10;2001_2010;0;3;air-source;True;6.6;single family house;2024-02-15;False;floor_only;180.0;True;True;902;30;3.9701057071242647;2.857023605395761;2.5748434352603122;3.6625296424698277;27.395329799893855;26.31078830083567;0.7573198088358098;0.7644717223581817;1.537203996175916;6.1686224935255884;1.6337358132947397;3.5702389452556336;1.5201853073814595;1.876943906748095;1594.1118465644176;1091.0097502072238;1979.4939260913093;SLOPE_EXCESS;1226.3923655207172;716.117233425072;1628.932409130285;SLOPE_EXCESS
1015877;170.0;170.0;1;False;< 1975;pre1975;2;2;air-source;False;13.2;single family house;2024-02-20;True;radiator_only;170.0;True;True;864;29;4.025471089975845;3.4742558047368455;3.0755548231821352;5.118910652888551;9.924979069221434;8.437263157894726;0.871516066246465;0.8821551055867342;2.8744513292527776;7.898522841110893;4.1036380453060906;3.620027958611371;2.5854782515735226;6.427119000007674;-831.6091772426593;-3946.1331430922487;1110.9217695462958;INCONCLUSIVE;-1358.4168528718137;-4476.433093623665;565.1510970514198;INCONCLUSIVE
1141047;148.0;60.0;3;False;1995 - 00;1991_2000;0;2;air-source;False;5.8;single family house;2024-02-29;True;floor_only;148.0;True;True;468;16;4.734625959990091;1.870534671897512;1.5326021074853124;5.204793068065569;5.90169234234686;4.076300000000001;0.7329197349385586;0.7602111141473621;0.6143907635685829;8.869779239692763;1.7810902385748508;3.781650127787613;1.6660664722915566;2.049003785254099;123.46035673715426;-615.6029151545491;602.2236333716696;INCONCLUSIVE;-342.98873803128714;-882.47952474623;17.105217374046447;INCONCLUSIVE
