Household_ID;era;visit_status;technician_recoverable_envelope_kwh;slope_excess_lo_kwh;slope_excess_hi_kwh;not_recoverable_by_visit_kwh;slope_excess_pct;step_kwh_day;rank_in_era;beta_meas;beta_phys;n_days
120701;1976_1990;USES_LESS_THAN_MODELLED;-950.0;-1880.6757254053778;-691.3175060655556;1588.0;-31.260684862143098;7.173392128078227;;1.5396075125207815;2.239777206731103;576
706646;2001_2010;INCONCLUSIVE;913.0;-459.9257141664361;1583.5777702121268;2939.0;36.11149509805459;7.997366056225572;;2.5308650858215893;1.8594058378378377;939
1078861;pre1975;INCONCLUSIVE;1405.0;-2635.2960974542184;4144.348488286201;1424.0;61.530102524047685;9.437382970547828;;2.7148020708513547;1.680678727017579;393
190821;post2010;INCONCLUSIVE;128.0;-394.71649553080755;156.69672552913826;41.0;12.220524967332837;4.509663773158914;;0.8660866848837199;0.7717720845948955;1292
105898;1976_1990;INCONCLUSIVE;759.0;-695.7098640554074;1368.44051716952;851.0;31.670307455270883;20.877266821094203;;2.3245020080121863;1.7653957471025365;789
1178890;2001_2010;INCONCLUSIVE;138.0;-1402.36893215995;1013.6255383777843;683.0;5.039547405959161;2.984728246386876;;2.1190182846127676;2.0173528322843386;180
731201;1976_1990;INCONCLUSIVE;1161.0;-2192.7992011195024;2607.09077644239;2502.0;19.545862149085817;15.861698987454245;;3.6379934911862337;3.0431780956577876;539
1228011;2001_2010;INCONCLUSIVE;402.0;-410.2147005825305;998.5529401445336;2103.0;26.939776141400227;10.83304356987911;;1.3954393646093188;1.0992924416810983;678
114117;1991_2000;SLOPE_EXCESS;1712.0;312.52318513102546;2535.563562177362;1714.0;59.10845154860941;3.053096084655858;8.0;3.3900771626701443;2.130670702702702;340
8627071;2001_2010;INCONCLUSIVE;1608.0;-2396.1202215732465;3907.005384363493;2570.0;76.31271866763086;-4.254369476167065;;2.8055134703101485;1.5912144577606193;270
867211;1991_2000;USES_LESS_THAN_MODELLED;-845.0;-1959.6352203271763;-818.1572833966491;1988.0;-35.99358682600105;6.887692435387333;;1.1062543762546313;1.7283492722007743;718
1114677;post2010;SLOPE_EXCESS;5377.0;3485.0790875319367;6069.767280419301;1969.0;160.94572960828435;3.791073987314387;1.0;4.465151744189421;1.7111419109606552;500
611797;1976_1990;SLOPE_EXCESS;3021.0;1245.2635757896965;3732.6497050112853;2339.0;90.10539045717006;6.967924001781565;5.0;4.812260032650262;2.5313643243243247;1130
1137376;1976_1990;INCONCLUSIVE;1597.0;-80.09113458647856;1886.1100624712467;4440.0;65.48890098419439;11.834282505617521;;2.969880917965977;1.794610333565286;1670
700831;1976_1990;INCONCLUSIVE;1637.0;-1026.4616474775023;2148.4567186766712;4196.0;29.327943721484285;29.06471603724084;;5.307543688063889;4.103941913353244;836
1191127;2001_2010;SLOPE_EXCESS;2125.0;699.8184328694422;2793.5748739764804;246.0;143.02428003950473;6.6572861904742915;3.0;2.7271507500286973;1.1221721342350592;296
121798;1976_1990;SLOPE_EXCESS;2575.0;1135.9749554379996;2726.7668158482747;2381.0;120.31360855807308;13.328032543021669;6.0;3.4749885480499643;1.5772918299479364;424
114671;pre1975;INCONCLUSIVE;340.0;-1254.8243964514668;846.2494209845554;2213.0;9.256039235031894;12.676458948869906;;3.0298852054672105;2.773197002821339;571
1121037;2001_2010;SLOPE_EXCESS;2404.0;1768.3355802343801;2648.358778742611;201.0;208.37322619341617;11.720300733486743;1.0;2.617688850073459;0.8488703388379141;683
9880798;1991_2000;SLOPE_EXCESS;2972.0;2346.014548035661;3088.172851562917;2859.0;255.38788714671398;4.767384759407393;2.0;3.0482848201570127;0.8577345853373433;561
680861;1991_2000;SLOPE_EXCESS;3912.0;78.62823031818706;5271.228305135627;371.0;161.15648506626655;28.039177386880976;9.0;4.6721584086271974;1.7890263791234866;452
468185;1976_1990;INCONCLUSIVE;312.0;-1474.854760766427;863.421995919301;2446.0;11.477573350148582;6.901612686497668;;2.231524709940645;2.0017700806344925;1457
781007;1976_1990;USES_LESS_THAN_MODELLED;-369.0;-1479.4616739375317;-381.55833222079747;967.0;-17.009489610488902;2.6622492970246103;;1.3270465652602468;1.5990341052631578;1451
761079;1976_1990;INCONCLUSIVE;1164.0;-144.4568180104249;1287.430469452964;2076.0;32.23307125598604;8.065877927646753;;3.520261219071208;2.6621639999999998;1377
461089;1976_1990;USES_LESS_THAN_MODELLED;-565.0;-1885.6147127998213;-651.4103641146445;1184.0;-21.447307424957927;6.196337094980526;;1.524412188265294;1.9406237243987654;1426
114109;1976_1990;INCONCLUSIVE;608.0;-859.0434837712158;1051.476279307663;1608.0;21.61726779413169;17.399154653322743;;2.519272514211167;2.0714759999999997;1381
107114;1976_1990;INCONCLUSIVE;441.0;-996.2897045008369;781.6764426363368;664.0;23.795320194734426;12.124428176407681;;1.689135767291396;1.3644584986204047;1378
671048;2001_2010;SLOPE_EXCESS;1181.0;101.76794596090119;1511.0069361531946;1647.0;46.228102579488024;0.3103192873928468;10.0;2.7539765055841756;1.8833428438197395;712
109711;1991_2000;INCONCLUSIVE;289.0;-539.6354640407029;419.04894441709683;1498.0;22.22396678378569;9.052114187026827;;1.1693165080290018;0.9566998509363747;712
7610179;1991_2000;INCONCLUSIVE;876.0;-907.1186575554376;1412.6552033800147;3400.0;19.575518284997234;4.727686004968738;;2.7416957355355964;2.2928570788219518;1135
6569121;2001_2010;INCONCLUSIVE;784.0;-352.65509493883746;1014.0428357898392;2304.0;29.648766269499045;3.0010817238247904;;1.7563376189094888;1.3546890336454223;719
5011111;pre1975;USES_LESS_THAN_MODELLED;-1320.0;-4504.655558556362;-1529.2949983427807;4788.0;-15.798421735569656;12.7957982392643;;3.603607047779793;4.279738126122608;1150
5661171;2001_2010;SLOPE_EXCESS;2032.0;472.9596284078689;2771.8441463013423;479.0;80.8009045472908;12.913883493609331;5.0;3.2474012284636355;1.7961200120070395;561
110119;2001_2010;INCONCLUSIVE;410.0;-234.48577034356416;545.4914083972192;1498.0;26.467407419748866;4.457365341814366;;1.4790576376831082;1.1695168485379592;719
102766;2001_2010;SLOPE_EXCESS;5107.0;619.3819624833061;9106.369058411776;1847.0;182.3655095136372;4.09730655487067;4.0;4.050312691648853;1.4344218947368421;719
105900;2001_2010;SLOPE_EXCESS;1435.0;119.26267784701449;1623.4448671295527;3679.0;38.61901539681387;3.7419211826651604;9.0;2.6391074435662727;1.9038567226952992;537
826780;pre1975;INCONCLUSIVE;-289.0;-1822.429983551966;519.4781026638778;1180.0;-13.572611668740663;6.740428960601268;;1.3576968241425234;1.5709103912046214;842
698310;pre1975;INCONCLUSIVE;60.0;-3107.0063163591312;1723.9204426120016;1880.0;1.554820049365505;3.0061206648552763;;2.893798291548147;2.849493790783618;503
24611;pre1975;SLOPE_EXCESS;1477.0;478.40904058865493;2094.136995975679;2472.0;36.31120232862107;1.8482288383840073;4.0;3.9549748641627653;2.9014305475994946;707
6683113;pre1975;INCONCLUSIVE;-273.0;-2048.802586913778;98.65671600584935;2398.0;-6.930125429220828;6.305984074130581;;2.700357771409121;2.9014305475994946;322
896968;1976_1990;INCONCLUSIVE;446.0;-1992.7413784361602;948.6650517244735;1064.0;14.877956020102763;2.6182517090510795;;2.535294510816446;2.20694604835482;344
9981041;2001_2010;INCONCLUSIVE;1078.0;-492.88678855788567;1241.8543284609484;388.0;43.26406715261457;8.439977718813397;;2.6956366505437135;1.8815860139389586;1033
111710;1991_2000;SLOPE_EXCESS;1847.0;526.732822775758;2833.811885779186;1649.0;41.89016602864561;1.564833969629117;6.0;3.2046871420157923;2.258568885858384;991
1027273;2001_2010;INCONCLUSIVE;900.0;-222.341977317289;1085.6360375247211;2985.0;28.288501320850965;3.0959479083342973;;2.090583096176017;1.629595072552485;682
6981151;pre1975;SLOPE_EXCESS;5599.0;2090.5630339096483;7439.436559603478;2023.0;135.25106554461584;21.647824718526497;1.0;7.353902096885406;3.1259803562890656;902
876511;1991_2000;SLOPE_EXCESS;3007.0;520.609928740416;3444.5240732228976;5961.0;43.87649953550542;6.859789031890731;7.0;5.051525186609675;3.511014795966088;412
7412010;2001_2010;INCONCLUSIVE;-50.0;-1538.183954584057;102.68394274761955;656.0;-1.2652360747448044;0.2732139427088881;;1.9836769924004556;2.009096810017342;783
6810910;1976_1990;INCONCLUSIVE;1391.0;-26.638209823590017;2496.704751506502;1779.0;33.74497421238816;1.442415307753896;;2.8243655178612506;2.111754504790688;825
9889190;pre1975;INCONCLUSIVE;-1103.0;-2529.0212400099117;34.38857011678953;1784.0;-34.82002982138553;5.6357002162585035;;1.5221050461930679;2.3352343396629385;776
6808461;post2010;INCONCLUSIVE;16.0;-316.04847080590804;256.9508503908887;83.0;1.1802381245648497;5.649157280714951;;0.9806268887619463;0.9691881605918722;821
6773102;pre1975;INCONCLUSIVE;-155.0;-1183.9888236248212;763.009663105165;1566.0;-5.583295707098992;10.183140550969295;;1.9248653392057427;2.038691515046315;797
4710670;pre1975;INCONCLUSIVE;1025.0;-637.5319049067349;1289.6935971920234;3032.0;18.87856541265361;7.464369941867769;;4.755611330387336;4.000394279557097;798
716869;1976_1990;INCONCLUSIVE;-556.0;-1653.0685318911828;379.0183449101397;1264.0;-18.308495851415504;6.3013413059845576;;1.7710773495211733;2.1680067810966626;811
115508;pre1975;INCONCLUSIVE;676.0;-349.96956036149373;1062.454202391113;1413.0;26.85537901093198;11.510132086745035;;2.279962870460481;1.797293018425337;788
781099;1976_1990;INCONCLUSIVE;480.0;-66.91731409092796;881.5376905574584;1387.0;19.81584886871594;9.79576967281318;;1.9632498023494085;1.638556018161313;809
105768;pre1975;INCONCLUSIVE;-498.0;-2221.994200196013;924.1222443493901;2081.0;-13.047419452040609;6.10593437248622;;2.447117170604968;2.8143123012378464;736
8010411;post2010;SLOPE_EXCESS;1618.0;1014.8484537713067;2050.8999961541736;120.0;48.754639221882606;8.849874882848603;3.0;3.7271537641631376;2.5055714454751965;770
7086681;2001_2010;SLOPE_EXCESS;1837.0;1069.1278843531386;2696.9079567175295;528.0;82.46493834310749;0.33446155846022635;2.0;2.9960570743590833;1.6419905662781584;817
868122;1976_1990;USES_LESS_THAN_MODELLED;-827.0;-1696.7146005975867;-356.55250342071633;2718.0;-16.007294531200667;3.1251992939507387;;3.199440053665151;3.8091879953237644;813
881223;1976_1990;SLOPE_EXCESS;4508.0;2769.4326323789833;5636.284305697152;3459.0;105.48074584678045;12.11637995377216;2.0;6.26400226898204;3.04846190973673;800
118708;1991_2000;SLOPE_EXCESS;1259.0;803.7529959365562;1570.8992905357277;229.0;111.36143249248488;9.035222766362837;4.0;1.7605686679428212;0.8329659045083447;804
1037610;post2010;INCONCLUSIVE;981.0;-92.8880336547841;1619.4157621002278;50.0;72.255214361106;-3.600025400649832;;1.7201784086239136;0.9986219662516745;803
6885841;post2010;INCONCLUSIVE;-96.0;-407.2173769312762;182.98846531212303;78.0;-5.021916991119441;3.1963172546938488;;1.331613463967894;1.402021836809853;723
2794690;1976_1990;INCONCLUSIVE;775.0;-66.76652030080002;1417.017316900328;778.0;35.77509523948662;5.424581291474861;;2.1647129432029537;1.5943372673646292;797
111119;1976_1990;USES_LESS_THAN_MODELLED;-452.0;-1128.1808186180335;-340.02503456019133;1110.0;-19.070680056949797;5.119058191950407;;1.414467319988221;1.7477810526315787;798
105807;1976_1990;SLOPE_EXCESS;3076.0;2172.808752081383;3736.7136341787523;1306.0;122.54808312341376;11.8607619919999;3.0;4.110673677662793;1.8470946233148295;782
7374981;post2010;SLOPE_EXCESS;3635.0;2612.8713986057487;4394.775921030138;308.0;122.25383400697709;-0.27723871909583936;2.0;3.3852480780738388;1.5231449631449632;785
861116;1976_1990;INCONCLUSIVE;-867.0;-1957.5281456580733;281.04745130601816;1702.0;-24.647672589994617;9.49591781312208;;1.9491426488794472;2.586705302775608;774
108511;2001_2010;SLOPE_EXCESS;1326.0;405.8676926994195;2215.2105108749406;791.0;54.258798307211656;10.29314888709202;7.0;2.777524177718269;1.8005612698905737;779
86109;1976_1990;INCONCLUSIVE;-52.0;-950.7872491243954;625.3551148760054;956.0;-2.0303898433836123;3.4326717854852857;;1.8665771449685193;1.9052613784872348;634
1037311;1976_1990;USES_LESS_THAN_MODELLED;-645.0;-1432.4369036776066;-185.97811333468144;601.0;-37.79844272168934;1.8712572386430897;;0.7823783750885354;1.2578115554051352;740
116121;pre1975;USES_LESS_THAN_MODELLED;-1952.0;-4373.20598539699;-1112.4953641971777;7988.0;-18.863486109721226;3.4542052610059213;;5.674530214965614;6.993805800726543;767
120741;1976_1990;SLOPE_EXCESS;2706.0;2025.6069057175048;3310.0224510881853;1546.0;86.72572808870238;3.5655017731628527;4.0;4.294477618716964;2.299885325217161;770
114721;1976_1990;SLOPE_EXCESS;1752.0;656.9004608614908;2787.680165709117;1507.0;58.83129214955865;9.333313600195414;7.0;3.486129052691804;2.1948628670786086;770
815461;1976_1990;INCONCLUSIVE;586.0;-684.653448311599;1416.8842968054416;1102.0;23.424536258684668;1.731097346586297;;2.2723726382289198;1.8411028366890267;684
1678757;1976_1990;INCONCLUSIVE;-822.0;-1992.762488169773;41.90934399477272;1120.0;-26.18993805323866;1.5499387593585534;;1.5667357040917143;2.122658703662638;757
971071;1976_1990;INCONCLUSIVE;349.0;-1412.9981697116355;1610.1314955782123;1312.0;9.897394051735452;6.580554939854328;;2.8539466121110375;2.596919277965326;768
121728;post2010;USES_LESS_THAN_MODELLED;-853.0;-1477.284928722079;-629.931297387686;176.0;-34.60830145482651;3.3302382147993903;;1.1879655852308224;1.816691738646549;767
114798;pre1975;USES_LESS_THAN_MODELLED;-1967.0;-3504.3370651987066;-1132.8888112507514;3018.0;-41.590556245882986;10.022443441216744;;2.032634913685589;3.4799764953117154;680
1081057;post2010;USES_LESS_THAN_MODELLED;-533.0;-820.1230940592183;-288.0311500336126;53.0;-39.639091865481866;3.8394423678405314;;0.596884589616375;0.9888595252513094;763
9776611;post2010;INCONCLUSIVE;203.0;-48.60716137451259;386.26667535632566;67.0;11.499790719411362;1.309758826887649;;1.4515815678753612;1.301869320569631;761
7411010;post2010;INCONCLUSIVE;116.0;-421.2023315548359;367.56945523090656;127.0;4.480677358200211;2.1469527081050757;;1.9940920589655402;1.9085749723166712;758
512280;post2010;USES_LESS_THAN_MODELLED;-373.0;-923.3045900832086;-131.0551911050438;163.0;-17.41897764493855;5.954657285434739;;1.1968777680684184;1.4493375523039416;757
7710511;pre1975;SLOPE_EXCESS;1904.0;486.1033638593967;2881.475386551516;3270.0;36.95540504327168;19.841416224117165;3.0;5.329435162749425;3.8913653397363657;754
823761;1991_2000;USES_LESS_THAN_MODELLED;-786.0;-1168.1303403058157;-534.3104810244572;479.0;-28.25585094497158;4.596452519714792;;1.4715310070439158;2.051081553584583;751
1101758;1976_1990;INCONCLUSIVE;-117.0;-886.901584525922;298.41211559340945;642.0;-6.834625775508986;3.8106853810909516;;1.1797130213348457;1.266256944873331;749
1061168;post2010;USES_LESS_THAN_MODELLED;-883.0;-1141.7497886272006;-699.6156669080715;103.0;-76.78630224979547;0.6894579864876716;;0.19061012160715973;0.8211105514436203;557
808112;1976_1990;INCONCLUSIVE;-70.0;-514.5981266436228;299.19500448107584;2756.0;-2.4436080911405975;0.4061899548663275;;2.1252256114496486;2.178458602113031;742
1019970;post2010;INCONCLUSIVE;228.0;-42.821667349907656;325.4548451622588;72.0;20.14112073916663;0.1835495096816821;;1.0039538791739382;0.8356455083797499;721
1148611;1991_2000;SLOPE_EXCESS;2345.0;1761.3248158310512;2838.7310818986257;2860.0;99.85716158997928;6.713171972516418;3.0;3.459278405289891;1.7308753800811194;715
7048688;1976_1990;INCONCLUSIVE;-106.0;-1063.4384744885829;505.6600256576929;691.0;-6.710488481928525;7.169642012027953;;1.0846250863496136;1.162644190863307;517
109104;pre1975;INCONCLUSIVE;-1488.0;-3103.9539399453465;82.16587863935753;3982.0;-32.28127101325109;9.490826192825278;;2.3008853364466284;3.3977089807708323;696
468646;1976_1990;INCONCLUSIVE;1117.0;-193.74545917384592;2197.645922604205;1188.0;42.65393592493051;3.637346685238821;;2.8200607131036213;1.9768544729026165;666
1114639;1976_1990;SLOPE_EXCESS;1323.0;222.65623311026806;1432.6717494633192;925.0;63.820596090768355;7.093672669364351;10.0;2.5644789744711276;1.565419144885923;646
671781;pre1975;USES_LESS_THAN_MODELLED;-1438.0;-2825.380744825458;-271.9949247066162;4266.0;-40.91112444675574;0.3002268037394037;;1.5310771033152137;2.591142730302219;464
768113;1976_1990;INCONCLUSIVE;-305.0;-1462.147680162499;620.229114027824;1573.0;-9.626979701440408;0.6606807533930139;;1.9374551072367403;2.1438423777761253;627
122850;2001_2010;INCONCLUSIVE;514.0;-315.90050229104475;550.0496707856931;933.0;32.292085140729085;7.136928772256546;;1.5497575201967413;1.1714665458240734;625
461104;1991_2000;INCONCLUSIVE;11.0;-462.42422981953945;294.14339158759304;388.0;0.4887372987884791;5.123234188949792;;1.7088844634494795;1.700573128278409;478
112810;1991_2000;INCONCLUSIVE;150.0;-783.2910574088837;529.2043818513617;372.0;7.012584142043747;5.40588921164768;;1.6858142898375639;1.575342099579512;550
610891;2001_2010;USES_LESS_THAN_MODELLED;-733.0;-1481.682817197201;-120.9114110706461;3263.0;-23.884916655755017;10.396199231273053;;1.7179773972137764;2.257078783509828;502
858577;1976_1990;INCONCLUSIVE;438.0;-563.4676101717118;1227.3771020108973;1997.0;14.179939608995445;6.333911579643784;;2.5931668862586763;2.271123014374391;582
8399121;2001_2010;INCONCLUSIVE;224.0;-858.6270324828587;1001.0766708479084;3332.0;7.0165175034692355;4.117747739067407;;1.7506586831840703;1.6358770814302734;264
108987;2001_2010;SLOPE_EXCESS;1151.0;454.9287076780208;1754.2710418349156;2780.0;32.86833601138206;4.219458167504286;6.0;2.3839603520334696;1.7942275967309844;512
788488;2001_2010;INCONCLUSIVE;584.0;-545.7569097671079;1117.6521579046819;731.0;13.841102760920522;2.9266291242229876;;2.4618035345327067;2.1624909411697977;241
865116;1976_1990;INCONCLUSIVE;-125.0;-1421.5629249758854;149.7410976897724;2762.0;-3.6195158719199334;8.675796100186718;;2.3742145482558774;2.463376864864865;467
991118;1976_1990;SLOPE_EXCESS;3985.0;3053.0847907909347;4458.942706147421;3141.0;125.9091003241201;12.084354918277189;1.0;5.269822645681555;2.3327181765235427;506
816910;1991_2000;SLOPE_EXCESS;3895.0;3045.175189525892;4694.534763403392;3106.0;104.89045405686709;2.5983612249891705;1.0;3.8976896266622205;1.9023285611834417;476
1001228;2001_2010;SLOPE_EXCESS;864.0;168.89497204321123;1317.6760925017368;499.0;41.297433869212625;4.825693885800387;8.0;2.2331524901321678;1.5804621704589574;229
107461;1976_1990;SLOPE_EXCESS;1263.0;508.76022695464565;1930.6980331624636;950.0;58.004886407162445;4.594438520138003;8.0;2.532440915280739;1.602761137877026;408
106100;1976_1990;INCONCLUSIVE;-367.0;-1168.8206230218177;281.92688744289836;986.0;-14.41469347517301;2.943246083910159;;1.6022022638704643;1.8720529597048179;497
5845834;2001_2010;INCONCLUSIVE;-115.0;-986.7839524525122;126.19893577013627;232.0;-8.496788114293253;6.89245529751046;;0.9086100645328259;0.9929816077579188;457
1111201;pre1975;SLOPE_EXCESS;2841.0;763.8219864888833;3542.443333460026;5314.0;57.83908658271997;13.972661288480003;2.0;5.704626613120421;3.614204020453928;491
8612210;1976_1990;INCONCLUSIVE;1449.0;-31.32221062144953;2243.5856842726066;865.0;56.75059374069603;13.052679595017457;;2.9454805746769086;1.8790873478600385;475
7211010;pre1975;INCONCLUSIVE;-392.0;-1462.7244847752072;429.5156025854547;1735.0;-13.805825322301095;3.720126328664911;;1.8014012738938074;2.0899338970756287;464
1211151;pre1975;USES_LESS_THAN_MODELLED;-979.0;-2479.5984143585993;-278.951976348278;2108.0;-25.9822017850696;10.447955648809035;;1.8847760007730177;2.5463821489259493;462
7771161;pre1975;SLOPE_EXCESS;1986.0;389.5453674864725;3100.851500688457;3399.0;35.24889951687681;11.784821015457137;5.0;5.608233068985315;4.146601627827294;449
5769106;post2010;INCONCLUSIVE;-7.0;-668.51282680819;41.27031043244328;47.0;-0.5471062369380144;6.714825900848777;;0.9157789957313296;0.9208168421052632;452
901187;pre1975;SLOPE_EXCESS;1435.0;144.1687446488949;1725.7581835154815;3043.0;30.197768586055133;5.089315114142708;6.0;4.673532436875146;3.5895641589173177;447
7411491;1991_2000;INCONCLUSIVE;242.0;-190.76101364123133;579.0827804228342;388.0;10.99703218136725;3.459352728695881;;1.7972569176576298;1.619193668818949;444
1071058;post2010;INCONCLUSIVE;188.0;-369.6748199478438;762.6764684250843;264.0;7.383929038001653;6.474185994248528;;2.0187908001440165;1.8799747953249084;444
1091217;2001_2010;INCONCLUSIVE;521.0;-36.508025359262064;941.6462987929359;373.0;38.403650404144564;7.128598835167217;;1.3822438555650418;0.9987047679225445;439
7069411;1991_2000;SLOPE_EXCESS;1273.0;657.1664896949563;1691.201424485853;429.0;54.81664243760334;9.040478474820956;5.0;2.649240108504542;1.7112114478081908;433
679810;1976_1990;INCONCLUSIVE;705.0;-727.1932989512189;998.7988680108184;969.0;28.673538700218053;13.46815175328449;;2.3294223099973372;1.8103351578947364;433
721074;post2010;USES_LESS_THAN_MODELLED;-380.0;-589.93212619455;-210.36678511179636;104.0;-26.262510968583836;2.4994631585370657;;0.7843802211269493;1.0637468558127343;421
712718;1976_1990;USES_LESS_THAN_MODELLED;-325.0;-1047.1834754461483;-121.60077252174396;1133.0;-13.324761028050702;9.24041883611535;;1.5560872281763451;1.7953076872161167;419
7211189;pre1975;INCONCLUSIVE;399.0;-1083.8658864343845;1566.2564442348544;1354.0;12.362267720723192;2.9189252057485873;;2.66632599132001;2.3729727473524944;414
811080;1976_1990;SLOPE_EXCESS;1429.0;226.3357800255421;2515.7492675858643;1635.0;41.85126357773842;14.475879252179931;9.0;3.563194225984522;2.5119227958317007;413
5831058;pre1975;INCONCLUSIVE;1043.0;-319.63170819090925;1676.5052370749215;2388.0;26.530186889841755;0.6627955158158255;;3.65983940682381;2.8924634482758624;399
760117;1976_1990;INCONCLUSIVE;903.0;-170.0515853952931;1714.7202645768803;946.0;36.777731760593554;3.2302478787504247;;2.4696785773777608;1.8056145145764797;406
468980;pre1975;SLOPE_EXCESS;1550.0;69.49962023979073;2244.4853334831455;2633.0;36.197139507070055;8.485340089635208;7.0;4.28990052098704;3.149772848764088;401
103721;2001_2010;INCONCLUSIVE;-181.0;-991.6232242433613;548.1088446911601;463.0;-12.312479598768062;8.512355348701263;;0.9465100065624314;1.0794124434486048;399
821088;1991_2000;SLOPE_EXCESS;556.0;44.87499213657113;799.7207215870257;262.0;35.52085852656965;8.305517864081391;10.0;1.5607620637840678;1.1516766354295722;399
796869;2001_2010;INCONCLUSIVE;-55.0;-461.71946826090726;169.58568625534144;353.0;-2.8134587898785077;4.719157136859864;;1.3957917895563785;1.43619864661982;394
727690;1976_1990;INCONCLUSIVE;477.0;-327.6375290751568;1514.9961749384809;1165.0;21.698509572836148;9.85964568116601;;1.9092125548161212;1.5688052068324336;317
669010;1976_1990;INCONCLUSIVE;2089.0;-300.71801141649837;2838.9612503636627;1677.0;72.37729356848475;0.021815132435226037;;3.6610761491445603;2.123873784855562;386
9889114;pre1975;INCONCLUSIVE;102.0;-1752.3022006468302;1775.5112405957896;2491.0;2.2358040041913365;11.972693455806134;;3.315023974927092;3.2425274170985996;212
7984107;pre1975;INCONCLUSIVE;786.0;-556.0846664603763;1122.101193811341;2478.0;19.362785969569952;3.3907004074498572;;2.481913437666232;2.0793025376426493;237
721077;1976_1990;INCONCLUSIVE;1005.0;-246.60488251298102;1607.1416316619366;1136.0;42.00938222469139;13.503454360549709;;2.499296874475096;1.7599519379083246;378
658466;1976_1990;USES_LESS_THAN_MODELLED;-882.0;-1491.3355040913113;-647.4626301105377;835.0;-47.76016556581125;3.7612363424850472;;0.7112163994542733;1.361444589473684;339
112120;1976_1990;INCONCLUSIVE;51.0;-795.3844678565114;150.24253022939158;1165.0;2.0180483691136115;4.284093116210042;;1.9061389083740141;1.8684330261615802;373
1159664;pre1975;INCONCLUSIVE;-655.0;-2094.9813554931043;701.0052562371903;1942.0;-19.13007392569225;-0.3955966515509715;;2.040297472202219;2.5229372292581065;364
122887;2001_2010;USES_LESS_THAN_MODELLED;-914.0;-1471.9883604692582;-572.8633508511205;456.0;-34.34699900425232;3.862347259243843;;1.2869755142886685;1.9602691343416663;370
706817;2001_2010;INCONCLUSIVE;1293.0;-54.99279436003346;2356.1118955100355;595.0;59.674302791392044;4.437080455678484;;2.546337333992309;1.5947070314244585;365
748773;1976_1990;USES_LESS_THAN_MODELLED;-1084.0;-1828.7840909638996;-924.3269401117525;1133.0;-44.48754028826881;9.289620782886137;;0.9966194565674598;1.7953076872161167;317
100119;1976_1990;INCONCLUSIVE;683.0;-1272.5416784706279;1346.3763237845847;995.0;32.18073818428441;11.094805572561379;;2.0682944582781477;1.5647472443334085;223
